run,seed,generation,best_accuracy_percent,best_fmeasure,tree_size,expression,expression_with_column_names
1,479,1,78.688525,0.000000,3,"(x6 - 6)","(breast - 6)"
1,479,2,79.234973,0.344828,5,"(x8 + (4 - 5))","(irradiat + (4 - 5))"
1,479,3,79.234973,0.344828,5,"(x8 + (4 - 5))","(irradiat + (4 - 5))"
1,479,4,79.234973,0.344828,5,"(x8 + (4 - 5))","(irradiat + (4 - 5))"
1,479,5,79.781421,0.139535,9,"(x8 + ((x7 - 7) + (x5 - x4)))","(irradiat + ((breast_quad - 7) + (degree_of_malignancy - node_caps)))"
1,479,6,80.874317,0.222222,9,"(x8 + ((x5 - 7) + (x5 - x4)))","(irradiat + ((degree_of_malignancy - 7) + (degree_of_malignancy - node_caps)))"
1,479,7,80.874317,0.222222,9,"(x8 + ((x5 - 7) + (x5 - x4)))","(irradiat + ((degree_of_malignancy - 7) + (degree_of_malignancy - node_caps)))"
1,479,8,81.420765,0.291667,11,"(x8 + (x8 + ((x5 - 7) + (x5 - x4))))","(irradiat + (irradiat + ((degree_of_malignancy - 7) + (degree_of_malignancy - node_caps))))"
1,479,9,81.420765,0.291667,9,"((x8 + ((x5 - 7) + x5)) + x8)","((irradiat + ((degree_of_malignancy - 7) + degree_of_malignancy)) + irradiat)"
1,479,10,81.967213,0.326531,11,"((x8 + ((x5 - 7) / (x5 - x4))) + x8)","((irradiat + ((degree_of_malignancy - 7) / (degree_of_malignancy - node_caps))) + irradiat)"
1,479,11,82.513661,0.360000,9,"(x8 + (x4 + ((x5 - 7) + x5)))","(irradiat + (node_caps + ((degree_of_malignancy - 7) + degree_of_malignancy)))"
1,479,12,82.513661,0.360000,9,"(x8 + (x4 + ((x5 - 7) + x5)))","(irradiat + (node_caps + ((degree_of_malignancy - 7) + degree_of_malignancy)))"
1,479,13,82.513661,0.360000,9,"((x4 + ((x5 - 7) + x5)) + x8)","((node_caps + ((degree_of_malignancy - 7) + degree_of_malignancy)) + irradiat)"
1,479,14,82.513661,0.360000,9,"(x8 + (x4 + ((x5 - 7) + x5)))","(irradiat + (node_caps + ((degree_of_malignancy - 7) + degree_of_malignancy)))"
1,479,15,82.513661,0.360000,9,"((x4 + ((x5 - 7) + x5)) + x8)","((node_caps + ((degree_of_malignancy - 7) + degree_of_malignancy)) + irradiat)"
1,479,16,82.513661,0.360000,9,"(x8 + (x4 + ((x5 - 7) + x5)))","(irradiat + (node_caps + ((degree_of_malignancy - 7) + degree_of_malignancy)))"
1,479,17,82.513661,0.360000,9,"((x4 + ((x5 - 7) + x5)) + x8)","((node_caps + ((degree_of_malignancy - 7) + degree_of_malignancy)) + irradiat)"
1,479,18,82.513661,0.360000,9,"((x4 + ((x5 - 7) + x5)) + x8)","((node_caps + ((degree_of_malignancy - 7) + degree_of_malignancy)) + irradiat)"
1,479,19,82.513661,0.360000,9,"(x8 + (x4 + ((x5 - 7) + x5)))","(irradiat + (node_caps + ((degree_of_malignancy - 7) + degree_of_malignancy)))"
1,479,20,82.513661,0.360000,9,"(x8 + (x4 + ((x5 - 7) + x5)))","(irradiat + (node_caps + ((degree_of_malignancy - 7) + degree_of_malignancy)))"
1,479,21,82.513661,0.360000,9,"((x4 + ((x5 - 7) + x5)) + x8)","((node_caps + ((degree_of_malignancy - 7) + degree_of_malignancy)) + irradiat)"
1,479,22,82.513661,0.360000,9,"((x4 + ((x5 - 7) + x5)) + x8)","((node_caps + ((degree_of_malignancy - 7) + degree_of_malignancy)) + irradiat)"
1,479,23,82.513661,0.360000,9,"((x4 + ((x5 - 7) + x5)) + x8)","((node_caps + ((degree_of_malignancy - 7) + degree_of_malignancy)) + irradiat)"
1,479,24,82.513661,0.360000,9,"((x4 + ((x5 - 7) + x5)) + x8)","((node_caps + ((degree_of_malignancy - 7) + degree_of_malignancy)) + irradiat)"
1,479,25,82.513661,0.360000,9,"(x8 + (x4 + ((x5 - 7) + x5)))","(irradiat + (node_caps + ((degree_of_malignancy - 7) + degree_of_malignancy)))"
1,479,26,82.513661,0.360000,9,"((x4 + ((x5 - 7) + x5)) + x8)","((node_caps + ((degree_of_malignancy - 7) + degree_of_malignancy)) + irradiat)"
1,479,27,82.513661,0.360000,9,"((x4 + ((x5 - 7) + x5)) + x8)","((node_caps + ((degree_of_malignancy - 7) + degree_of_malignancy)) + irradiat)"
1,479,28,82.513661,0.360000,9,"((x4 + ((x5 - 7) + x5)) + x8)","((node_caps + ((degree_of_malignancy - 7) + degree_of_malignancy)) + irradiat)"
1,479,29,82.513661,0.360000,9,"((x4 + ((x5 - 7) + x5)) + x8)","((node_caps + ((degree_of_malignancy - 7) + degree_of_malignancy)) + irradiat)"
1,479,30,82.513661,0.360000,9,"(x8 + (x4 + ((x5 - 7) + x5)))","(irradiat + (node_caps + ((degree_of_malignancy - 7) + degree_of_malignancy)))"
1,479,31,82.513661,0.360000,9,"((x4 + ((x5 - 7) + x5)) + x8)","((node_caps + ((degree_of_malignancy - 7) + degree_of_malignancy)) + irradiat)"
1,479,32,82.513661,0.360000,9,"(x8 + (x4 + ((x5 - 7) + x5)))","(irradiat + (node_caps + ((degree_of_malignancy - 7) + degree_of_malignancy)))"
1,479,33,82.513661,0.360000,9,"((x4 + ((x5 - 7) + x5)) + x8)","((node_caps + ((degree_of_malignancy - 7) + degree_of_malignancy)) + irradiat)"
1,479,34,82.513661,0.360000,9,"((x4 + ((x5 - 7) + x5)) + x8)","((node_caps + ((degree_of_malignancy - 7) + degree_of_malignancy)) + irradiat)"
1,479,35,82.513661,0.360000,9,"((x4 + ((x5 - 7) + x5)) + x8)","((node_caps + ((degree_of_malignancy - 7) + degree_of_malignancy)) + irradiat)"
1,479,36,82.513661,0.360000,9,"(x8 + (x4 + ((x5 - 7) + x5)))","(irradiat + (node_caps + ((degree_of_malignancy - 7) + degree_of_malignancy)))"
1,479,37,82.513661,0.360000,9,"(x8 + (x4 + ((x5 - 7) + x5)))","(irradiat + (node_caps + ((degree_of_malignancy - 7) + degree_of_malignancy)))"
1,479,38,82.513661,0.360000,9,"(x8 + (x4 + ((x5 - 7) + x5)))","(irradiat + (node_caps + ((degree_of_malignancy - 7) + degree_of_malignancy)))"
1,479,39,82.513661,0.360000,9,"((x4 + ((x5 - 7) + x5)) + x8)","((node_caps + ((degree_of_malignancy - 7) + degree_of_malignancy)) + irradiat)"
1,479,40,82.513661,0.360000,9,"(x8 + (x4 + ((x5 - 7) + x5)))","(irradiat + (node_caps + ((degree_of_malignancy - 7) + degree_of_malignancy)))"
1,479,41,82.513661,0.360000,9,"(x8 + (x4 + ((x5 - 7) + x5)))","(irradiat + (node_caps + ((degree_of_malignancy - 7) + degree_of_malignancy)))"
1,479,42,82.513661,0.360000,9,"(x8 + (x4 + ((x5 - 7) + x5)))","(irradiat + (node_caps + ((degree_of_malignancy - 7) + degree_of_malignancy)))"
1,479,43,82.513661,0.360000,9,"(x8 + (x4 + ((x5 - 7) + x5)))","(irradiat + (node_caps + ((degree_of_malignancy - 7) + degree_of_malignancy)))"
1,479,44,82.513661,0.360000,9,"(x8 + (x4 + ((x5 - 7) + x5)))","(irradiat + (node_caps + ((degree_of_malignancy - 7) + degree_of_malignancy)))"
1,479,45,82.513661,0.360000,9,"((x4 + ((x5 - 7) + x5)) + x8)","((node_caps + ((degree_of_malignancy - 7) + degree_of_malignancy)) + irradiat)"
1,479,46,82.513661,0.360000,9,"(x8 + (x4 + ((x5 - 7) + x5)))","(irradiat + (node_caps + ((degree_of_malignancy - 7) + degree_of_malignancy)))"
1,479,47,82.513661,0.360000,9,"(x8 + (x4 + ((x5 - 7) + x5)))","(irradiat + (node_caps + ((degree_of_malignancy - 7) + degree_of_malignancy)))"
1,479,48,82.513661,0.360000,9,"(x8 + (x4 + ((x5 - 7) + x5)))","(irradiat + (node_caps + ((degree_of_malignancy - 7) + degree_of_malignancy)))"
1,479,49,82.513661,0.360000,9,"(x8 + (x4 + ((x5 - 7) + x5)))","(irradiat + (node_caps + ((degree_of_malignancy - 7) + degree_of_malignancy)))"
1,479,50,82.513661,0.360000,9,"((x4 + ((x5 - 7) + x5)) + x8)","((node_caps + ((degree_of_malignancy - 7) + degree_of_malignancy)) + irradiat)"
1,479,51,82.513661,0.360000,9,"(x8 + (x4 + ((x5 - 7) + x5)))","(irradiat + (node_caps + ((degree_of_malignancy - 7) + degree_of_malignancy)))"
1,479,52,82.513661,0.360000,9,"((x4 + ((x5 - 7) + x5)) + x8)","((node_caps + ((degree_of_malignancy - 7) + degree_of_malignancy)) + irradiat)"
1,479,53,82.513661,0.360000,9,"(x8 + (x4 + ((x5 - 7) + x5)))","(irradiat + (node_caps + ((degree_of_malignancy - 7) + degree_of_malignancy)))"
1,479,54,82.513661,0.360000,9,"(x8 + (x4 + ((x5 - 7) + x5)))","(irradiat + (node_caps + ((degree_of_malignancy - 7) + degree_of_malignancy)))"
1,479,55,82.513661,0.360000,9,"((x4 + ((x5 - 7) + x5)) + x8)","((node_caps + ((degree_of_malignancy - 7) + degree_of_malignancy)) + irradiat)"
1,479,56,82.513661,0.360000,9,"(x8 + (x4 + ((x5 - 7) + x5)))","(irradiat + (node_caps + ((degree_of_malignancy - 7) + degree_of_malignancy)))"
1,479,57,82.513661,0.360000,9,"((x4 + ((x5 - 7) + x5)) + x8)","((node_caps + ((degree_of_malignancy - 7) + degree_of_malignancy)) + irradiat)"
1,479,58,82.513661,0.360000,9,"((x4 + ((x5 - 7) + x5)) + x8)","((node_caps + ((degree_of_malignancy - 7) + degree_of_malignancy)) + irradiat)"
1,479,59,82.513661,0.360000,9,"((x5 - 7) + (x4 + (x8 + x5)))","((degree_of_malignancy - 7) + (node_caps + (irradiat + degree_of_malignancy)))"
1,479,60,82.513661,0.360000,9,"(x8 + (x4 + ((x5 - 7) + x5)))","(irradiat + (node_caps + ((degree_of_malignancy - 7) + degree_of_malignancy)))"
1,479,61,82.513661,0.360000,9,"(x8 + (x4 + ((x5 - 7) + x5)))","(irradiat + (node_caps + ((degree_of_malignancy - 7) + degree_of_malignancy)))"
1,479,62,82.513661,0.360000,9,"(x8 + (x4 + ((x5 - 7) + x5)))","(irradiat + (node_caps + ((degree_of_malignancy - 7) + degree_of_malignancy)))"
1,479,63,82.513661,0.360000,9,"(x8 + (x4 + ((x5 - 7) + x5)))","(irradiat + (node_caps + ((degree_of_malignancy - 7) + degree_of_malignancy)))"
1,479,64,82.513661,0.360000,9,"(x8 + (x4 + ((x5 - 7) + x5)))","(irradiat + (node_caps + ((degree_of_malignancy - 7) + degree_of_malignancy)))"
1,479,65,82.513661,0.360000,9,"(x8 + (x4 + ((x5 - 7) + x5)))","(irradiat + (node_caps + ((degree_of_malignancy - 7) + degree_of_malignancy)))"
1,479,66,82.513661,0.360000,9,"(x8 + (x4 + ((x5 - 7) + x5)))","(irradiat + (node_caps + ((degree_of_malignancy - 7) + degree_of_malignancy)))"
1,479,67,82.513661,0.360000,9,"(x8 + (x4 + ((x5 - 7) + x5)))","(irradiat + (node_caps + ((degree_of_malignancy - 7) + degree_of_malignancy)))"
1,479,68,82.513661,0.360000,9,"(x8 + (x4 + ((x5 - 7) + x5)))","(irradiat + (node_caps + ((degree_of_malignancy - 7) + degree_of_malignancy)))"
1,479,69,82.513661,0.360000,9,"(x8 + (x4 + ((x5 - 7) + x5)))","(irradiat + (node_caps + ((degree_of_malignancy - 7) + degree_of_malignancy)))"
1,479,70,82.513661,0.360000,9,"((x4 + ((x5 - 7) + x5)) + x8)","((node_caps + ((degree_of_malignancy - 7) + degree_of_malignancy)) + irradiat)"
1,479,71,82.513661,0.360000,9,"(x8 + (x4 + ((x5 - 7) + x5)))","(irradiat + (node_caps + ((degree_of_malignancy - 7) + degree_of_malignancy)))"
1,479,72,82.513661,0.360000,9,"((x4 + ((x5 - 7) + x5)) + x8)","((node_caps + ((degree_of_malignancy - 7) + degree_of_malignancy)) + irradiat)"
1,479,73,82.513661,0.360000,9,"(x8 + (x4 + ((x5 - 7) + x5)))","(irradiat + (node_caps + ((degree_of_malignancy - 7) + degree_of_malignancy)))"
1,479,74,82.513661,0.360000,9,"((x4 + ((x5 - 7) + x5)) + x8)","((node_caps + ((degree_of_malignancy - 7) + degree_of_malignancy)) + irradiat)"
1,479,75,82.513661,0.360000,9,"(x8 + (x4 + ((x5 - 7) + x5)))","(irradiat + (node_caps + ((degree_of_malignancy - 7) + degree_of_malignancy)))"
1,479,76,82.513661,0.360000,9,"((x4 + ((x5 - 7) + x5)) + x8)","((node_caps + ((degree_of_malignancy - 7) + degree_of_malignancy)) + irradiat)"
1,479,77,82.513661,0.360000,9,"((x4 + ((x5 - 7) + x5)) + x8)","((node_caps + ((degree_of_malignancy - 7) + degree_of_malignancy)) + irradiat)"
1,479,78,82.513661,0.360000,9,"((x4 + ((x5 - 7) + x5)) + x8)","((node_caps + ((degree_of_malignancy - 7) + degree_of_malignancy)) + irradiat)"
1,479,79,82.513661,0.360000,9,"(x8 + (x4 + ((x5 - 7) + x5)))","(irradiat + (node_caps + ((degree_of_malignancy - 7) + degree_of_malignancy)))"
1,479,80,82.513661,0.360000,9,"((x4 + ((x5 - 7) + x5)) + x8)","((node_caps + ((degree_of_malignancy - 7) + degree_of_malignancy)) + irradiat)"
1,479,81,82.513661,0.360000,9,"((x4 + ((x5 - 7) + x5)) + x8)","((node_caps + ((degree_of_malignancy - 7) + degree_of_malignancy)) + irradiat)"
1,479,82,82.513661,0.360000,9,"((x4 + ((x5 - 7) + x5)) + x8)","((node_caps + ((degree_of_malignancy - 7) + degree_of_malignancy)) + irradiat)"
1,479,83,82.513661,0.360000,9,"((x4 + ((x5 - 7) + x5)) + x8)","((node_caps + ((degree_of_malignancy - 7) + degree_of_malignancy)) + irradiat)"
1,479,84,82.513661,0.360000,9,"(x8 + (x4 + ((x5 - 7) + x5)))","(irradiat + (node_caps + ((degree_of_malignancy - 7) + degree_of_malignancy)))"
1,479,85,82.513661,0.360000,9,"((x4 + ((x5 - 7) + x5)) + x8)","((node_caps + ((degree_of_malignancy - 7) + degree_of_malignancy)) + irradiat)"
1,479,86,82.513661,0.360000,9,"((x4 + ((x5 - 7) + x5)) + x8)","((node_caps + ((degree_of_malignancy - 7) + degree_of_malignancy)) + irradiat)"
1,479,87,82.513661,0.360000,9,"((x4 + ((x5 - 7) + x5)) + x8)","((node_caps + ((degree_of_malignancy - 7) + degree_of_malignancy)) + irradiat)"
1,479,88,82.513661,0.360000,9,"((x4 + ((x5 - 7) + x5)) + x8)","((node_caps + ((degree_of_malignancy - 7) + degree_of_malignancy)) + irradiat)"
1,479,89,82.513661,0.360000,9,"(x8 + (x4 + ((x5 - 7) + x5)))","(irradiat + (node_caps + ((degree_of_malignancy - 7) + degree_of_malignancy)))"
1,479,90,82.513661,0.360000,9,"((x4 + ((x5 - 7) + x5)) + x8)","((node_caps + ((degree_of_malignancy - 7) + degree_of_malignancy)) + irradiat)"
1,479,91,82.513661,0.360000,9,"((x4 + ((x5 - 7) + x5)) + x8)","((node_caps + ((degree_of_malignancy - 7) + degree_of_malignancy)) + irradiat)"
1,479,92,82.513661,0.360000,9,"((x4 + ((x5 - 7) + x5)) + x8)","((node_caps + ((degree_of_malignancy - 7) + degree_of_malignancy)) + irradiat)"
1,479,93,82.513661,0.360000,9,"((x4 + ((x5 - 7) + x5)) + x8)","((node_caps + ((degree_of_malignancy - 7) + degree_of_malignancy)) + irradiat)"
1,479,94,82.513661,0.360000,9,"((x4 + ((x5 - 7) + x5)) + x8)","((node_caps + ((degree_of_malignancy - 7) + degree_of_malignancy)) + irradiat)"
1,479,95,82.513661,0.360000,9,"((x4 + ((x5 - 7) + x5)) + x8)","((node_caps + ((degree_of_malignancy - 7) + degree_of_malignancy)) + irradiat)"
1,479,96,82.513661,0.360000,9,"((x4 + ((x5 - 7) + x5)) + x8)","((node_caps + ((degree_of_malignancy - 7) + degree_of_malignancy)) + irradiat)"
1,479,97,82.513661,0.360000,9,"((x4 + ((x5 - 7) + x5)) + x8)","((node_caps + ((degree_of_malignancy - 7) + degree_of_malignancy)) + irradiat)"
1,479,98,82.513661,0.360000,9,"((x4 + ((x5 - 7) + x5)) + x8)","((node_caps + ((degree_of_malignancy - 7) + degree_of_malignancy)) + irradiat)"
1,479,99,82.513661,0.360000,9,"((x4 + ((x5 - 7) + x5)) + x8)","((node_caps + ((degree_of_malignancy - 7) + degree_of_malignancy)) + irradiat)"
1,479,100,82.513661,0.360000,9,"((x4 + ((x5 - 7) + x5)) + x8)","((node_caps + ((degree_of_malignancy - 7) + degree_of_malignancy)) + irradiat)"
2,480,1,79.234973,0.344828,3,"(x8 - 1)","(irradiat - 1)"
2,480,2,79.234973,0.344828,3,"(x8 - 1)","(irradiat - 1)"
2,480,3,80.874317,0.406780,9,"(((x8 / x1) * x5) - (2 + 1))","(((irradiat / menopause) * degree_of_malignancy) - (2 + 1))"
2,480,4,80.874317,0.406780,9,"(((x8 / x1) * x5) - (2 + 1))","(((irradiat / menopause) * degree_of_malignancy) - (2 + 1))"
2,480,5,81.420765,0.291667,7,"((x8 * x5) - (2 + 1))","((irradiat * degree_of_malignancy) - (2 + 1))"
2,480,6,81.420765,0.291667,7,"((x8 * x5) - (2 + 1))","((irradiat * degree_of_malignancy) - (2 + 1))"
2,480,7,81.420765,0.291667,7,"((x8 * x5) - (2 + 1))","((irradiat * degree_of_malignancy) - (2 + 1))"
2,480,8,81.420765,0.291667,7,"((x8 * x5) - (2 + 1))","((irradiat * degree_of_malignancy) - (2 + 1))"
2,480,9,81.420765,0.291667,7,"((x8 * x5) - (2 + 1))","((irradiat * degree_of_malignancy) - (2 + 1))"
2,480,10,81.420765,0.291667,7,"((x8 * x5) - (2 + 1))","((irradiat * degree_of_malignancy) - (2 + 1))"
2,480,11,81.420765,0.291667,7,"((x8 * x5) - (2 + x8))","((irradiat * degree_of_malignancy) - (2 + irradiat))"
2,480,12,81.420765,0.291667,7,"((x8 * x5) - (2 + 1))","((irradiat * degree_of_malignancy) - (2 + 1))"
2,480,13,81.420765,0.291667,7,"((x8 * x5) - (2 + x8))","((irradiat * degree_of_malignancy) - (2 + irradiat))"
2,480,14,81.420765,0.291667,7,"((x8 * x5) - (2 + 1))","((irradiat * degree_of_malignancy) - (2 + 1))"
2,480,15,81.420765,0.291667,7,"((x8 * x5) - (2 + 1))","((irradiat * degree_of_malignancy) - (2 + 1))"
2,480,16,81.420765,0.291667,7,"((x8 * x5) - (2 + 1))","((irradiat * degree_of_malignancy) - (2 + 1))"
2,480,17,81.420765,0.291667,7,"((x8 * x5) - (2 + 1))","((irradiat * degree_of_malignancy) - (2 + 1))"
2,480,18,81.420765,0.291667,7,"((x8 * x5) - (2 + 1))","((irradiat * degree_of_malignancy) - (2 + 1))"
2,480,19,81.420765,0.291667,7,"((x8 * x5) - (2 + 1))","((irradiat * degree_of_malignancy) - (2 + 1))"
2,480,20,81.420765,0.291667,7,"((x8 * x5) - (2 + x8))","((irradiat * degree_of_malignancy) - (2 + irradiat))"
2,480,21,81.420765,0.291667,7,"((x8 * x5) - (2 + x8))","((irradiat * degree_of_malignancy) - (2 + irradiat))"
2,480,22,81.420765,0.291667,7,"((x8 * x5) - (2 + x8))","((irradiat * degree_of_malignancy) - (2 + irradiat))"
2,480,23,81.420765,0.291667,7,"((x8 * x5) - (2 + x8))","((irradiat * degree_of_malignancy) - (2 + irradiat))"
2,480,24,81.420765,0.291667,7,"((x8 * x5) - (2 + x8))","((irradiat * degree_of_malignancy) - (2 + irradiat))"
2,480,25,81.420765,0.291667,7,"((x8 * x5) - (2 + x8))","((irradiat * degree_of_malignancy) - (2 + irradiat))"
2,480,26,81.420765,0.291667,7,"((x8 * x5) - (2 + x8))","((irradiat * degree_of_malignancy) - (2 + irradiat))"
2,480,27,81.420765,0.291667,7,"((x8 * x5) - (2 + x8))","((irradiat * degree_of_malignancy) - (2 + irradiat))"
2,480,28,81.420765,0.291667,7,"((x8 * x5) - (2 + x8))","((irradiat * degree_of_malignancy) - (2 + irradiat))"
2,480,29,81.420765,0.291667,7,"((x8 * x5) - (2 + x8))","((irradiat * degree_of_malignancy) - (2 + irradiat))"
2,480,30,81.420765,0.291667,7,"((x8 * x5) - (2 + x8))","((irradiat * degree_of_malignancy) - (2 + irradiat))"
2,480,31,81.420765,0.291667,7,"((x8 * x5) - (2 + x8))","((irradiat * degree_of_malignancy) - (2 + irradiat))"
2,480,32,81.420765,0.291667,7,"((x8 * x5) - (2 + x8))","((irradiat * degree_of_malignancy) - (2 + irradiat))"
2,480,33,81.420765,0.291667,7,"((x8 * x5) - (2 + x8))","((irradiat * degree_of_malignancy) - (2 + irradiat))"
2,480,34,81.420765,0.291667,7,"((x8 * x5) - (2 + x8))","((irradiat * degree_of_malignancy) - (2 + irradiat))"
2,480,35,81.420765,0.291667,7,"((x8 * x5) - (2 + 1))","((irradiat * degree_of_malignancy) - (2 + 1))"
2,480,36,81.420765,0.291667,7,"((x8 * x5) - (2 + x8))","((irradiat * degree_of_malignancy) - (2 + irradiat))"
2,480,37,81.420765,0.291667,7,"((x8 * x5) - (2 + 1))","((irradiat * degree_of_malignancy) - (2 + 1))"
2,480,38,81.420765,0.291667,7,"((x8 * x5) - (2 + x8))","((irradiat * degree_of_malignancy) - (2 + irradiat))"
2,480,39,81.420765,0.291667,7,"((x8 * x5) - (2 + x8))","((irradiat * degree_of_malignancy) - (2 + irradiat))"
2,480,40,81.420765,0.291667,7,"((x8 * x5) - (2 + x8))","((irradiat * degree_of_malignancy) - (2 + irradiat))"
2,480,41,81.420765,0.291667,7,"((x8 * x5) - (2 + x8))","((irradiat * degree_of_malignancy) - (2 + irradiat))"
2,480,42,81.420765,0.291667,7,"((x8 * x5) - (2 + x8))","((irradiat * degree_of_malignancy) - (2 + irradiat))"
2,480,43,81.420765,0.291667,7,"((x8 * x5) - (2 + x8))","((irradiat * degree_of_malignancy) - (2 + irradiat))"
2,480,44,81.420765,0.291667,7,"((x8 * x5) - (2 + x8))","((irradiat * degree_of_malignancy) - (2 + irradiat))"
2,480,45,81.420765,0.291667,7,"((x8 * x5) - (2 + x8))","((irradiat * degree_of_malignancy) - (2 + irradiat))"
2,480,46,81.420765,0.291667,7,"((x8 * x5) - (2 + x8))","((irradiat * degree_of_malignancy) - (2 + irradiat))"
2,480,47,81.420765,0.291667,7,"((x8 * x5) - (2 + x8))","((irradiat * degree_of_malignancy) - (2 + irradiat))"
2,480,48,81.420765,0.291667,7,"((x8 * x5) - (2 + x8))","((irradiat * degree_of_malignancy) - (2 + irradiat))"
2,480,49,81.420765,0.291667,7,"((x8 * x5) - (2 + x8))","((irradiat * degree_of_malignancy) - (2 + irradiat))"
2,480,50,81.420765,0.291667,7,"((x8 * x5) - (2 + x8))","((irradiat * degree_of_malignancy) - (2 + irradiat))"
2,480,51,81.420765,0.291667,7,"((x8 * x5) - (2 + x8))","((irradiat * degree_of_malignancy) - (2 + irradiat))"
2,480,52,81.420765,0.291667,7,"((x8 * x5) - (2 + x8))","((irradiat * degree_of_malignancy) - (2 + irradiat))"
2,480,53,81.420765,0.291667,7,"((x8 * x5) - (2 + x8))","((irradiat * degree_of_malignancy) - (2 + irradiat))"
2,480,54,81.420765,0.291667,7,"((x8 * x5) - (2 + x8))","((irradiat * degree_of_malignancy) - (2 + irradiat))"
2,480,55,81.420765,0.291667,7,"((x8 * x5) - (2 + x8))","((irradiat * degree_of_malignancy) - (2 + irradiat))"
2,480,56,81.420765,0.291667,7,"((x8 * x5) - (2 + x8))","((irradiat * degree_of_malignancy) - (2 + irradiat))"
2,480,57,81.420765,0.291667,7,"((x8 * x5) - (2 + x8))","((irradiat * degree_of_malignancy) - (2 + irradiat))"
2,480,58,81.420765,0.291667,7,"((x8 * x5) - (2 + x8))","((irradiat * degree_of_malignancy) - (2 + irradiat))"
2,480,59,81.420765,0.291667,7,"((x8 * x5) - (2 + x8))","((irradiat * degree_of_malignancy) - (2 + irradiat))"
2,480,60,81.420765,0.291667,7,"((x8 * x5) - (2 + x8))","((irradiat * degree_of_malignancy) - (2 + irradiat))"
2,480,61,81.420765,0.291667,7,"((x8 * x5) - (2 + x8))","((irradiat * degree_of_malignancy) - (2 + irradiat))"
2,480,62,81.420765,0.291667,7,"((x8 * x5) - (2 + x8))","((irradiat * degree_of_malignancy) - (2 + irradiat))"
2,480,63,81.420765,0.291667,7,"((x8 * x5) - (2 + x8))","((irradiat * degree_of_malignancy) - (2 + irradiat))"
2,480,64,81.420765,0.291667,7,"((x8 * x5) - (2 + x8))","((irradiat * degree_of_malignancy) - (2 + irradiat))"
2,480,65,81.420765,0.291667,7,"((x8 * x5) - (2 + x8))","((irradiat * degree_of_malignancy) - (2 + irradiat))"
2,480,66,81.420765,0.291667,7,"((x8 * x5) - (2 + x8))","((irradiat * degree_of_malignancy) - (2 + irradiat))"
2,480,67,81.420765,0.291667,7,"((x8 * x5) - (2 + x8))","((irradiat * degree_of_malignancy) - (2 + irradiat))"
2,480,68,81.420765,0.291667,7,"((x8 * x5) - (2 + x8))","((irradiat * degree_of_malignancy) - (2 + irradiat))"
2,480,69,81.420765,0.291667,7,"((x8 * x5) - (2 + x8))","((irradiat * degree_of_malignancy) - (2 + irradiat))"
2,480,70,81.420765,0.291667,7,"((x8 * x5) - (2 + x8))","((irradiat * degree_of_malignancy) - (2 + irradiat))"
2,480,71,81.420765,0.291667,7,"((x8 * x5) - (2 + x8))","((irradiat * degree_of_malignancy) - (2 + irradiat))"
2,480,72,81.420765,0.291667,7,"((x8 * x5) - (2 + x8))","((irradiat * degree_of_malignancy) - (2 + irradiat))"
2,480,73,81.420765,0.291667,7,"((x8 * x5) - (2 + x8))","((irradiat * degree_of_malignancy) - (2 + irradiat))"
2,480,74,81.420765,0.291667,7,"((x8 * x5) - (2 + x8))","((irradiat * degree_of_malignancy) - (2 + irradiat))"
2,480,75,81.420765,0.291667,7,"((x8 * x5) - (2 + x8))","((irradiat * degree_of_malignancy) - (2 + irradiat))"
2,480,76,81.420765,0.291667,7,"((x8 * x5) - (2 + x8))","((irradiat * degree_of_malignancy) - (2 + irradiat))"
2,480,77,81.420765,0.291667,7,"((x8 * x5) - (2 + x8))","((irradiat * degree_of_malignancy) - (2 + irradiat))"
2,480,78,81.420765,0.291667,7,"((x8 * x5) - (2 + x8))","((irradiat * degree_of_malignancy) - (2 + irradiat))"
2,480,79,81.420765,0.291667,7,"((x8 * x5) - (2 + x8))","((irradiat * degree_of_malignancy) - (2 + irradiat))"
2,480,80,81.420765,0.291667,7,"((x8 * x5) - (2 + x8))","((irradiat * degree_of_malignancy) - (2 + irradiat))"
2,480,81,81.420765,0.291667,7,"((x8 * x5) - (2 + x8))","((irradiat * degree_of_malignancy) - (2 + irradiat))"
2,480,82,81.420765,0.291667,7,"((x8 * x5) - (2 + x8))","((irradiat * degree_of_malignancy) - (2 + irradiat))"
2,480,83,81.420765,0.291667,7,"((x8 * x5) - (2 + x8))","((irradiat * degree_of_malignancy) - (2 + irradiat))"
2,480,84,81.420765,0.291667,7,"((x8 * x5) - (2 + x8))","((irradiat * degree_of_malignancy) - (2 + irradiat))"
2,480,85,81.420765,0.291667,7,"((x8 * x5) - (2 + x8))","((irradiat * degree_of_malignancy) - (2 + irradiat))"
2,480,86,81.420765,0.291667,7,"((x8 * x5) - (2 + x8))","((irradiat * degree_of_malignancy) - (2 + irradiat))"
2,480,87,81.420765,0.291667,7,"((x8 * x5) - (2 + x8))","((irradiat * degree_of_malignancy) - (2 + irradiat))"
2,480,88,81.420765,0.291667,7,"((x8 * x5) - (2 + x8))","((irradiat * degree_of_malignancy) - (2 + irradiat))"
2,480,89,81.420765,0.291667,7,"((x8 * x5) - (2 + x8))","((irradiat * degree_of_malignancy) - (2 + irradiat))"
2,480,90,81.420765,0.291667,7,"((x8 * x5) - (2 + x8))","((irradiat * degree_of_malignancy) - (2 + irradiat))"
2,480,91,81.420765,0.291667,7,"((x8 * x5) - (2 + x8))","((irradiat * degree_of_malignancy) - (2 + irradiat))"
2,480,92,81.420765,0.291667,7,"((x8 * x5) - (2 + x8))","((irradiat * degree_of_malignancy) - (2 + irradiat))"
2,480,93,81.420765,0.291667,7,"((x8 * x5) - (2 + x8))","((irradiat * degree_of_malignancy) - (2 + irradiat))"
2,480,94,81.420765,0.291667,7,"((x8 * x5) - (2 + x8))","((irradiat * degree_of_malignancy) - (2 + irradiat))"
2,480,95,81.420765,0.291667,7,"((x8 * x5) - (2 + x8))","((irradiat * degree_of_malignancy) - (2 + irradiat))"
2,480,96,81.420765,0.291667,7,"((x8 * x5) - (2 + x8))","((irradiat * degree_of_malignancy) - (2 + irradiat))"
2,480,97,81.420765,0.291667,7,"((x8 * x5) - (2 + x8))","((irradiat * degree_of_malignancy) - (2 + irradiat))"
2,480,98,81.420765,0.291667,7,"((x8 * x5) - (2 + x8))","((irradiat * degree_of_malignancy) - (2 + irradiat))"
2,480,99,81.420765,0.291667,7,"((x8 * x5) - (2 + x8))","((irradiat * degree_of_malignancy) - (2 + irradiat))"
2,480,100,81.420765,0.291667,7,"((x8 * x5) - (2 + x8))","((irradiat * degree_of_malignancy) - (2 + irradiat))"
3,481,1,79.234973,0.136364,7,"((x3 + x3) - (3 * x5))","((inv_nodes + inv_nodes) - (3 * degree_of_malignancy))"
3,481,2,79.781421,0.097561,9,"(((x7 + x8) + x8) + (0 - 5))","(((breast_quad + irradiat) + irradiat) + (0 - 5))"
3,481,3,79.234973,0.344828,9,"(((4 + x8) + x8) + (0 - 5))","(((4 + irradiat) + irradiat) + (0 - 5))"
3,481,4,79.781421,0.097561,7,"((x3 * x3) - (5 * x5))","((inv_nodes * inv_nodes) - (5 * degree_of_malignancy))"
3,481,5,79.781421,0.097561,7,"((x3 * 3) - (5 * x5))","((inv_nodes * 3) - (5 * degree_of_malignancy))"
3,481,6,79.781421,0.097561,7,"((x3 * 3) - (5 * x5))","((inv_nodes * 3) - (5 * degree_of_malignancy))"
3,481,7,80.874317,0.255319,9,"((x3 * ((3 * x5) / x3)) - 8)","((inv_nodes * ((3 * degree_of_malignancy) / inv_nodes)) - 8)"
3,481,8,80.874317,0.255319,9,"((x3 * ((3 * x5) / x3)) - 8)","((inv_nodes * ((3 * degree_of_malignancy) / inv_nodes)) - 8)"
3,481,9,80.874317,0.255319,9,"((x3 * ((3 * x5) / x3)) - 8)","((inv_nodes * ((3 * degree_of_malignancy) / inv_nodes)) - 8)"
3,481,10,80.874317,0.255319,9,"((x3 * ((3 * x5) / x3)) - 8)","((inv_nodes * ((3 * degree_of_malignancy) / inv_nodes)) - 8)"
3,481,11,80.874317,0.255319,9,"((x3 * ((3 * x5) / x3)) - 8)","((inv_nodes * ((3 * degree_of_malignancy) / inv_nodes)) - 8)"
3,481,12,80.874317,0.285714,11,"((x8 * ((3 * x5) / x3)) - (x5 * x5))","((irradiat * ((3 * degree_of_malignancy) / inv_nodes)) - (degree_of_malignancy * degree_of_malignancy))"
3,481,13,81.420765,0.291667,5,"((x8 * x5) - 3)","((irradiat * degree_of_malignancy) - 3)"
3,481,14,81.420765,0.291667,5,"((x8 * x5) - 3)","((irradiat * degree_of_malignancy) - 3)"
3,481,15,81.420765,0.291667,5,"((x8 * x5) - 3)","((irradiat * degree_of_malignancy) - 3)"
3,481,16,81.420765,0.291667,5,"((x8 * x5) - 3)","((irradiat * degree_of_malignancy) - 3)"
3,481,17,81.420765,0.291667,5,"((x8 * x5) - 3)","((irradiat * degree_of_malignancy) - 3)"
3,481,18,81.420765,0.291667,5,"((x8 * x5) - 3)","((irradiat * degree_of_malignancy) - 3)"
3,481,19,81.420765,0.291667,5,"((x8 * x5) - 3)","((irradiat * degree_of_malignancy) - 3)"
3,481,20,81.420765,0.291667,5,"((x8 * x5) - 3)","((irradiat * degree_of_malignancy) - 3)"
3,481,21,81.420765,0.291667,5,"((x8 * x5) - 3)","((irradiat * degree_of_malignancy) - 3)"
3,481,22,81.420765,0.291667,5,"((x8 * x5) - 3)","((irradiat * degree_of_malignancy) - 3)"
3,481,23,81.420765,0.291667,5,"((x8 * x5) - 3)","((irradiat * degree_of_malignancy) - 3)"
3,481,24,81.420765,0.291667,5,"((x8 * x5) - 3)","((irradiat * degree_of_malignancy) - 3)"
3,481,25,81.420765,0.291667,5,"((x8 * x5) - 3)","((irradiat * degree_of_malignancy) - 3)"
3,481,26,81.420765,0.291667,5,"((x8 * x5) - 3)","((irradiat * degree_of_malignancy) - 3)"
3,481,27,81.420765,0.291667,5,"((x8 * x5) - 3)","((irradiat * degree_of_malignancy) - 3)"
3,481,28,81.420765,0.291667,5,"((x8 * x5) - 3)","((irradiat * degree_of_malignancy) - 3)"
3,481,29,81.420765,0.291667,5,"((x8 * x5) - 3)","((irradiat * degree_of_malignancy) - 3)"
3,481,30,81.420765,0.291667,5,"((x8 * x5) - 3)","((irradiat * degree_of_malignancy) - 3)"
3,481,31,81.420765,0.291667,5,"((x8 * x5) - 3)","((irradiat * degree_of_malignancy) - 3)"
3,481,32,81.420765,0.291667,5,"((x8 * x5) - 3)","((irradiat * degree_of_malignancy) - 3)"
3,481,33,81.420765,0.291667,5,"((x8 * x5) - 3)","((irradiat * degree_of_malignancy) - 3)"
3,481,34,81.420765,0.291667,5,"((x8 * x5) - 3)","((irradiat * degree_of_malignancy) - 3)"
3,481,35,81.420765,0.291667,5,"((x8 * x5) - 3)","((irradiat * degree_of_malignancy) - 3)"
3,481,36,81.420765,0.291667,5,"((x8 * x5) - 3)","((irradiat * degree_of_malignancy) - 3)"
3,481,37,81.420765,0.291667,5,"((x8 * x5) - 3)","((irradiat * degree_of_malignancy) - 3)"
3,481,38,81.420765,0.291667,5,"((x8 * x5) - 3)","((irradiat * degree_of_malignancy) - 3)"
3,481,39,81.420765,0.291667,5,"((x8 * x5) - 3)","((irradiat * degree_of_malignancy) - 3)"
3,481,40,81.420765,0.291667,5,"((x8 * x5) - 3)","((irradiat * degree_of_malignancy) - 3)"
3,481,41,81.420765,0.291667,5,"((x8 * x5) - 3)","((irradiat * degree_of_malignancy) - 3)"
3,481,42,81.420765,0.291667,5,"((x8 * x5) - 3)","((irradiat * degree_of_malignancy) - 3)"
3,481,43,81.420765,0.291667,5,"((x8 * x5) - 3)","((irradiat * degree_of_malignancy) - 3)"
3,481,44,81.420765,0.291667,5,"((x8 * x5) - 3)","((irradiat * degree_of_malignancy) - 3)"
3,481,45,81.420765,0.291667,5,"((x8 * x5) - 3)","((irradiat * degree_of_malignancy) - 3)"
3,481,46,81.420765,0.291667,5,"((x8 * x5) - 3)","((irradiat * degree_of_malignancy) - 3)"
3,481,47,81.420765,0.291667,5,"((x8 * x5) - 3)","((irradiat * degree_of_malignancy) - 3)"
3,481,48,81.420765,0.291667,5,"((x8 * x5) - 3)","((irradiat * degree_of_malignancy) - 3)"
3,481,49,81.420765,0.291667,5,"((x8 * x5) - 3)","((irradiat * degree_of_malignancy) - 3)"
3,481,50,81.420765,0.291667,5,"((x8 * x5) - 3)","((irradiat * degree_of_malignancy) - 3)"
3,481,51,81.420765,0.291667,5,"((x8 * x5) - 3)","((irradiat * degree_of_malignancy) - 3)"
3,481,52,81.420765,0.291667,5,"((x8 * x5) - 3)","((irradiat * degree_of_malignancy) - 3)"
3,481,53,81.420765,0.291667,5,"((x8 * x5) - 3)","((irradiat * degree_of_malignancy) - 3)"
3,481,54,81.420765,0.291667,5,"((x8 * x5) - 3)","((irradiat * degree_of_malignancy) - 3)"
3,481,55,81.420765,0.291667,5,"((x8 * x5) - 3)","((irradiat * degree_of_malignancy) - 3)"
3,481,56,81.420765,0.291667,5,"((x8 * x5) - 3)","((irradiat * degree_of_malignancy) - 3)"
3,481,57,81.420765,0.291667,5,"((x8 * x5) - 3)","((irradiat * degree_of_malignancy) - 3)"
3,481,58,81.420765,0.291667,5,"((x8 * x5) - 3)","((irradiat * degree_of_malignancy) - 3)"
3,481,59,81.420765,0.291667,5,"((x8 * x5) - 3)","((irradiat * degree_of_malignancy) - 3)"
3,481,60,81.420765,0.291667,5,"((x8 * x5) - 3)","((irradiat * degree_of_malignancy) - 3)"
3,481,61,81.420765,0.291667,5,"((x8 * x5) - 3)","((irradiat * degree_of_malignancy) - 3)"
3,481,62,81.420765,0.291667,5,"((x8 * x5) - 3)","((irradiat * degree_of_malignancy) - 3)"
3,481,63,81.420765,0.291667,5,"((x8 * x5) - 3)","((irradiat * degree_of_malignancy) - 3)"
3,481,64,81.420765,0.291667,5,"((x8 * x5) - 3)","((irradiat * degree_of_malignancy) - 3)"
3,481,65,81.420765,0.291667,5,"((x8 * x5) - 3)","((irradiat * degree_of_malignancy) - 3)"
3,481,66,81.420765,0.291667,5,"((x8 * x5) - 3)","((irradiat * degree_of_malignancy) - 3)"
3,481,67,81.420765,0.291667,5,"((x8 * x5) - 3)","((irradiat * degree_of_malignancy) - 3)"
3,481,68,81.420765,0.291667,5,"((x8 * x5) - 3)","((irradiat * degree_of_malignancy) - 3)"
3,481,69,81.420765,0.291667,5,"((x8 * x5) - 3)","((irradiat * degree_of_malignancy) - 3)"
3,481,70,81.420765,0.291667,5,"((x8 * x5) - 3)","((irradiat * degree_of_malignancy) - 3)"
3,481,71,81.420765,0.291667,5,"((x8 * x5) - 3)","((irradiat * degree_of_malignancy) - 3)"
3,481,72,81.420765,0.291667,5,"((x8 * x5) - 3)","((irradiat * degree_of_malignancy) - 3)"
3,481,73,81.420765,0.291667,5,"((x8 * x5) - 3)","((irradiat * degree_of_malignancy) - 3)"
3,481,74,81.420765,0.291667,5,"((x8 * x5) - 3)","((irradiat * degree_of_malignancy) - 3)"
3,481,75,81.420765,0.291667,5,"((x8 * x5) - 3)","((irradiat * degree_of_malignancy) - 3)"
3,481,76,81.420765,0.291667,5,"((x8 * x5) - 3)","((irradiat * degree_of_malignancy) - 3)"
3,481,77,81.420765,0.291667,5,"((x8 * x5) - 3)","((irradiat * degree_of_malignancy) - 3)"
3,481,78,81.420765,0.291667,5,"((x8 * x5) - 3)","((irradiat * degree_of_malignancy) - 3)"
3,481,79,81.420765,0.291667,5,"((x8 * x5) - 3)","((irradiat * degree_of_malignancy) - 3)"
3,481,80,81.420765,0.291667,5,"((x8 * x5) - 3)","((irradiat * degree_of_malignancy) - 3)"
3,481,81,81.420765,0.291667,5,"((x8 * x5) - 3)","((irradiat * degree_of_malignancy) - 3)"
3,481,82,81.420765,0.291667,5,"((x8 * x5) - 3)","((irradiat * degree_of_malignancy) - 3)"
3,481,83,81.420765,0.291667,5,"((x8 * x5) - 3)","((irradiat * degree_of_malignancy) - 3)"
3,481,84,81.420765,0.291667,5,"((x8 * x5) - 3)","((irradiat * degree_of_malignancy) - 3)"
3,481,85,81.420765,0.291667,5,"((x8 * x5) - 3)","((irradiat * degree_of_malignancy) - 3)"
3,481,86,81.420765,0.291667,5,"((x8 * x5) - 3)","((irradiat * degree_of_malignancy) - 3)"
3,481,87,81.420765,0.291667,5,"((x8 * x5) - 3)","((irradiat * degree_of_malignancy) - 3)"
3,481,88,81.420765,0.291667,5,"((x8 * x5) - 3)","((irradiat * degree_of_malignancy) - 3)"
3,481,89,81.420765,0.291667,5,"((x8 * x5) - 3)","((irradiat * degree_of_malignancy) - 3)"
3,481,90,81.420765,0.291667,5,"((x8 * x5) - 3)","((irradiat * degree_of_malignancy) - 3)"
3,481,91,81.420765,0.291667,5,"((x8 * x5) - 3)","((irradiat * degree_of_malignancy) - 3)"
3,481,92,81.420765,0.291667,5,"((x8 * x5) - 3)","((irradiat * degree_of_malignancy) - 3)"
3,481,93,81.420765,0.291667,5,"((x8 * x5) - 3)","((irradiat * degree_of_malignancy) - 3)"
3,481,94,81.420765,0.291667,5,"((x8 * x5) - 3)","((irradiat * degree_of_malignancy) - 3)"
3,481,95,81.420765,0.291667,5,"((x8 * x5) - 3)","((irradiat * degree_of_malignancy) - 3)"
3,481,96,81.420765,0.291667,5,"((x8 * x5) - 3)","((irradiat * degree_of_malignancy) - 3)"
3,481,97,81.420765,0.291667,5,"((x8 * x5) - 3)","((irradiat * degree_of_malignancy) - 3)"
3,481,98,81.420765,0.291667,5,"((x8 * x5) - 3)","((irradiat * degree_of_malignancy) - 3)"
3,481,99,81.420765,0.291667,5,"((x8 * x5) - 3)","((irradiat * degree_of_malignancy) - 3)"
3,481,100,81.420765,0.291667,5,"((x8 * x5) - 3)","((irradiat * degree_of_malignancy) - 3)"
4,482,1,78.688525,0.048780,7,"((x0 - x7) - (6 - x1))","((age - breast_quad) - (6 - menopause))"
4,482,2,78.688525,0.048780,7,"((x0 - x7) - (6 - x1))","((age - breast_quad) - (6 - menopause))"
4,482,3,79.234973,0.136364,3,"(x3 - 3)","(inv_nodes - 3)"
4,482,4,79.234973,0.344828,3,"(x8 - 1)","(irradiat - 1)"
4,482,5,79.234973,0.344828,3,"(x8 - 1)","(irradiat - 1)"
4,482,6,79.234973,0.344828,3,"(x8 - 1)","(irradiat - 1)"
4,482,7,79.234973,0.344828,3,"(x8 - 1)","(irradiat - 1)"
4,482,8,79.234973,0.344828,3,"(x8 - 1)","(irradiat - 1)"
4,482,9,79.234973,0.344828,3,"(x8 - 1)","(irradiat - 1)"
4,482,10,79.234973,0.344828,3,"(x8 - 1)","(irradiat - 1)"
4,482,11,79.234973,0.344828,3,"(x8 - 1)","(irradiat - 1)"
4,482,12,79.234973,0.344828,3,"(x8 - 1)","(irradiat - 1)"
4,482,13,79.234973,0.344828,3,"(x8 - 1)","(irradiat - 1)"
4,482,14,79.234973,0.344828,3,"(x8 - 1)","(irradiat - 1)"
4,482,15,79.234973,0.344828,3,"(x8 - 1)","(irradiat - 1)"
4,482,16,79.234973,0.344828,3,"(x8 - 1)","(irradiat - 1)"
4,482,17,79.234973,0.344828,3,"(x8 - 1)","(irradiat - 1)"
4,482,18,79.234973,0.344828,3,"(x8 - 1)","(irradiat - 1)"
4,482,19,79.234973,0.344828,3,"(x8 - 1)","(irradiat - 1)"
4,482,20,79.234973,0.344828,3,"(x8 - 1)","(irradiat - 1)"
4,482,21,79.234973,0.344828,3,"(x8 - 1)","(irradiat - 1)"
4,482,22,79.234973,0.344828,3,"(x8 - 1)","(irradiat - 1)"
4,482,23,79.234973,0.344828,3,"(x8 - 1)","(irradiat - 1)"
4,482,24,79.234973,0.344828,3,"(x8 - 1)","(irradiat - 1)"
4,482,25,79.234973,0.344828,3,"(x8 - 1)","(irradiat - 1)"
4,482,26,79.234973,0.344828,3,"(x8 - 1)","(irradiat - 1)"
4,482,27,79.234973,0.344828,3,"(x8 - 1)","(irradiat - 1)"
4,482,28,79.234973,0.344828,3,"(x8 - 1)","(irradiat - 1)"
4,482,29,79.234973,0.344828,3,"(x8 - 1)","(irradiat - 1)"
4,482,30,79.234973,0.344828,3,"(x8 - 1)","(irradiat - 1)"
4,482,31,79.234973,0.344828,3,"(x8 - 1)","(irradiat - 1)"
4,482,32,79.234973,0.344828,3,"(x8 - 1)","(irradiat - 1)"
4,482,33,79.234973,0.344828,3,"(x8 - 1)","(irradiat - 1)"
4,482,34,79.234973,0.344828,3,"(x8 - 1)","(irradiat - 1)"
4,482,35,79.234973,0.344828,3,"(x8 - 1)","(irradiat - 1)"
4,482,36,79.234973,0.344828,3,"(x8 - 1)","(irradiat - 1)"
4,482,37,79.234973,0.344828,3,"(x8 - 1)","(irradiat - 1)"
4,482,38,79.234973,0.344828,3,"(x8 - 1)","(irradiat - 1)"
4,482,39,79.234973,0.344828,3,"(x8 - 1)","(irradiat - 1)"
4,482,40,79.234973,0.344828,3,"(x8 - 1)","(irradiat - 1)"
4,482,41,79.234973,0.344828,3,"(x8 - 1)","(irradiat - 1)"
4,482,42,79.234973,0.344828,3,"(x8 - 1)","(irradiat - 1)"
4,482,43,79.234973,0.344828,3,"(x8 - 1)","(irradiat - 1)"
4,482,44,79.234973,0.344828,3,"(x8 - 1)","(irradiat - 1)"
4,482,45,79.234973,0.344828,3,"(x8 - 1)","(irradiat - 1)"
4,482,46,79.234973,0.344828,3,"(x8 - 1)","(irradiat - 1)"
4,482,47,79.234973,0.344828,3,"(x8 - 1)","(irradiat - 1)"
4,482,48,79.234973,0.344828,3,"(x8 - 1)","(irradiat - 1)"
4,482,49,79.234973,0.344828,3,"(x8 - 1)","(irradiat - 1)"
4,482,50,79.234973,0.344828,3,"(x8 - 1)","(irradiat - 1)"
4,482,51,79.234973,0.344828,3,"(x8 - 1)","(irradiat - 1)"
4,482,52,79.234973,0.344828,3,"(x8 - 1)","(irradiat - 1)"
4,482,53,79.234973,0.344828,3,"(x8 - 1)","(irradiat - 1)"
4,482,54,79.234973,0.344828,3,"(x8 - 1)","(irradiat - 1)"
4,482,55,79.234973,0.344828,3,"(x8 - 1)","(irradiat - 1)"
4,482,56,79.234973,0.344828,3,"(x8 - 1)","(irradiat - 1)"
4,482,57,79.234973,0.344828,3,"(x8 - 1)","(irradiat - 1)"
4,482,58,79.234973,0.344828,3,"(x8 - 1)","(irradiat - 1)"
4,482,59,79.234973,0.344828,3,"(x8 - 1)","(irradiat - 1)"
4,482,60,79.234973,0.344828,3,"(x8 - 1)","(irradiat - 1)"
4,482,61,79.234973,0.344828,3,"(x8 - 1)","(irradiat - 1)"
4,482,62,79.234973,0.344828,3,"(x8 - 1)","(irradiat - 1)"
4,482,63,79.234973,0.344828,3,"(x8 - 1)","(irradiat - 1)"
4,482,64,79.234973,0.344828,3,"(x8 - 1)","(irradiat - 1)"
4,482,65,79.234973,0.344828,3,"(x8 - 1)","(irradiat - 1)"
4,482,66,79.234973,0.344828,3,"(x8 - 1)","(irradiat - 1)"
4,482,67,79.234973,0.344828,3,"(x8 - 1)","(irradiat - 1)"
4,482,68,79.234973,0.344828,3,"(x8 - 1)","(irradiat - 1)"
4,482,69,79.234973,0.344828,3,"(x8 - 1)","(irradiat - 1)"
4,482,70,79.234973,0.344828,3,"(x8 - 1)","(irradiat - 1)"
4,482,71,79.234973,0.344828,3,"(x8 - 1)","(irradiat - 1)"
4,482,72,79.234973,0.344828,3,"(x8 - 1)","(irradiat - 1)"
4,482,73,79.234973,0.344828,3,"(x8 - 1)","(irradiat - 1)"
4,482,74,79.234973,0.344828,3,"(x8 - 1)","(irradiat - 1)"
4,482,75,79.234973,0.344828,3,"(x8 - 1)","(irradiat - 1)"
4,482,76,79.234973,0.344828,3,"(x8 - 1)","(irradiat - 1)"
4,482,77,79.234973,0.344828,3,"(x8 - 1)","(irradiat - 1)"
4,482,78,79.234973,0.344828,3,"(x8 - 1)","(irradiat - 1)"
4,482,79,79.234973,0.344828,3,"(x8 - 1)","(irradiat - 1)"
4,482,80,79.234973,0.344828,3,"(x8 - 1)","(irradiat - 1)"
4,482,81,79.234973,0.344828,3,"(x8 - 1)","(irradiat - 1)"
4,482,82,79.234973,0.344828,3,"(x8 - 1)","(irradiat - 1)"
4,482,83,79.234973,0.344828,3,"(x8 - 1)","(irradiat - 1)"
4,482,84,79.234973,0.344828,3,"(x8 - 1)","(irradiat - 1)"
4,482,85,79.234973,0.344828,3,"(x8 - 1)","(irradiat - 1)"
4,482,86,79.234973,0.344828,3,"(x8 - 1)","(irradiat - 1)"
4,482,87,79.234973,0.344828,3,"(x8 - 1)","(irradiat - 1)"
4,482,88,79.234973,0.344828,3,"(x8 - 1)","(irradiat - 1)"
4,482,89,79.234973,0.344828,3,"(x8 - 1)","(irradiat - 1)"
4,482,90,79.234973,0.344828,3,"(x8 - 1)","(irradiat - 1)"
4,482,91,79.234973,0.344828,3,"(x8 - 1)","(irradiat - 1)"
4,482,92,79.234973,0.344828,3,"(x8 - 1)","(irradiat - 1)"
4,482,93,79.234973,0.344828,3,"(x8 - 1)","(irradiat - 1)"
4,482,94,79.234973,0.344828,3,"(x8 - 1)","(irradiat - 1)"
4,482,95,79.234973,0.344828,3,"(x8 - 1)","(irradiat - 1)"
4,482,96,79.234973,0.344828,3,"(x8 - 1)","(irradiat - 1)"
4,482,97,79.234973,0.344828,3,"(x8 - 1)","(irradiat - 1)"
4,482,98,79.234973,0.344828,3,"(x8 - 1)","(irradiat - 1)"
4,482,99,79.234973,0.344828,3,"(x8 - 1)","(irradiat - 1)"
4,482,100,79.234973,0.344828,3,"(x8 - 1)","(irradiat - 1)"
5,483,1,79.234973,0.050000,7,"((x5 * x3) - (x2 + 4))","((degree_of_malignancy * inv_nodes) - (tumor_size + 4))"
5,483,2,79.234973,0.050000,5,"((x5 * x3) - 9)","((degree_of_malignancy * inv_nodes) - 9)"
5,483,3,79.234973,0.136364,9,"((x3 - 1) + ((x0 - 10) / 4))","((inv_nodes - 1) + ((age - 10) / 4))"
5,483,4,79.781421,0.177778,9,"((x3 + 1) + ((x1 - 7) / x5))","((inv_nodes + 1) + ((menopause - 7) / degree_of_malignancy))"
5,483,5,80.327869,0.142857,7,"(((x3 + 1) * x0) - 9)","(((inv_nodes + 1) * age) - 9)"
5,483,6,80.327869,0.142857,7,"(((x3 / 1) * x0) - 9)","(((inv_nodes / 1) * age) - 9)"
5,483,7,80.327869,0.142857,5,"((x3 * x0) - 9)","((inv_nodes * age) - 9)"
5,483,8,80.327869,0.142857,5,"((x3 * x0) - 9)","((inv_nodes * age) - 9)"
5,483,9,80.327869,0.307692,13,"((((x3 * x0) - 9) - x5) / ((x3 - 1) / x3))","((((inv_nodes * age) - 9) - degree_of_malignancy) / ((inv_nodes - 1) / inv_nodes))"
5,483,10,80.327869,0.142857,5,"((x3 * x0) - 9)","((inv_nodes * age) - 9)"
5,483,11,80.327869,0.142857,5,"((x3 * x0) - 9)","((inv_nodes * age) - 9)"
5,483,12,80.327869,0.142857,5,"((x3 * x0) - 9)","((inv_nodes * age) - 9)"
5,483,13,80.327869,0.142857,5,"((x3 * x0) - 9)","((inv_nodes * age) - 9)"
5,483,14,80.327869,0.142857,5,"((x3 * x0) - 9)","((inv_nodes * age) - 9)"
5,483,15,80.327869,0.142857,5,"((x3 * x0) - 9)","((inv_nodes * age) - 9)"
5,483,16,80.327869,0.142857,5,"((x3 * x0) - 9)","((inv_nodes * age) - 9)"
5,483,17,80.327869,0.142857,5,"((x3 * x0) - 9)","((inv_nodes * age) - 9)"
5,483,18,80.327869,0.142857,5,"((x3 * x0) - 9)","((inv_nodes * age) - 9)"
5,483,19,80.327869,0.142857,5,"((x3 * x0) - 9)","((inv_nodes * age) - 9)"
5,483,20,80.327869,0.142857,5,"((x3 * x0) - 9)","((inv_nodes * age) - 9)"
5,483,21,80.327869,0.142857,5,"((x3 * x0) - 9)","((inv_nodes * age) - 9)"
5,483,22,80.327869,0.142857,5,"((x3 * x0) - 9)","((inv_nodes * age) - 9)"
5,483,23,80.327869,0.142857,5,"((x3 * x0) - 9)","((inv_nodes * age) - 9)"
5,483,24,80.327869,0.142857,5,"((x3 * x0) - 9)","((inv_nodes * age) - 9)"
5,483,25,80.327869,0.142857,5,"((x3 * x0) - 9)","((inv_nodes * age) - 9)"
5,483,26,80.327869,0.142857,5,"((x3 * x0) - 9)","((inv_nodes * age) - 9)"
5,483,27,80.327869,0.142857,5,"((x3 * x0) - 9)","((inv_nodes * age) - 9)"
5,483,28,80.327869,0.142857,5,"((x3 * x0) - 9)","((inv_nodes * age) - 9)"
5,483,29,80.327869,0.142857,5,"((x3 * x0) - 9)","((inv_nodes * age) - 9)"
5,483,30,80.327869,0.142857,5,"((x3 * x0) - 9)","((inv_nodes * age) - 9)"
5,483,31,80.327869,0.142857,5,"((x3 * x0) - 9)","((inv_nodes * age) - 9)"
5,483,32,80.327869,0.142857,5,"((x3 * x0) - 9)","((inv_nodes * age) - 9)"
5,483,33,80.327869,0.142857,5,"((x3 * x0) - 9)","((inv_nodes * age) - 9)"
5,483,34,80.327869,0.142857,5,"((x3 * x0) - 9)","((inv_nodes * age) - 9)"
5,483,35,80.327869,0.142857,5,"((x3 * x0) - 9)","((inv_nodes * age) - 9)"
5,483,36,80.327869,0.142857,5,"((x3 * x0) - 9)","((inv_nodes * age) - 9)"
5,483,37,80.327869,0.142857,5,"((x3 * x0) - 9)","((inv_nodes * age) - 9)"
5,483,38,80.327869,0.142857,5,"((x3 * x0) - 9)","((inv_nodes * age) - 9)"
5,483,39,80.327869,0.142857,5,"((x3 * x0) - 9)","((inv_nodes * age) - 9)"
5,483,40,80.327869,0.142857,5,"((x3 * x0) - 9)","((inv_nodes * age) - 9)"
5,483,41,80.327869,0.142857,5,"((x3 * x0) - 9)","((inv_nodes * age) - 9)"
5,483,42,80.327869,0.142857,5,"((x3 * x0) - 9)","((inv_nodes * age) - 9)"
5,483,43,80.327869,0.142857,5,"((x3 * x0) - 9)","((inv_nodes * age) - 9)"
5,483,44,80.327869,0.142857,5,"((x3 * x0) - 9)","((inv_nodes * age) - 9)"
5,483,45,80.327869,0.142857,5,"((x3 * x0) - 9)","((inv_nodes * age) - 9)"
5,483,46,80.327869,0.142857,5,"((x3 * x0) - 9)","((inv_nodes * age) - 9)"
5,483,47,80.327869,0.142857,5,"((x3 * x0) - 9)","((inv_nodes * age) - 9)"
5,483,48,80.327869,0.142857,5,"((x3 * x0) - 9)","((inv_nodes * age) - 9)"
5,483,49,80.327869,0.142857,5,"((x3 * x0) - 9)","((inv_nodes * age) - 9)"
5,483,50,80.327869,0.142857,5,"((x3 * x0) - 9)","((inv_nodes * age) - 9)"
5,483,51,80.327869,0.142857,5,"((x3 * x0) - 9)","((inv_nodes * age) - 9)"
5,483,52,80.327869,0.142857,5,"((x3 * x0) - 9)","((inv_nodes * age) - 9)"
5,483,53,80.327869,0.142857,5,"((x3 * x0) - 9)","((inv_nodes * age) - 9)"
5,483,54,80.327869,0.142857,5,"((x3 * x0) - 9)","((inv_nodes * age) - 9)"
5,483,55,80.327869,0.142857,5,"((x3 * x0) - 9)","((inv_nodes * age) - 9)"
5,483,56,80.874317,0.186047,9,"((((x3 * x0) - x3) * x0) - 9)","((((inv_nodes * age) - inv_nodes) * age) - 9)"
5,483,57,80.874317,0.186047,9,"((((x3 * x0) - x3) * x0) - 9)","((((inv_nodes * age) - inv_nodes) * age) - 9)"
5,483,58,80.874317,0.186047,9,"((((x3 * x0) - x3) * x0) - 9)","((((inv_nodes * age) - inv_nodes) * age) - 9)"
5,483,59,80.874317,0.186047,9,"((((x3 * x0) - x3) * x0) - 9)","((((inv_nodes * age) - inv_nodes) * age) - 9)"
5,483,60,80.874317,0.186047,9,"((((x3 * x0) - x3) * x0) - 9)","((((inv_nodes * age) - inv_nodes) * age) - 9)"
5,483,61,80.874317,0.186047,9,"((((x3 * x0) - x3) * x0) - 9)","((((inv_nodes * age) - inv_nodes) * age) - 9)"
5,483,62,80.874317,0.186047,9,"((((x3 * x0) - x3) * x0) - 9)","((((inv_nodes * age) - inv_nodes) * age) - 9)"
5,483,63,80.874317,0.186047,9,"((((x3 * x0) - x3) * x0) - 9)","((((inv_nodes * age) - inv_nodes) * age) - 9)"
5,483,64,80.874317,0.186047,9,"((((x3 * x0) - x3) * x0) - 9)","((((inv_nodes * age) - inv_nodes) * age) - 9)"
5,483,65,80.874317,0.186047,9,"((((x3 * x0) - x3) * x0) - 9)","((((inv_nodes * age) - inv_nodes) * age) - 9)"
5,483,66,80.874317,0.186047,9,"((((x3 * x0) - x3) * x0) - 9)","((((inv_nodes * age) - inv_nodes) * age) - 9)"
5,483,67,80.874317,0.186047,9,"((((x3 * x0) - x3) * x0) - 9)","((((inv_nodes * age) - inv_nodes) * age) - 9)"
5,483,68,80.874317,0.186047,9,"((((x3 * x0) - x3) * x0) - 9)","((((inv_nodes * age) - inv_nodes) * age) - 9)"
5,483,69,80.874317,0.186047,9,"((((x3 * x0) - x3) * x0) - 9)","((((inv_nodes * age) - inv_nodes) * age) - 9)"
5,483,70,80.874317,0.186047,9,"((((x3 * x0) - x3) * x0) - 9)","((((inv_nodes * age) - inv_nodes) * age) - 9)"
5,483,71,80.874317,0.186047,9,"((((x3 * x0) - x3) * x0) - 9)","((((inv_nodes * age) - inv_nodes) * age) - 9)"
5,483,72,80.874317,0.186047,9,"((((x3 * x0) - x3) * x0) - 9)","((((inv_nodes * age) - inv_nodes) * age) - 9)"
5,483,73,80.874317,0.186047,9,"((((x3 * x0) - x3) * x0) - 9)","((((inv_nodes * age) - inv_nodes) * age) - 9)"
5,483,74,80.874317,0.186047,9,"((((x3 * x0) - x3) * x0) - 9)","((((inv_nodes * age) - inv_nodes) * age) - 9)"
5,483,75,80.874317,0.186047,9,"((((x3 * x0) - x3) * x0) - 9)","((((inv_nodes * age) - inv_nodes) * age) - 9)"
5,483,76,80.874317,0.186047,9,"((((x3 * x0) - x3) * x0) - 9)","((((inv_nodes * age) - inv_nodes) * age) - 9)"
5,483,77,80.874317,0.186047,9,"((((x3 * x0) - x3) * x0) - 9)","((((inv_nodes * age) - inv_nodes) * age) - 9)"
5,483,78,80.874317,0.186047,9,"((((x3 * x0) - x3) * x0) - 9)","((((inv_nodes * age) - inv_nodes) * age) - 9)"
5,483,79,80.874317,0.186047,9,"((((x3 * x0) - x3) * x0) - 9)","((((inv_nodes * age) - inv_nodes) * age) - 9)"
5,483,80,80.874317,0.186047,9,"((((x3 * x0) - x3) * x0) - 9)","((((inv_nodes * age) - inv_nodes) * age) - 9)"
5,483,81,80.874317,0.186047,9,"((((x3 * x0) - x3) * x0) - 9)","((((inv_nodes * age) - inv_nodes) * age) - 9)"
5,483,82,80.874317,0.186047,9,"((((x3 * x0) - x3) * x0) - 9)","((((inv_nodes * age) - inv_nodes) * age) - 9)"
5,483,83,80.874317,0.186047,9,"((((x3 * x0) - x3) * x0) - 9)","((((inv_nodes * age) - inv_nodes) * age) - 9)"
5,483,84,80.874317,0.186047,9,"((((x3 * x0) - x3) * x0) - 9)","((((inv_nodes * age) - inv_nodes) * age) - 9)"
5,483,85,80.874317,0.186047,9,"((((x3 * x0) - x3) * x0) - 9)","((((inv_nodes * age) - inv_nodes) * age) - 9)"
5,483,86,80.874317,0.186047,9,"((((x3 * x0) - x3) * x0) - 9)","((((inv_nodes * age) - inv_nodes) * age) - 9)"
5,483,87,80.874317,0.186047,9,"((((x3 * x0) - x3) * x0) - 9)","((((inv_nodes * age) - inv_nodes) * age) - 9)"
5,483,88,80.874317,0.186047,9,"((((x3 * x0) - x3) * x0) - 9)","((((inv_nodes * age) - inv_nodes) * age) - 9)"
5,483,89,80.874317,0.186047,9,"((((x3 * x0) - x3) * x0) - 9)","((((inv_nodes * age) - inv_nodes) * age) - 9)"
5,483,90,80.874317,0.186047,9,"((((x3 * x0) - x3) * x0) - 9)","((((inv_nodes * age) - inv_nodes) * age) - 9)"
5,483,91,80.874317,0.186047,9,"((((x3 * x0) - x3) * x0) - 9)","((((inv_nodes * age) - inv_nodes) * age) - 9)"
5,483,92,80.874317,0.186047,9,"((((x3 * x0) - x3) * x0) - 9)","((((inv_nodes * age) - inv_nodes) * age) - 9)"
5,483,93,80.874317,0.186047,9,"((((x3 * x0) - x3) * x0) - 9)","((((inv_nodes * age) - inv_nodes) * age) - 9)"
5,483,94,80.874317,0.186047,9,"((((x3 * x0) - x3) * x0) - 9)","((((inv_nodes * age) - inv_nodes) * age) - 9)"
5,483,95,80.874317,0.186047,9,"((((x3 * x0) - x3) * x0) - 9)","((((inv_nodes * age) - inv_nodes) * age) - 9)"
5,483,96,80.874317,0.186047,9,"((((x3 * x0) - x3) * x0) - 9)","((((inv_nodes * age) - inv_nodes) * age) - 9)"
5,483,97,80.874317,0.186047,9,"((((x3 * x0) - x3) * x0) - 9)","((((inv_nodes * age) - inv_nodes) * age) - 9)"
5,483,98,80.874317,0.186047,9,"((((x3 * x0) - x3) * x0) - 9)","((((inv_nodes * age) - inv_nodes) * age) - 9)"
5,483,99,80.874317,0.186047,9,"((((x3 * x0) - x3) * x0) - 9)","((((inv_nodes * age) - inv_nodes) * age) - 9)"
5,483,100,80.874317,0.186047,9,"((((x3 * x0) - x3) * x0) - 9)","((((inv_nodes * age) - inv_nodes) * age) - 9)"
6,484,1,79.234973,0.050000,3,"(x3 - 5)","(inv_nodes - 5)"
6,484,2,79.234973,0.344828,3,"(x8 - 1)","(irradiat - 1)"
6,484,3,79.234973,0.344828,3,"(x8 - 1)","(irradiat - 1)"
6,484,4,79.234973,0.344828,5,"(x8 - (2 - x8))","(irradiat - (2 - irradiat))"
6,484,5,79.781421,0.274510,11,"(((x4 - 2) / x4) - ((2 - x8) - x8))","(((node_caps - 2) / node_caps) - ((2 - irradiat) - irradiat))"
6,484,6,80.327869,0.307692,11,"(x3 - ((2 - x8) - (1 - (2 - x8))))","(inv_nodes - ((2 - irradiat) - (1 - (2 - irradiat))))"
6,484,7,80.327869,0.400000,13,"(x3 - (((2 - x8) - x8) - (1 - (2 - x8))))","(inv_nodes - (((2 - irradiat) - irradiat) - (1 - (2 - irradiat))))"
6,484,8,80.327869,0.400000,11,"(x3 - ((2 - x8) - (x8 - (1 - x8))))","(inv_nodes - ((2 - irradiat) - (irradiat - (1 - irradiat))))"
6,484,9,80.327869,0.400000,13,"(x3 - (((2 - x8) - x8) - (1 - (2 - x8))))","(inv_nodes - (((2 - irradiat) - irradiat) - (1 - (2 - irradiat))))"
6,484,10,80.327869,0.400000,11,"(x3 - (((2 - x8) - x8) - (x8 - 1)))","(inv_nodes - (((2 - irradiat) - irradiat) - (irradiat - 1)))"
6,484,11,80.327869,0.400000,11,"(x3 - (((2 - x8) - x8) - (x8 - 1)))","(inv_nodes - (((2 - irradiat) - irradiat) - (irradiat - 1)))"
6,484,12,80.327869,0.400000,11,"(x3 - (((2 - x8) - x8) - (x8 - 1)))","(inv_nodes - (((2 - irradiat) - irradiat) - (irradiat - 1)))"
6,484,13,80.327869,0.400000,11,"(x3 - ((1 - x8) - (x8 - (2 - x8))))","(inv_nodes - ((1 - irradiat) - (irradiat - (2 - irradiat))))"
6,484,14,80.327869,0.400000,11,"(x3 - (((2 - x8) - x8) - (x8 - 1)))","(inv_nodes - (((2 - irradiat) - irradiat) - (irradiat - 1)))"
6,484,15,80.327869,0.400000,11,"(x3 - ((1 - x8) - (x8 - (2 - x8))))","(inv_nodes - ((1 - irradiat) - (irradiat - (2 - irradiat))))"
6,484,16,80.327869,0.400000,11,"(x3 - ((1 - x8) - (x8 - (2 - x8))))","(inv_nodes - ((1 - irradiat) - (irradiat - (2 - irradiat))))"
6,484,17,80.327869,0.400000,11,"(x3 - ((1 - x8) - (x8 - (2 - x8))))","(inv_nodes - ((1 - irradiat) - (irradiat - (2 - irradiat))))"
6,484,18,80.327869,0.400000,11,"(x3 - ((1 - x8) - (x8 - (2 - x8))))","(inv_nodes - ((1 - irradiat) - (irradiat - (2 - irradiat))))"
6,484,19,80.327869,0.400000,11,"(x3 - ((1 - x8) - (x8 - (2 - x8))))","(inv_nodes - ((1 - irradiat) - (irradiat - (2 - irradiat))))"
6,484,20,80.327869,0.400000,11,"(x3 - ((1 - x8) - (x8 - (2 - x8))))","(inv_nodes - ((1 - irradiat) - (irradiat - (2 - irradiat))))"
6,484,21,80.327869,0.400000,11,"(x3 - ((1 - x8) - (x8 - (2 - x8))))","(inv_nodes - ((1 - irradiat) - (irradiat - (2 - irradiat))))"
6,484,22,80.327869,0.400000,11,"(x3 - ((1 - x8) - (x8 - (2 - x8))))","(inv_nodes - ((1 - irradiat) - (irradiat - (2 - irradiat))))"
6,484,23,80.327869,0.400000,11,"(x3 - ((2 - x8) - (x8 - (1 - x8))))","(inv_nodes - ((2 - irradiat) - (irradiat - (1 - irradiat))))"
6,484,24,80.327869,0.400000,11,"(x3 - ((1 - x8) - (x8 - (2 - x8))))","(inv_nodes - ((1 - irradiat) - (irradiat - (2 - irradiat))))"
6,484,25,80.327869,0.400000,11,"(x3 - ((2 - x8) - (x8 - (1 - x8))))","(inv_nodes - ((2 - irradiat) - (irradiat - (1 - irradiat))))"
6,484,26,80.327869,0.400000,11,"(x3 - ((1 - x8) - (x8 - (2 - x8))))","(inv_nodes - ((1 - irradiat) - (irradiat - (2 - irradiat))))"
6,484,27,80.327869,0.400000,11,"(x3 - ((1 - x8) - (x8 - (2 - x8))))","(inv_nodes - ((1 - irradiat) - (irradiat - (2 - irradiat))))"
6,484,28,80.327869,0.400000,11,"(x3 - ((2 - x8) - (x8 - (1 - x8))))","(inv_nodes - ((2 - irradiat) - (irradiat - (1 - irradiat))))"
6,484,29,80.327869,0.400000,11,"(x3 - ((2 - x8) - (x8 - (1 - x8))))","(inv_nodes - ((2 - irradiat) - (irradiat - (1 - irradiat))))"
6,484,30,80.327869,0.400000,11,"(x3 - ((1 - x8) - (x8 - (2 - x8))))","(inv_nodes - ((1 - irradiat) - (irradiat - (2 - irradiat))))"
6,484,31,80.327869,0.400000,11,"(x3 - ((1 - x8) - (x8 - (2 - x8))))","(inv_nodes - ((1 - irradiat) - (irradiat - (2 - irradiat))))"
6,484,32,80.327869,0.400000,11,"(x3 - ((1 - x8) - (x8 - (2 - x8))))","(inv_nodes - ((1 - irradiat) - (irradiat - (2 - irradiat))))"
6,484,33,80.327869,0.400000,11,"(x3 - ((2 - x8) - (x8 - (1 - x8))))","(inv_nodes - ((2 - irradiat) - (irradiat - (1 - irradiat))))"
6,484,34,80.327869,0.400000,11,"(x3 - ((1 - x8) - (x8 - (2 - x8))))","(inv_nodes - ((1 - irradiat) - (irradiat - (2 - irradiat))))"
6,484,35,80.327869,0.400000,11,"(x3 - ((2 - x8) - (x8 - (1 - x8))))","(inv_nodes - ((2 - irradiat) - (irradiat - (1 - irradiat))))"
6,484,36,80.327869,0.400000,11,"(x3 - ((2 - x8) - (x8 - (1 - x8))))","(inv_nodes - ((2 - irradiat) - (irradiat - (1 - irradiat))))"
6,484,37,80.327869,0.400000,11,"(x3 - ((2 - x8) - (x8 - (1 - x8))))","(inv_nodes - ((2 - irradiat) - (irradiat - (1 - irradiat))))"
6,484,38,80.327869,0.400000,11,"(x3 - ((2 - x8) - (x8 - (1 - x8))))","(inv_nodes - ((2 - irradiat) - (irradiat - (1 - irradiat))))"
6,484,39,80.327869,0.400000,11,"(x3 - ((2 - x8) - (x8 - (1 - x8))))","(inv_nodes - ((2 - irradiat) - (irradiat - (1 - irradiat))))"
6,484,40,80.327869,0.400000,11,"(x3 - ((1 - x8) - (x8 - (2 - x8))))","(inv_nodes - ((1 - irradiat) - (irradiat - (2 - irradiat))))"
6,484,41,80.327869,0.400000,11,"(x3 - ((2 - x8) - (x8 - (1 - x8))))","(inv_nodes - ((2 - irradiat) - (irradiat - (1 - irradiat))))"
6,484,42,80.327869,0.400000,11,"(x3 - ((1 - x8) - (x8 - (2 - x8))))","(inv_nodes - ((1 - irradiat) - (irradiat - (2 - irradiat))))"
6,484,43,80.327869,0.400000,11,"(x3 - ((2 - x8) - (x8 - (1 - x8))))","(inv_nodes - ((2 - irradiat) - (irradiat - (1 - irradiat))))"
6,484,44,80.327869,0.400000,11,"(x3 - ((2 - x8) - (x8 - (1 - x8))))","(inv_nodes - ((2 - irradiat) - (irradiat - (1 - irradiat))))"
6,484,45,80.327869,0.400000,11,"(x3 - ((2 - x8) - (x8 - (1 - x8))))","(inv_nodes - ((2 - irradiat) - (irradiat - (1 - irradiat))))"
6,484,46,80.327869,0.400000,11,"(x3 - ((2 - x8) - (x8 - (1 - x8))))","(inv_nodes - ((2 - irradiat) - (irradiat - (1 - irradiat))))"
6,484,47,80.327869,0.400000,11,"(x3 - ((1 - x8) - (x8 - (2 - x8))))","(inv_nodes - ((1 - irradiat) - (irradiat - (2 - irradiat))))"
6,484,48,80.327869,0.400000,11,"(x3 - ((2 - x8) - (x8 - (1 - x8))))","(inv_nodes - ((2 - irradiat) - (irradiat - (1 - irradiat))))"
6,484,49,80.327869,0.400000,11,"(x3 - ((2 - x8) - (x8 - (1 - x8))))","(inv_nodes - ((2 - irradiat) - (irradiat - (1 - irradiat))))"
6,484,50,80.327869,0.400000,11,"(x3 - ((2 - x8) - (x8 - (1 - x8))))","(inv_nodes - ((2 - irradiat) - (irradiat - (1 - irradiat))))"
6,484,51,80.327869,0.400000,11,"(x3 - ((1 - x8) - (x8 - (2 - x8))))","(inv_nodes - ((1 - irradiat) - (irradiat - (2 - irradiat))))"
6,484,52,80.327869,0.400000,11,"(x3 - ((2 - x8) - (x8 - (1 - x8))))","(inv_nodes - ((2 - irradiat) - (irradiat - (1 - irradiat))))"
6,484,53,80.327869,0.400000,11,"(x3 - ((2 - x8) - (x8 - (1 - x8))))","(inv_nodes - ((2 - irradiat) - (irradiat - (1 - irradiat))))"
6,484,54,80.327869,0.400000,11,"(x3 - ((2 - x8) - (x8 - (1 - x8))))","(inv_nodes - ((2 - irradiat) - (irradiat - (1 - irradiat))))"
6,484,55,80.327869,0.400000,11,"(x3 - ((2 - x8) - (x8 - (1 - x8))))","(inv_nodes - ((2 - irradiat) - (irradiat - (1 - irradiat))))"
6,484,56,80.327869,0.400000,11,"(x3 - ((2 - x8) - (x8 - (1 - x8))))","(inv_nodes - ((2 - irradiat) - (irradiat - (1 - irradiat))))"
6,484,57,80.327869,0.400000,11,"(x3 - ((2 - x8) - (x8 - (1 - x8))))","(inv_nodes - ((2 - irradiat) - (irradiat - (1 - irradiat))))"
6,484,58,80.327869,0.400000,11,"(x3 - ((2 - x8) - (x8 - (1 - x8))))","(inv_nodes - ((2 - irradiat) - (irradiat - (1 - irradiat))))"
6,484,59,80.327869,0.400000,11,"(x3 - ((2 - x8) - (x8 - (1 - x8))))","(inv_nodes - ((2 - irradiat) - (irradiat - (1 - irradiat))))"
6,484,60,80.327869,0.400000,11,"(x3 - ((2 - x8) - (x8 - (1 - x8))))","(inv_nodes - ((2 - irradiat) - (irradiat - (1 - irradiat))))"
6,484,61,80.327869,0.400000,11,"(x3 - ((2 - x8) - (x8 - (1 - x8))))","(inv_nodes - ((2 - irradiat) - (irradiat - (1 - irradiat))))"
6,484,62,80.327869,0.400000,11,"(x3 - ((2 - x8) - (x8 - (1 - x8))))","(inv_nodes - ((2 - irradiat) - (irradiat - (1 - irradiat))))"
6,484,63,80.327869,0.400000,11,"(x3 - ((2 - x8) - (x8 - (1 - x8))))","(inv_nodes - ((2 - irradiat) - (irradiat - (1 - irradiat))))"
6,484,64,80.327869,0.400000,11,"(x3 - ((2 - x8) - (x8 - (1 - x8))))","(inv_nodes - ((2 - irradiat) - (irradiat - (1 - irradiat))))"
6,484,65,80.327869,0.400000,11,"(x3 - ((2 - x8) - (x8 - (1 - x8))))","(inv_nodes - ((2 - irradiat) - (irradiat - (1 - irradiat))))"
6,484,66,80.327869,0.400000,11,"(x3 - ((2 - x8) - (x8 - (1 - x8))))","(inv_nodes - ((2 - irradiat) - (irradiat - (1 - irradiat))))"
6,484,67,80.327869,0.400000,11,"(x3 - ((2 - x8) - (x8 - (1 - x8))))","(inv_nodes - ((2 - irradiat) - (irradiat - (1 - irradiat))))"
6,484,68,80.327869,0.400000,11,"(x3 - ((2 - x8) - (x8 - (1 - x8))))","(inv_nodes - ((2 - irradiat) - (irradiat - (1 - irradiat))))"
6,484,69,80.327869,0.400000,11,"(x3 - ((2 - x8) - (x8 - (1 - x8))))","(inv_nodes - ((2 - irradiat) - (irradiat - (1 - irradiat))))"
6,484,70,80.327869,0.400000,11,"(x3 - ((2 - x8) - (x8 - (1 - x8))))","(inv_nodes - ((2 - irradiat) - (irradiat - (1 - irradiat))))"
6,484,71,80.327869,0.400000,11,"(x3 - ((2 - x8) - (x8 - (1 - x8))))","(inv_nodes - ((2 - irradiat) - (irradiat - (1 - irradiat))))"
6,484,72,80.327869,0.400000,11,"(x3 - ((2 - x8) - (x8 - (1 - x8))))","(inv_nodes - ((2 - irradiat) - (irradiat - (1 - irradiat))))"
6,484,73,80.327869,0.400000,11,"(x3 - ((2 - x8) - (x8 - (1 - x8))))","(inv_nodes - ((2 - irradiat) - (irradiat - (1 - irradiat))))"
6,484,74,80.327869,0.400000,11,"(x3 - ((2 - x8) - (x8 - (1 - x8))))","(inv_nodes - ((2 - irradiat) - (irradiat - (1 - irradiat))))"
6,484,75,80.327869,0.400000,11,"(x3 - ((2 - x8) - (x8 - (1 - x8))))","(inv_nodes - ((2 - irradiat) - (irradiat - (1 - irradiat))))"
6,484,76,80.327869,0.400000,11,"(x3 - ((2 - x8) - (x8 - (1 - x8))))","(inv_nodes - ((2 - irradiat) - (irradiat - (1 - irradiat))))"
6,484,77,80.327869,0.400000,11,"(x3 - ((2 - x8) - (x8 - (1 - x8))))","(inv_nodes - ((2 - irradiat) - (irradiat - (1 - irradiat))))"
6,484,78,80.327869,0.400000,11,"(x3 - ((2 - x8) - (x8 - (1 - x8))))","(inv_nodes - ((2 - irradiat) - (irradiat - (1 - irradiat))))"
6,484,79,80.327869,0.400000,11,"(x3 - ((2 - x8) - (x8 - (1 - x8))))","(inv_nodes - ((2 - irradiat) - (irradiat - (1 - irradiat))))"
6,484,80,80.327869,0.400000,11,"(x3 - ((2 - x8) - (x8 - (1 - x8))))","(inv_nodes - ((2 - irradiat) - (irradiat - (1 - irradiat))))"
6,484,81,80.327869,0.400000,11,"(x3 - ((2 - x8) - (x8 - (1 - x8))))","(inv_nodes - ((2 - irradiat) - (irradiat - (1 - irradiat))))"
6,484,82,80.327869,0.400000,11,"(x3 - ((2 - x8) - (x8 - (1 - x8))))","(inv_nodes - ((2 - irradiat) - (irradiat - (1 - irradiat))))"
6,484,83,80.327869,0.400000,11,"(x3 - ((2 - x8) - (x8 - (1 - x8))))","(inv_nodes - ((2 - irradiat) - (irradiat - (1 - irradiat))))"
6,484,84,80.327869,0.400000,11,"(x3 - ((2 - x8) - (x8 - (1 - x8))))","(inv_nodes - ((2 - irradiat) - (irradiat - (1 - irradiat))))"
6,484,85,80.327869,0.400000,11,"(x3 - ((2 - x8) - (x8 - (1 - x8))))","(inv_nodes - ((2 - irradiat) - (irradiat - (1 - irradiat))))"
6,484,86,80.327869,0.400000,11,"(x3 - ((2 - x8) - (x8 - (1 - x8))))","(inv_nodes - ((2 - irradiat) - (irradiat - (1 - irradiat))))"
6,484,87,80.327869,0.400000,11,"(x3 - ((2 - x8) - (x8 - (1 - x8))))","(inv_nodes - ((2 - irradiat) - (irradiat - (1 - irradiat))))"
6,484,88,80.327869,0.400000,11,"(x3 - ((2 - x8) - (x8 - (1 - x8))))","(inv_nodes - ((2 - irradiat) - (irradiat - (1 - irradiat))))"
6,484,89,80.327869,0.400000,11,"(x3 - ((2 - x8) - (x8 - (1 - x8))))","(inv_nodes - ((2 - irradiat) - (irradiat - (1 - irradiat))))"
6,484,90,80.327869,0.400000,11,"(x3 - ((2 - x8) - (x8 - (1 - x8))))","(inv_nodes - ((2 - irradiat) - (irradiat - (1 - irradiat))))"
6,484,91,80.327869,0.400000,11,"(x3 - ((2 - x8) - (x8 - (1 - x8))))","(inv_nodes - ((2 - irradiat) - (irradiat - (1 - irradiat))))"
6,484,92,80.327869,0.400000,11,"(x3 - ((2 - x8) - (x8 - (1 - x8))))","(inv_nodes - ((2 - irradiat) - (irradiat - (1 - irradiat))))"
6,484,93,80.327869,0.400000,11,"(x3 - ((2 - x8) - (x8 - (1 - x8))))","(inv_nodes - ((2 - irradiat) - (irradiat - (1 - irradiat))))"
6,484,94,80.327869,0.400000,11,"(x3 - ((2 - x8) - (x8 - (1 - x8))))","(inv_nodes - ((2 - irradiat) - (irradiat - (1 - irradiat))))"
6,484,95,80.327869,0.400000,11,"(x3 - ((2 - x8) - (x8 - (1 - x8))))","(inv_nodes - ((2 - irradiat) - (irradiat - (1 - irradiat))))"
6,484,96,80.327869,0.400000,11,"(x3 - ((2 - x8) - (x8 - (1 - x8))))","(inv_nodes - ((2 - irradiat) - (irradiat - (1 - irradiat))))"
6,484,97,80.327869,0.400000,11,"(x3 - ((2 - x8) - (x8 - (1 - x8))))","(inv_nodes - ((2 - irradiat) - (irradiat - (1 - irradiat))))"
6,484,98,80.327869,0.400000,11,"(x3 - ((2 - x8) - (x8 - (1 - x8))))","(inv_nodes - ((2 - irradiat) - (irradiat - (1 - irradiat))))"
6,484,99,80.327869,0.400000,11,"(x3 - ((2 - x8) - (x8 - (1 - x8))))","(inv_nodes - ((2 - irradiat) - (irradiat - (1 - irradiat))))"
6,484,100,80.327869,0.400000,11,"(x3 - ((2 - x8) - (x8 - (1 - x8))))","(inv_nodes - ((2 - irradiat) - (irradiat - (1 - irradiat))))"
7,485,1,79.234973,0.136364,3,"(x3 - 3)","(inv_nodes - 3)"
7,485,2,79.234973,0.136364,3,"(x3 - 3)","(inv_nodes - 3)"
7,485,3,79.234973,0.136364,3,"(x3 - 3)","(inv_nodes - 3)"
7,485,4,79.234973,0.344828,3,"(x8 - 1)","(irradiat - 1)"
7,485,5,79.234973,0.344828,3,"(x8 - 1)","(irradiat - 1)"
7,485,6,79.234973,0.344828,3,"(x8 - 1)","(irradiat - 1)"
7,485,7,79.234973,0.344828,3,"(x8 - 1)","(irradiat - 1)"
7,485,8,79.234973,0.344828,3,"(x8 - 1)","(irradiat - 1)"
7,485,9,79.234973,0.344828,3,"(x8 - 1)","(irradiat - 1)"
7,485,10,79.234973,0.344828,3,"(x8 - 1)","(irradiat - 1)"
7,485,11,79.234973,0.344828,3,"(x8 - 1)","(irradiat - 1)"
7,485,12,79.234973,0.344828,3,"(x8 - 1)","(irradiat - 1)"
7,485,13,79.234973,0.344828,3,"(x8 - 1)","(irradiat - 1)"
7,485,14,79.234973,0.344828,3,"(x8 - 1)","(irradiat - 1)"
7,485,15,79.234973,0.344828,3,"(x8 - 1)","(irradiat - 1)"
7,485,16,79.234973,0.344828,3,"(x8 - 1)","(irradiat - 1)"
7,485,17,79.234973,0.344828,3,"(x8 - 1)","(irradiat - 1)"
7,485,18,79.234973,0.344828,3,"(x8 - 1)","(irradiat - 1)"
7,485,19,79.234973,0.344828,3,"(x8 - 1)","(irradiat - 1)"
7,485,20,79.234973,0.344828,3,"(x8 - 1)","(irradiat - 1)"
7,485,21,79.234973,0.344828,3,"(x8 - 1)","(irradiat - 1)"
7,485,22,79.234973,0.344828,3,"(x8 - 1)","(irradiat - 1)"
7,485,23,79.234973,0.344828,3,"(x8 - 1)","(irradiat - 1)"
7,485,24,79.234973,0.344828,3,"(x8 - 1)","(irradiat - 1)"
7,485,25,79.234973,0.344828,3,"(x8 - 1)","(irradiat - 1)"
7,485,26,79.234973,0.344828,3,"(x8 - 1)","(irradiat - 1)"
7,485,27,79.234973,0.344828,3,"(x8 - 1)","(irradiat - 1)"
7,485,28,79.234973,0.344828,3,"(x8 - 1)","(irradiat - 1)"
7,485,29,79.234973,0.344828,3,"(x8 - 1)","(irradiat - 1)"
7,485,30,79.234973,0.344828,3,"(x8 - 1)","(irradiat - 1)"
7,485,31,79.234973,0.344828,3,"(x8 - 1)","(irradiat - 1)"
7,485,32,79.234973,0.344828,3,"(x8 - 1)","(irradiat - 1)"
7,485,33,79.234973,0.344828,3,"(x8 - 1)","(irradiat - 1)"
7,485,34,79.234973,0.344828,3,"(x8 - 1)","(irradiat - 1)"
7,485,35,79.234973,0.344828,3,"(x8 - 1)","(irradiat - 1)"
7,485,36,79.234973,0.344828,3,"(x8 - 1)","(irradiat - 1)"
7,485,37,79.234973,0.344828,3,"(x8 - 1)","(irradiat - 1)"
7,485,38,79.234973,0.344828,3,"(x8 - 1)","(irradiat - 1)"
7,485,39,79.234973,0.344828,3,"(x8 - 1)","(irradiat - 1)"
7,485,40,79.234973,0.344828,3,"(x8 - 1)","(irradiat - 1)"
7,485,41,79.234973,0.344828,3,"(x8 - 1)","(irradiat - 1)"
7,485,42,79.234973,0.344828,3,"(x8 - 1)","(irradiat - 1)"
7,485,43,79.234973,0.344828,3,"(x8 - 1)","(irradiat - 1)"
7,485,44,79.234973,0.344828,3,"(x8 - 1)","(irradiat - 1)"
7,485,45,79.234973,0.344828,3,"(x8 - 1)","(irradiat - 1)"
7,485,46,79.234973,0.344828,3,"(x8 - 1)","(irradiat - 1)"
7,485,47,79.234973,0.344828,3,"(x8 - 1)","(irradiat - 1)"
7,485,48,79.234973,0.344828,3,"(x8 - 1)","(irradiat - 1)"
7,485,49,79.234973,0.344828,3,"(x8 - 1)","(irradiat - 1)"
7,485,50,79.234973,0.344828,3,"(x8 - 1)","(irradiat - 1)"
7,485,51,79.234973,0.344828,3,"(x8 - 1)","(irradiat - 1)"
7,485,52,79.234973,0.344828,3,"(x8 - 1)","(irradiat - 1)"
7,485,53,79.234973,0.344828,3,"(x8 - 1)","(irradiat - 1)"
7,485,54,79.234973,0.344828,3,"(x8 - 1)","(irradiat - 1)"
7,485,55,79.234973,0.344828,3,"(x8 - 1)","(irradiat - 1)"
7,485,56,79.234973,0.344828,3,"(x8 - 1)","(irradiat - 1)"
7,485,57,79.234973,0.344828,3,"(x8 - 1)","(irradiat - 1)"
7,485,58,79.234973,0.344828,3,"(x8 - 1)","(irradiat - 1)"
7,485,59,79.234973,0.344828,3,"(x8 - 1)","(irradiat - 1)"
7,485,60,79.234973,0.344828,3,"(x8 - 1)","(irradiat - 1)"
7,485,61,79.234973,0.344828,3,"(x8 - 1)","(irradiat - 1)"
7,485,62,79.234973,0.344828,3,"(x8 - 1)","(irradiat - 1)"
7,485,63,79.234973,0.344828,3,"(x8 - 1)","(irradiat - 1)"
7,485,64,79.234973,0.344828,3,"(x8 - 1)","(irradiat - 1)"
7,485,65,79.234973,0.344828,3,"(x8 - 1)","(irradiat - 1)"
7,485,66,79.234973,0.344828,3,"(x8 - 1)","(irradiat - 1)"
7,485,67,79.234973,0.344828,3,"(x8 - 1)","(irradiat - 1)"
7,485,68,79.234973,0.344828,3,"(x8 - 1)","(irradiat - 1)"
7,485,69,79.234973,0.344828,3,"(x8 - 1)","(irradiat - 1)"
7,485,70,79.234973,0.344828,3,"(x8 - 1)","(irradiat - 1)"
7,485,71,79.234973,0.344828,3,"(x8 - 1)","(irradiat - 1)"
7,485,72,79.234973,0.344828,3,"(x8 - 1)","(irradiat - 1)"
7,485,73,79.234973,0.344828,3,"(x8 - 1)","(irradiat - 1)"
7,485,74,79.234973,0.344828,3,"(x8 - 1)","(irradiat - 1)"
7,485,75,79.234973,0.344828,3,"(x8 - 1)","(irradiat - 1)"
7,485,76,79.234973,0.344828,3,"(x8 - 1)","(irradiat - 1)"
7,485,77,79.234973,0.344828,3,"(x8 - 1)","(irradiat - 1)"
7,485,78,79.234973,0.344828,3,"(x8 - 1)","(irradiat - 1)"
7,485,79,79.234973,0.344828,3,"(x8 - 1)","(irradiat - 1)"
7,485,80,79.234973,0.344828,3,"(x8 - 1)","(irradiat - 1)"
7,485,81,79.234973,0.344828,3,"(x8 - 1)","(irradiat - 1)"
7,485,82,79.234973,0.344828,3,"(x8 - 1)","(irradiat - 1)"
7,485,83,79.234973,0.344828,3,"(x8 - 1)","(irradiat - 1)"
7,485,84,79.234973,0.344828,3,"(x8 - 1)","(irradiat - 1)"
7,485,85,79.234973,0.344828,3,"(x8 - 1)","(irradiat - 1)"
7,485,86,79.234973,0.344828,3,"(x8 - 1)","(irradiat - 1)"
7,485,87,79.234973,0.344828,3,"(x8 - 1)","(irradiat - 1)"
7,485,88,79.234973,0.344828,3,"(x8 - 1)","(irradiat - 1)"
7,485,89,79.234973,0.344828,3,"(x8 - 1)","(irradiat - 1)"
7,485,90,79.234973,0.344828,3,"(x8 - 1)","(irradiat - 1)"
7,485,91,79.234973,0.344828,3,"(x8 - 1)","(irradiat - 1)"
7,485,92,79.234973,0.344828,3,"(x8 - 1)","(irradiat - 1)"
7,485,93,79.234973,0.344828,3,"(x8 - 1)","(irradiat - 1)"
7,485,94,79.234973,0.344828,3,"(x8 - 1)","(irradiat - 1)"
7,485,95,79.234973,0.344828,3,"(x8 - 1)","(irradiat - 1)"
7,485,96,79.234973,0.344828,3,"(x8 - 1)","(irradiat - 1)"
7,485,97,79.234973,0.344828,3,"(x8 - 1)","(irradiat - 1)"
7,485,98,79.234973,0.344828,3,"(x8 - 1)","(irradiat - 1)"
7,485,99,79.234973,0.344828,3,"(x8 - 1)","(irradiat - 1)"
7,485,100,79.234973,0.344828,3,"(x8 - 1)","(irradiat - 1)"
8,486,1,79.234973,0.344828,7,"((8 * x8) - (7 + 0))","((8 * irradiat) - (7 + 0))"
8,486,2,80.327869,0.217391,5,"(x4 - (10 / x7))","(node_caps - (10 / breast_quad))"
8,486,3,80.874317,0.255319,5,"(x3 - (10 / x7))","(inv_nodes - (10 / breast_quad))"
8,486,4,80.874317,0.255319,5,"(x3 - (10 / x7))","(inv_nodes - (10 / breast_quad))"
8,486,5,80.327869,0.181818,5,"((x4 - 4) + x5)","((node_caps - 4) + degree_of_malignancy)"
8,486,6,81.420765,0.291667,5,"((x8 - 4) + x5)","((irradiat - 4) + degree_of_malignancy)"
8,486,7,81.420765,0.291667,9,"((((x5 * x8) - 1) - 4) + x5)","((((degree_of_malignancy * irradiat) - 1) - 4) + degree_of_malignancy)"
8,486,8,81.420765,0.291667,9,"((((x5 * x8) - 1) - 4) + x5)","((((degree_of_malignancy * irradiat) - 1) - 4) + degree_of_malignancy)"
8,486,9,81.420765,0.227273,11,"((8 * (x3 - (10 / x7))) - (x3 - x8))","((8 * (inv_nodes - (10 / breast_quad))) - (inv_nodes - irradiat))"
8,486,10,81.420765,0.227273,11,"((10 * (x3 - (10 / x7))) - (x3 - x8))","((10 * (inv_nodes - (10 / breast_quad))) - (inv_nodes - irradiat))"
8,486,11,81.420765,0.291667,7,"(4 / ((x8 - 4) + x5))","(4 / ((irradiat - 4) + degree_of_malignancy))"
8,486,12,81.420765,0.291667,7,"(10 / ((x8 - 4) + x5))","(10 / ((irradiat - 4) + degree_of_malignancy))"
8,486,13,81.420765,0.291667,7,"(10 * ((x8 - 4) + x5))","(10 * ((irradiat - 4) + degree_of_malignancy))"
8,486,14,81.420765,0.291667,5,"((x8 - 4) + x5)","((irradiat - 4) + degree_of_malignancy)"
8,486,15,81.420765,0.291667,5,"((x8 - 4) + x5)","((irradiat - 4) + degree_of_malignancy)"
8,486,16,81.420765,0.291667,5,"((x8 - 4) + x5)","((irradiat - 4) + degree_of_malignancy)"
8,486,17,81.420765,0.291667,5,"((x8 - 4) + x5)","((irradiat - 4) + degree_of_malignancy)"
8,486,18,81.420765,0.291667,5,"((x8 - 4) + x5)","((irradiat - 4) + degree_of_malignancy)"
8,486,19,81.420765,0.291667,5,"((x8 - 4) + x5)","((irradiat - 4) + degree_of_malignancy)"
8,486,20,81.420765,0.291667,5,"((x8 - 4) + x5)","((irradiat - 4) + degree_of_malignancy)"
8,486,21,81.420765,0.291667,5,"((x8 - 4) + x5)","((irradiat - 4) + degree_of_malignancy)"
8,486,22,81.420765,0.291667,5,"((x8 - 4) + x5)","((irradiat - 4) + degree_of_malignancy)"
8,486,23,81.420765,0.291667,5,"((x8 - 4) + x5)","((irradiat - 4) + degree_of_malignancy)"
8,486,24,81.420765,0.291667,5,"((x8 - 4) + x5)","((irradiat - 4) + degree_of_malignancy)"
8,486,25,81.420765,0.291667,5,"((x8 - 4) + x5)","((irradiat - 4) + degree_of_malignancy)"
8,486,26,81.420765,0.291667,5,"((x8 - 4) + x5)","((irradiat - 4) + degree_of_malignancy)"
8,486,27,81.420765,0.291667,5,"((x8 - 4) + x5)","((irradiat - 4) + degree_of_malignancy)"
8,486,28,81.420765,0.291667,5,"((x8 - 4) + x5)","((irradiat - 4) + degree_of_malignancy)"
8,486,29,81.420765,0.291667,5,"((x8 - 4) + x5)","((irradiat - 4) + degree_of_malignancy)"
8,486,30,81.420765,0.291667,5,"((x8 - 4) + x5)","((irradiat - 4) + degree_of_malignancy)"
8,486,31,81.420765,0.291667,5,"((x8 - 4) + x5)","((irradiat - 4) + degree_of_malignancy)"
8,486,32,81.420765,0.291667,5,"((x8 - 4) + x5)","((irradiat - 4) + degree_of_malignancy)"
8,486,33,81.420765,0.291667,5,"((x8 - 4) + x5)","((irradiat - 4) + degree_of_malignancy)"
8,486,34,81.420765,0.291667,5,"((x8 - 4) + x5)","((irradiat - 4) + degree_of_malignancy)"
8,486,35,81.420765,0.291667,5,"((x8 - 4) + x5)","((irradiat - 4) + degree_of_malignancy)"
8,486,36,81.420765,0.291667,5,"((x8 - 4) + x5)","((irradiat - 4) + degree_of_malignancy)"
8,486,37,81.420765,0.291667,5,"((x8 - 4) + x5)","((irradiat - 4) + degree_of_malignancy)"
8,486,38,81.420765,0.291667,5,"((x8 - 4) + x5)","((irradiat - 4) + degree_of_malignancy)"
8,486,39,81.420765,0.291667,5,"((x8 - 4) + x5)","((irradiat - 4) + degree_of_malignancy)"
8,486,40,81.420765,0.291667,5,"((x8 - 4) + x5)","((irradiat - 4) + degree_of_malignancy)"
8,486,41,81.420765,0.291667,5,"((x8 - 4) + x5)","((irradiat - 4) + degree_of_malignancy)"
8,486,42,81.420765,0.291667,5,"((x8 - 4) + x5)","((irradiat - 4) + degree_of_malignancy)"
8,486,43,81.420765,0.291667,5,"((x8 - 4) + x5)","((irradiat - 4) + degree_of_malignancy)"
8,486,44,81.420765,0.291667,5,"((x8 - 4) + x5)","((irradiat - 4) + degree_of_malignancy)"
8,486,45,81.420765,0.291667,5,"((x8 - 4) + x5)","((irradiat - 4) + degree_of_malignancy)"
8,486,46,81.420765,0.291667,5,"((x8 - 4) + x5)","((irradiat - 4) + degree_of_malignancy)"
8,486,47,81.420765,0.291667,5,"((x8 - 4) + x5)","((irradiat - 4) + degree_of_malignancy)"
8,486,48,81.420765,0.291667,5,"((x8 - 4) + x5)","((irradiat - 4) + degree_of_malignancy)"
8,486,49,81.420765,0.291667,5,"((x8 - 4) + x5)","((irradiat - 4) + degree_of_malignancy)"
8,486,50,81.420765,0.291667,5,"((x8 - 4) + x5)","((irradiat - 4) + degree_of_malignancy)"
8,486,51,81.420765,0.291667,5,"((x8 - 4) + x5)","((irradiat - 4) + degree_of_malignancy)"
8,486,52,81.420765,0.291667,5,"((x8 - 4) + x5)","((irradiat - 4) + degree_of_malignancy)"
8,486,53,81.420765,0.291667,5,"((x8 - 4) + x5)","((irradiat - 4) + degree_of_malignancy)"
8,486,54,81.420765,0.291667,5,"((x8 - 4) + x5)","((irradiat - 4) + degree_of_malignancy)"
8,486,55,81.420765,0.291667,5,"((x8 - 4) + x5)","((irradiat - 4) + degree_of_malignancy)"
8,486,56,81.420765,0.291667,5,"((x8 - 4) + x5)","((irradiat - 4) + degree_of_malignancy)"
8,486,57,81.420765,0.291667,5,"((x8 - 4) + x5)","((irradiat - 4) + degree_of_malignancy)"
8,486,58,81.420765,0.291667,5,"((x8 - 4) + x5)","((irradiat - 4) + degree_of_malignancy)"
8,486,59,81.420765,0.291667,5,"((x8 - 4) + x5)","((irradiat - 4) + degree_of_malignancy)"
8,486,60,81.420765,0.291667,5,"((x8 - 4) + x5)","((irradiat - 4) + degree_of_malignancy)"
8,486,61,81.420765,0.291667,5,"((x8 - 4) + x5)","((irradiat - 4) + degree_of_malignancy)"
8,486,62,81.420765,0.291667,5,"((x8 - 4) + x5)","((irradiat - 4) + degree_of_malignancy)"
8,486,63,81.420765,0.291667,5,"((x8 - 4) + x5)","((irradiat - 4) + degree_of_malignancy)"
8,486,64,81.420765,0.291667,5,"((x8 - 4) + x5)","((irradiat - 4) + degree_of_malignancy)"
8,486,65,81.420765,0.291667,5,"((x8 - 4) + x5)","((irradiat - 4) + degree_of_malignancy)"
8,486,66,81.420765,0.291667,5,"((x8 - 4) + x5)","((irradiat - 4) + degree_of_malignancy)"
8,486,67,81.420765,0.291667,5,"((x8 - 4) + x5)","((irradiat - 4) + degree_of_malignancy)"
8,486,68,81.420765,0.291667,5,"((x8 - 4) + x5)","((irradiat - 4) + degree_of_malignancy)"
8,486,69,81.420765,0.291667,5,"((x8 - 4) + x5)","((irradiat - 4) + degree_of_malignancy)"
8,486,70,81.420765,0.291667,5,"((x8 - 4) + x5)","((irradiat - 4) + degree_of_malignancy)"
8,486,71,81.420765,0.291667,5,"((x8 - 4) + x5)","((irradiat - 4) + degree_of_malignancy)"
8,486,72,81.420765,0.291667,5,"((x8 - 4) + x5)","((irradiat - 4) + degree_of_malignancy)"
8,486,73,81.420765,0.291667,5,"((x8 - 4) + x5)","((irradiat - 4) + degree_of_malignancy)"
8,486,74,81.420765,0.291667,5,"((x8 - 4) + x5)","((irradiat - 4) + degree_of_malignancy)"
8,486,75,81.420765,0.291667,5,"((x8 - 4) + x5)","((irradiat - 4) + degree_of_malignancy)"
8,486,76,81.420765,0.291667,5,"((x8 - 4) + x5)","((irradiat - 4) + degree_of_malignancy)"
8,486,77,81.420765,0.291667,5,"((x8 - 4) + x5)","((irradiat - 4) + degree_of_malignancy)"
8,486,78,81.420765,0.291667,5,"((x8 - 4) + x5)","((irradiat - 4) + degree_of_malignancy)"
8,486,79,81.420765,0.291667,5,"((x8 - 4) + x5)","((irradiat - 4) + degree_of_malignancy)"
8,486,80,81.420765,0.291667,5,"((x8 - 4) + x5)","((irradiat - 4) + degree_of_malignancy)"
8,486,81,81.420765,0.291667,5,"((x8 - 4) + x5)","((irradiat - 4) + degree_of_malignancy)"
8,486,82,81.420765,0.291667,5,"((x8 - 4) + x5)","((irradiat - 4) + degree_of_malignancy)"
8,486,83,81.420765,0.291667,5,"((x8 - 4) + x5)","((irradiat - 4) + degree_of_malignancy)"
8,486,84,81.420765,0.291667,5,"((x8 - 4) + x5)","((irradiat - 4) + degree_of_malignancy)"
8,486,85,81.420765,0.291667,5,"((x8 - 4) + x5)","((irradiat - 4) + degree_of_malignancy)"
8,486,86,81.420765,0.291667,5,"((x8 - 4) + x5)","((irradiat - 4) + degree_of_malignancy)"
8,486,87,81.420765,0.291667,5,"((x8 - 4) + x5)","((irradiat - 4) + degree_of_malignancy)"
8,486,88,81.420765,0.291667,5,"((x5 - 4) + x8)","((degree_of_malignancy - 4) + irradiat)"
8,486,89,81.420765,0.291667,5,"((x8 - 4) + x5)","((irradiat - 4) + degree_of_malignancy)"
8,486,90,81.420765,0.291667,5,"((x8 - 4) + x5)","((irradiat - 4) + degree_of_malignancy)"
8,486,91,81.420765,0.291667,5,"((x8 - 4) + x5)","((irradiat - 4) + degree_of_malignancy)"
8,486,92,81.420765,0.291667,5,"((x8 - 4) + x5)","((irradiat - 4) + degree_of_malignancy)"
8,486,93,81.420765,0.291667,5,"((x8 - 4) + x5)","((irradiat - 4) + degree_of_malignancy)"
8,486,94,81.420765,0.291667,5,"((x8 - 4) + x5)","((irradiat - 4) + degree_of_malignancy)"
8,486,95,81.420765,0.291667,5,"((x8 - 4) + x5)","((irradiat - 4) + degree_of_malignancy)"
8,486,96,81.420765,0.291667,5,"((x8 - 4) + x5)","((irradiat - 4) + degree_of_malignancy)"
8,486,97,81.420765,0.291667,5,"((x8 - 4) + x5)","((irradiat - 4) + degree_of_malignancy)"
8,486,98,81.420765,0.291667,5,"((x8 - 4) + x5)","((irradiat - 4) + degree_of_malignancy)"
8,486,99,81.420765,0.291667,5,"((x8 - 4) + x5)","((irradiat - 4) + degree_of_malignancy)"
8,486,100,81.420765,0.291667,5,"((x8 - 4) + x5)","((irradiat - 4) + degree_of_malignancy)"
9,487,1,79.234973,0.344828,7,"((x8 - 2) + (x7 / 0))","((irradiat - 2) + (breast_quad / 0))"
9,487,2,79.234973,0.344828,9,"((x8 - 2) + ((x5 * x4) / 0))","((irradiat - 2) + ((degree_of_malignancy * node_caps) / 0))"
9,487,3,79.234973,0.344828,7,"((x8 - 2) + (x7 / 0))","((irradiat - 2) + (breast_quad / 0))"
9,487,4,79.234973,0.344828,5,"((x8 - 2) + x8)","((irradiat - 2) + irradiat)"
9,487,5,80.327869,0.142857,11,"((x8 - 2) + ((x7 - x4) / (x8 - 2)))","((irradiat - 2) + ((breast_quad - node_caps) / (irradiat - 2)))"
9,487,6,80.874317,0.186047,11,"((x8 - 2) + ((x7 - x4) / (x8 * 2)))","((irradiat - 2) + ((breast_quad - node_caps) / (irradiat * 2)))"
9,487,7,80.874317,0.186047,11,"((x8 - 2) + ((x7 - x4) / (x8 * 2)))","((irradiat - 2) + ((breast_quad - node_caps) / (irradiat * 2)))"
9,487,8,80.874317,0.385965,15,"(((x7 / 0) - 2) + ((x7 - x4) / (x8 - (x4 / x8))))","(((breast_quad / 0) - 2) + ((breast_quad - node_caps) / (irradiat - (node_caps / irradiat))))"
9,487,9,80.874317,0.385965,15,"(((x7 / 0) - 2) + ((x7 - x4) / (x8 - (x4 / x8))))","(((breast_quad / 0) - 2) + ((breast_quad - node_caps) / (irradiat - (node_caps / irradiat))))"
9,487,10,81.420765,0.260870,11,"((x8 - 2) + ((x7 - x4) * (x8 - x4)))","((irradiat - 2) + ((breast_quad - node_caps) * (irradiat - node_caps)))"
9,487,11,82.513661,0.407407,15,"(((x8 / x7) - 2) + ((x7 - x4) / (x8 - (x4 / x8))))","(((irradiat / breast_quad) - 2) + ((breast_quad - node_caps) / (irradiat - (node_caps / irradiat))))"
9,487,12,82.513661,0.407407,15,"(((x8 / x7) - 2) + ((x7 - x4) / (x8 - (x4 / x8))))","(((irradiat / breast_quad) - 2) + ((breast_quad - node_caps) / (irradiat - (node_caps / irradiat))))"
9,487,13,82.513661,0.407407,15,"(((x8 / x7) - 2) + ((x7 - x4) / (x8 - (x4 / x8))))","(((irradiat / breast_quad) - 2) + ((breast_quad - node_caps) / (irradiat - (node_caps / irradiat))))"
9,487,14,82.513661,0.407407,15,"(((x8 / x7) - 2) + ((x7 - x4) / (x8 - (x4 / x8))))","(((irradiat / breast_quad) - 2) + ((breast_quad - node_caps) / (irradiat - (node_caps / irradiat))))"
9,487,15,82.513661,0.407407,15,"(((x8 / x7) - 2) + ((x7 - x4) / (x8 - (x4 / x8))))","(((irradiat / breast_quad) - 2) + ((breast_quad - node_caps) / (irradiat - (node_caps / irradiat))))"
9,487,16,82.513661,0.407407,15,"(((x8 / x7) - 2) + ((x7 - x4) / (x8 - (x4 / x8))))","(((irradiat / breast_quad) - 2) + ((breast_quad - node_caps) / (irradiat - (node_caps / irradiat))))"
9,487,17,82.513661,0.407407,15,"(((x8 / x7) - 2) + ((x7 - x4) / (x8 - (x4 / x8))))","(((irradiat / breast_quad) - 2) + ((breast_quad - node_caps) / (irradiat - (node_caps / irradiat))))"
9,487,18,82.513661,0.407407,15,"(((x8 / x7) - 2) + ((x7 - x4) / (x8 - (x4 / x8))))","(((irradiat / breast_quad) - 2) + ((breast_quad - node_caps) / (irradiat - (node_caps / irradiat))))"
9,487,19,82.513661,0.407407,15,"(((x8 / x7) - 2) + ((x7 - x4) / (x8 - (x4 / x8))))","(((irradiat / breast_quad) - 2) + ((breast_quad - node_caps) / (irradiat - (node_caps / irradiat))))"
9,487,20,82.513661,0.407407,15,"(((x8 / x7) - 2) + ((x7 - x4) / (x8 - (x4 / x8))))","(((irradiat / breast_quad) - 2) + ((breast_quad - node_caps) / (irradiat - (node_caps / irradiat))))"
9,487,21,82.513661,0.407407,15,"(((x8 / x7) - 2) + ((x7 - x4) / (x8 - (x4 / x8))))","(((irradiat / breast_quad) - 2) + ((breast_quad - node_caps) / (irradiat - (node_caps / irradiat))))"
9,487,22,82.513661,0.407407,15,"(((x8 / x7) - 2) + ((x7 - x4) / (x8 - (x4 / x8))))","(((irradiat / breast_quad) - 2) + ((breast_quad - node_caps) / (irradiat - (node_caps / irradiat))))"
9,487,23,82.513661,0.407407,15,"(((x8 / x7) - 2) + ((x7 - x4) / (x8 - (x4 / x8))))","(((irradiat / breast_quad) - 2) + ((breast_quad - node_caps) / (irradiat - (node_caps / irradiat))))"
9,487,24,82.513661,0.407407,15,"(((x8 / x7) - 2) + ((x7 - x4) / (x8 - (x4 / x8))))","(((irradiat / breast_quad) - 2) + ((breast_quad - node_caps) / (irradiat - (node_caps / irradiat))))"
9,487,25,82.513661,0.407407,15,"(((x8 / x7) - 2) + ((x7 - x4) / (x8 - (x4 / x8))))","(((irradiat / breast_quad) - 2) + ((breast_quad - node_caps) / (irradiat - (node_caps / irradiat))))"
9,487,26,82.513661,0.407407,15,"(((x8 / x7) - 2) + ((x7 - x4) / (x8 - (x4 / x8))))","(((irradiat / breast_quad) - 2) + ((breast_quad - node_caps) / (irradiat - (node_caps / irradiat))))"
9,487,27,82.513661,0.407407,15,"(((x8 / x7) - 2) + ((x7 - x4) / (x8 - (x4 / x8))))","(((irradiat / breast_quad) - 2) + ((breast_quad - node_caps) / (irradiat - (node_caps / irradiat))))"
9,487,28,82.513661,0.407407,15,"(((x8 / x7) - 2) + ((x7 - x4) / (x8 - (x4 / x8))))","(((irradiat / breast_quad) - 2) + ((breast_quad - node_caps) / (irradiat - (node_caps / irradiat))))"
9,487,29,82.513661,0.407407,15,"(((x8 / x7) - 2) + ((x7 - x4) / (x8 - (x4 / x8))))","(((irradiat / breast_quad) - 2) + ((breast_quad - node_caps) / (irradiat - (node_caps / irradiat))))"
9,487,30,82.513661,0.407407,15,"(((x8 / x7) - 2) + ((x7 - x4) / (x8 - (x4 / x8))))","(((irradiat / breast_quad) - 2) + ((breast_quad - node_caps) / (irradiat - (node_caps / irradiat))))"
9,487,31,82.513661,0.407407,15,"(((x8 / x7) - 2) + ((x7 - x4) / (x8 - (x4 / x8))))","(((irradiat / breast_quad) - 2) + ((breast_quad - node_caps) / (irradiat - (node_caps / irradiat))))"
9,487,32,82.513661,0.407407,15,"(((x8 / x7) - 2) + ((x7 - x4) / (x8 - (x4 / x8))))","(((irradiat / breast_quad) - 2) + ((breast_quad - node_caps) / (irradiat - (node_caps / irradiat))))"
9,487,33,82.513661,0.407407,15,"(((x8 / x7) - 2) + ((x7 - x4) / (x8 - (x4 / x8))))","(((irradiat / breast_quad) - 2) + ((breast_quad - node_caps) / (irradiat - (node_caps / irradiat))))"
9,487,34,82.513661,0.407407,15,"(((x8 / x7) - 2) + ((x7 - x4) / (x8 - (x4 / x8))))","(((irradiat / breast_quad) - 2) + ((breast_quad - node_caps) / (irradiat - (node_caps / irradiat))))"
9,487,35,82.513661,0.407407,15,"(((x8 / x7) - 2) + ((x7 - x4) / (x8 - (x4 / x8))))","(((irradiat / breast_quad) - 2) + ((breast_quad - node_caps) / (irradiat - (node_caps / irradiat))))"
9,487,36,82.513661,0.407407,15,"(((x8 / x7) - 2) + ((x7 - x4) / (x8 - (x4 / x8))))","(((irradiat / breast_quad) - 2) + ((breast_quad - node_caps) / (irradiat - (node_caps / irradiat))))"
9,487,37,82.513661,0.407407,15,"(((x8 / x7) - 2) + ((x7 - x4) / (x8 - (x4 / x8))))","(((irradiat / breast_quad) - 2) + ((breast_quad - node_caps) / (irradiat - (node_caps / irradiat))))"
9,487,38,82.513661,0.407407,15,"(((x8 / x7) - 2) + ((x7 - x4) / (x8 - (x4 / x8))))","(((irradiat / breast_quad) - 2) + ((breast_quad - node_caps) / (irradiat - (node_caps / irradiat))))"
9,487,39,82.513661,0.407407,15,"(((x8 / x7) - 2) + ((x7 - x4) / (x8 - (x4 / x8))))","(((irradiat / breast_quad) - 2) + ((breast_quad - node_caps) / (irradiat - (node_caps / irradiat))))"
9,487,40,82.513661,0.407407,15,"(((x8 / x7) - 2) + ((x7 - x4) / (x8 - (x4 / x8))))","(((irradiat / breast_quad) - 2) + ((breast_quad - node_caps) / (irradiat - (node_caps / irradiat))))"
9,487,41,82.513661,0.407407,15,"(((x8 / x7) - 2) + ((x7 - x4) / (x8 - (x4 / x8))))","(((irradiat / breast_quad) - 2) + ((breast_quad - node_caps) / (irradiat - (node_caps / irradiat))))"
9,487,42,82.513661,0.407407,15,"(((x8 / x7) - 2) + ((x7 - x4) / (x8 - (x4 / x8))))","(((irradiat / breast_quad) - 2) + ((breast_quad - node_caps) / (irradiat - (node_caps / irradiat))))"
9,487,43,82.513661,0.407407,15,"(((x8 / x7) - 2) + ((x7 - x4) / (x8 - (x4 / x8))))","(((irradiat / breast_quad) - 2) + ((breast_quad - node_caps) / (irradiat - (node_caps / irradiat))))"
9,487,44,82.513661,0.407407,15,"(((x8 / x7) - 2) + ((x7 - x4) / (x8 - (x4 / x8))))","(((irradiat / breast_quad) - 2) + ((breast_quad - node_caps) / (irradiat - (node_caps / irradiat))))"
9,487,45,82.513661,0.407407,15,"(((x8 / x7) - 2) + ((x7 - x4) / (x8 - (x4 / x8))))","(((irradiat / breast_quad) - 2) + ((breast_quad - node_caps) / (irradiat - (node_caps / irradiat))))"
9,487,46,82.513661,0.407407,15,"(((x8 / x7) - 2) + ((x7 - x4) / (x8 - (x4 / x8))))","(((irradiat / breast_quad) - 2) + ((breast_quad - node_caps) / (irradiat - (node_caps / irradiat))))"
9,487,47,82.513661,0.407407,15,"(((x8 / x7) - 2) + ((x7 - x4) / (x8 - (x4 / x8))))","(((irradiat / breast_quad) - 2) + ((breast_quad - node_caps) / (irradiat - (node_caps / irradiat))))"
9,487,48,82.513661,0.407407,15,"(((x8 / x7) - 2) + ((x7 - x4) / (x8 - (x4 / x8))))","(((irradiat / breast_quad) - 2) + ((breast_quad - node_caps) / (irradiat - (node_caps / irradiat))))"
9,487,49,82.513661,0.407407,15,"(((x8 / x7) - 2) + ((x7 - x4) / (x8 - (x4 / x8))))","(((irradiat / breast_quad) - 2) + ((breast_quad - node_caps) / (irradiat - (node_caps / irradiat))))"
9,487,50,82.513661,0.407407,15,"(((x8 / x7) - 2) + ((x7 - x4) / (x8 - (x4 / x8))))","(((irradiat / breast_quad) - 2) + ((breast_quad - node_caps) / (irradiat - (node_caps / irradiat))))"
9,487,51,82.513661,0.407407,15,"(((x8 / x7) - 2) + ((x7 - x4) / (x8 - (x4 / x8))))","(((irradiat / breast_quad) - 2) + ((breast_quad - node_caps) / (irradiat - (node_caps / irradiat))))"
9,487,52,82.513661,0.407407,15,"(((x8 / x7) - 2) + ((x7 - x4) / (x8 - (x4 / x8))))","(((irradiat / breast_quad) - 2) + ((breast_quad - node_caps) / (irradiat - (node_caps / irradiat))))"
9,487,53,82.513661,0.407407,15,"(((x8 / x7) - 2) + ((x7 - x4) / (x8 - (x4 / x8))))","(((irradiat / breast_quad) - 2) + ((breast_quad - node_caps) / (irradiat - (node_caps / irradiat))))"
9,487,54,82.513661,0.407407,15,"(((x8 / x7) - 2) + ((x7 - x4) / (x8 - (x4 / x8))))","(((irradiat / breast_quad) - 2) + ((breast_quad - node_caps) / (irradiat - (node_caps / irradiat))))"
9,487,55,82.513661,0.407407,15,"(((x8 / x7) - 2) + ((x7 - x4) / (x8 - (x4 / x8))))","(((irradiat / breast_quad) - 2) + ((breast_quad - node_caps) / (irradiat - (node_caps / irradiat))))"
9,487,56,82.513661,0.407407,15,"(((x8 / x7) - 2) + ((x7 - x4) / (x8 - (x4 / x8))))","(((irradiat / breast_quad) - 2) + ((breast_quad - node_caps) / (irradiat - (node_caps / irradiat))))"
9,487,57,82.513661,0.407407,15,"(((x8 / x7) - 2) + ((x7 - x4) / (x8 - (x4 / x8))))","(((irradiat / breast_quad) - 2) + ((breast_quad - node_caps) / (irradiat - (node_caps / irradiat))))"
9,487,58,82.513661,0.407407,15,"(((x8 / x7) - 2) + ((x7 - x4) / (x8 - (x4 / x8))))","(((irradiat / breast_quad) - 2) + ((breast_quad - node_caps) / (irradiat - (node_caps / irradiat))))"
9,487,59,82.513661,0.407407,15,"(((x8 / x7) - 2) + ((x7 - x4) / (x8 - (x4 / x8))))","(((irradiat / breast_quad) - 2) + ((breast_quad - node_caps) / (irradiat - (node_caps / irradiat))))"
9,487,60,82.513661,0.407407,15,"(((x8 / x7) - 2) + ((x7 - x4) / (x8 - (x4 / x8))))","(((irradiat / breast_quad) - 2) + ((breast_quad - node_caps) / (irradiat - (node_caps / irradiat))))"
9,487,61,82.513661,0.407407,15,"(((x8 / x7) - 2) + ((x7 - x4) / (x8 - (x4 / x8))))","(((irradiat / breast_quad) - 2) + ((breast_quad - node_caps) / (irradiat - (node_caps / irradiat))))"
9,487,62,82.513661,0.407407,15,"(((x8 / x7) - 2) + ((x7 - x4) / (x8 - (x4 / x8))))","(((irradiat / breast_quad) - 2) + ((breast_quad - node_caps) / (irradiat - (node_caps / irradiat))))"
9,487,63,82.513661,0.407407,15,"(((x8 / x7) - 2) + ((x7 - x4) / (x8 - (x4 / x8))))","(((irradiat / breast_quad) - 2) + ((breast_quad - node_caps) / (irradiat - (node_caps / irradiat))))"
9,487,64,82.513661,0.407407,15,"(((x8 / x7) - 2) + ((x7 - x4) / (x8 - (x4 / x8))))","(((irradiat / breast_quad) - 2) + ((breast_quad - node_caps) / (irradiat - (node_caps / irradiat))))"
9,487,65,82.513661,0.407407,15,"(((x8 / x7) - 2) + ((x7 - x4) / (x8 - (x4 / x8))))","(((irradiat / breast_quad) - 2) + ((breast_quad - node_caps) / (irradiat - (node_caps / irradiat))))"
9,487,66,82.513661,0.407407,15,"(((x8 / x7) - 2) + ((x7 - x4) / (x8 - (x4 / x8))))","(((irradiat / breast_quad) - 2) + ((breast_quad - node_caps) / (irradiat - (node_caps / irradiat))))"
9,487,67,82.513661,0.407407,15,"(((x8 / x7) - 2) + ((x7 - x4) / (x8 - (x4 / x8))))","(((irradiat / breast_quad) - 2) + ((breast_quad - node_caps) / (irradiat - (node_caps / irradiat))))"
9,487,68,82.513661,0.407407,15,"(((x8 / x7) - 2) + ((x7 - x4) / (x8 - (x4 / x8))))","(((irradiat / breast_quad) - 2) + ((breast_quad - node_caps) / (irradiat - (node_caps / irradiat))))"
9,487,69,82.513661,0.407407,15,"(((x8 / x7) - 2) + ((x7 - x4) / (x8 - (x4 / x8))))","(((irradiat / breast_quad) - 2) + ((breast_quad - node_caps) / (irradiat - (node_caps / irradiat))))"
9,487,70,82.513661,0.407407,15,"(((x8 / x7) - 2) + ((x7 - x4) / (x8 - (x4 / x8))))","(((irradiat / breast_quad) - 2) + ((breast_quad - node_caps) / (irradiat - (node_caps / irradiat))))"
9,487,71,82.513661,0.407407,15,"(((x8 / x7) - 2) + ((x7 - x4) / (x8 - (x4 / x8))))","(((irradiat / breast_quad) - 2) + ((breast_quad - node_caps) / (irradiat - (node_caps / irradiat))))"
9,487,72,82.513661,0.407407,15,"(((x8 / x7) - 2) + ((x7 - x4) / (x8 - (x4 / x8))))","(((irradiat / breast_quad) - 2) + ((breast_quad - node_caps) / (irradiat - (node_caps / irradiat))))"
9,487,73,82.513661,0.407407,15,"(((x8 / x7) - 2) + ((x7 - x4) / (x8 - (x4 / x8))))","(((irradiat / breast_quad) - 2) + ((breast_quad - node_caps) / (irradiat - (node_caps / irradiat))))"
9,487,74,82.513661,0.407407,15,"(((x8 / x7) - 2) + ((x7 - x4) / (x8 - (x4 / x8))))","(((irradiat / breast_quad) - 2) + ((breast_quad - node_caps) / (irradiat - (node_caps / irradiat))))"
9,487,75,82.513661,0.407407,15,"(((x8 / x7) - 2) + ((x7 - x4) / (x8 - (x4 / x8))))","(((irradiat / breast_quad) - 2) + ((breast_quad - node_caps) / (irradiat - (node_caps / irradiat))))"
9,487,76,82.513661,0.407407,15,"(((x8 / x7) - 2) + ((x7 - x4) / (x8 - (x4 / x8))))","(((irradiat / breast_quad) - 2) + ((breast_quad - node_caps) / (irradiat - (node_caps / irradiat))))"
9,487,77,82.513661,0.407407,15,"(((x8 / x7) - 2) + ((x7 - x4) / (x8 - (x4 / x8))))","(((irradiat / breast_quad) - 2) + ((breast_quad - node_caps) / (irradiat - (node_caps / irradiat))))"
9,487,78,82.513661,0.407407,15,"(((x8 / x7) - 2) + ((x7 - x4) / (x8 - (x4 / x8))))","(((irradiat / breast_quad) - 2) + ((breast_quad - node_caps) / (irradiat - (node_caps / irradiat))))"
9,487,79,82.513661,0.407407,15,"(((x8 / x7) - 2) + ((x7 - x4) / (x8 - (x4 / x8))))","(((irradiat / breast_quad) - 2) + ((breast_quad - node_caps) / (irradiat - (node_caps / irradiat))))"
9,487,80,82.513661,0.407407,15,"(((x8 / x7) - 2) + ((x7 - x4) / (x8 - (x4 / x8))))","(((irradiat / breast_quad) - 2) + ((breast_quad - node_caps) / (irradiat - (node_caps / irradiat))))"
9,487,81,82.513661,0.407407,15,"(((x8 / x7) - 2) + ((x7 - x4) / (x8 - (x4 / x8))))","(((irradiat / breast_quad) - 2) + ((breast_quad - node_caps) / (irradiat - (node_caps / irradiat))))"
9,487,82,82.513661,0.407407,15,"(((x8 / x7) - 2) + ((x7 - x4) / (x8 - (x4 / x8))))","(((irradiat / breast_quad) - 2) + ((breast_quad - node_caps) / (irradiat - (node_caps / irradiat))))"
9,487,83,82.513661,0.407407,15,"(((x8 / x7) - 2) + ((x7 - x4) / (x8 - (x4 / x8))))","(((irradiat / breast_quad) - 2) + ((breast_quad - node_caps) / (irradiat - (node_caps / irradiat))))"
9,487,84,82.513661,0.407407,15,"(((x8 / x7) - 2) + ((x7 - x4) / (x8 - (x4 / x8))))","(((irradiat / breast_quad) - 2) + ((breast_quad - node_caps) / (irradiat - (node_caps / irradiat))))"
9,487,85,82.513661,0.407407,15,"(((x8 / x7) - 2) + ((x7 - x4) / (x8 - (x4 / x8))))","(((irradiat / breast_quad) - 2) + ((breast_quad - node_caps) / (irradiat - (node_caps / irradiat))))"
9,487,86,82.513661,0.407407,15,"(((x8 / x7) - 2) + ((x7 - x4) / (x8 - (x4 / x8))))","(((irradiat / breast_quad) - 2) + ((breast_quad - node_caps) / (irradiat - (node_caps / irradiat))))"
9,487,87,82.513661,0.407407,15,"(((x8 / x7) - 2) + ((x7 - x4) / (x8 - (x4 / x8))))","(((irradiat / breast_quad) - 2) + ((breast_quad - node_caps) / (irradiat - (node_caps / irradiat))))"
9,487,88,82.513661,0.407407,15,"(((x8 / x7) - 2) + ((x7 - x4) / (x8 - (x4 / x8))))","(((irradiat / breast_quad) - 2) + ((breast_quad - node_caps) / (irradiat - (node_caps / irradiat))))"
9,487,89,82.513661,0.407407,15,"(((x8 / x7) - 2) + ((x7 - x4) / (x8 - (x4 / x8))))","(((irradiat / breast_quad) - 2) + ((breast_quad - node_caps) / (irradiat - (node_caps / irradiat))))"
9,487,90,82.513661,0.407407,15,"(((x8 / x7) - 2) + ((x7 - x4) / (x8 - (x4 / x8))))","(((irradiat / breast_quad) - 2) + ((breast_quad - node_caps) / (irradiat - (node_caps / irradiat))))"
9,487,91,82.513661,0.407407,15,"(((x8 / x7) - 2) + ((x7 - x4) / (x8 - (x4 / x8))))","(((irradiat / breast_quad) - 2) + ((breast_quad - node_caps) / (irradiat - (node_caps / irradiat))))"
9,487,92,82.513661,0.407407,15,"(((x8 / x7) - 2) + ((x7 - x4) / (x8 - (x4 / x8))))","(((irradiat / breast_quad) - 2) + ((breast_quad - node_caps) / (irradiat - (node_caps / irradiat))))"
9,487,93,82.513661,0.407407,15,"(((x8 / x7) - 2) + ((x7 - x4) / (x8 - (x4 / x8))))","(((irradiat / breast_quad) - 2) + ((breast_quad - node_caps) / (irradiat - (node_caps / irradiat))))"
9,487,94,82.513661,0.407407,15,"(((x8 / x7) - 2) + ((x7 - x4) / (x8 - (x4 / x8))))","(((irradiat / breast_quad) - 2) + ((breast_quad - node_caps) / (irradiat - (node_caps / irradiat))))"
9,487,95,82.513661,0.407407,15,"(((x8 / x7) - 2) + ((x7 - x4) / (x8 - (x4 / x8))))","(((irradiat / breast_quad) - 2) + ((breast_quad - node_caps) / (irradiat - (node_caps / irradiat))))"
9,487,96,82.513661,0.407407,15,"(((x8 / x7) - 2) + ((x7 - x4) / (x8 - (x4 / x8))))","(((irradiat / breast_quad) - 2) + ((breast_quad - node_caps) / (irradiat - (node_caps / irradiat))))"
9,487,97,82.513661,0.407407,15,"(((x8 / x7) - 2) + ((x7 - x4) / (x8 - (x4 / x8))))","(((irradiat / breast_quad) - 2) + ((breast_quad - node_caps) / (irradiat - (node_caps / irradiat))))"
9,487,98,82.513661,0.407407,15,"(((x8 / x7) - 2) + ((x7 - x4) / (x8 - (x4 / x8))))","(((irradiat / breast_quad) - 2) + ((breast_quad - node_caps) / (irradiat - (node_caps / irradiat))))"
9,487,99,82.513661,0.407407,15,"(((x8 / x7) - 2) + ((x7 - x4) / (x8 - (x4 / x8))))","(((irradiat / breast_quad) - 2) + ((breast_quad - node_caps) / (irradiat - (node_caps / irradiat))))"
9,487,100,82.513661,0.407407,15,"(((x8 / x7) - 2) + ((x7 - x4) / (x8 - (x4 / x8))))","(((irradiat / breast_quad) - 2) + ((breast_quad - node_caps) / (irradiat - (node_caps / irradiat))))"
10,488,1,78.688525,0.338983,3,"(x3 - 1)","(inv_nodes - 1)"
10,488,2,79.234973,0.344828,5,"(3 + (x8 - 4))","(3 + (irradiat - 4))"
10,488,3,79.234973,0.344828,3,"(x8 - 1)","(irradiat - 1)"
10,488,4,80.327869,0.142857,5,"(x3 - (8 / x0))","(inv_nodes - (8 / age))"
10,488,5,80.327869,0.181818,5,"(x8 - (4 / x0))","(irradiat - (4 / age))"
10,488,6,80.327869,0.181818,5,"(x8 - (4 / x0))","(irradiat - (4 / age))"
10,488,7,80.327869,0.181818,5,"(x8 - (4 / x0))","(irradiat - (4 / age))"
10,488,8,81.420765,0.260870,7,"(x8 - ((8 / x0) / x0))","(irradiat - ((8 / age) / age))"
10,488,9,81.420765,0.260870,7,"(x8 - ((8 / x0) / x0))","(irradiat - ((8 / age) / age))"
10,488,10,81.420765,0.260870,7,"(x8 - ((8 / x0) / x0))","(irradiat - ((8 / age) / age))"
10,488,11,81.420765,0.260870,7,"(x8 - ((8 / x0) / x0))","(irradiat - ((8 / age) / age))"
10,488,12,81.420765,0.260870,7,"(x8 - ((8 / x0) / x0))","(irradiat - ((8 / age) / age))"
10,488,13,81.420765,0.260870,7,"(x8 - ((8 / x0) / x0))","(irradiat - ((8 / age) / age))"
10,488,14,81.420765,0.260870,7,"(x8 - ((8 / x0) / x0))","(irradiat - ((8 / age) / age))"
10,488,15,81.420765,0.260870,7,"(x8 - ((8 / x0) / x0))","(irradiat - ((8 / age) / age))"
10,488,16,81.420765,0.260870,7,"(x8 - ((8 / x0) / x0))","(irradiat - ((8 / age) / age))"
10,488,17,81.420765,0.260870,7,"(x8 - ((8 / x0) / x0))","(irradiat - ((8 / age) / age))"
10,488,18,81.420765,0.260870,7,"(x8 - ((8 / x0) / x0))","(irradiat - ((8 / age) / age))"
10,488,19,81.420765,0.260870,7,"(x8 - ((8 / x0) / x0))","(irradiat - ((8 / age) / age))"
10,488,20,81.420765,0.260870,7,"(x8 - ((8 / x0) / x0))","(irradiat - ((8 / age) / age))"
10,488,21,81.420765,0.260870,7,"(x8 - ((8 / x0) / x0))","(irradiat - ((8 / age) / age))"
10,488,22,81.420765,0.260870,7,"(x8 - ((8 / x0) / x0))","(irradiat - ((8 / age) / age))"
10,488,23,81.420765,0.260870,7,"(x8 - ((8 / x0) / x0))","(irradiat - ((8 / age) / age))"
10,488,24,81.420765,0.260870,7,"(x8 - ((8 / x0) / x0))","(irradiat - ((8 / age) / age))"
10,488,25,81.420765,0.260870,7,"(x8 - ((8 / x0) / x0))","(irradiat - ((8 / age) / age))"
10,488,26,81.420765,0.260870,7,"(x8 - ((8 / x0) / x0))","(irradiat - ((8 / age) / age))"
10,488,27,81.420765,0.260870,7,"(x8 - ((8 / x0) / x0))","(irradiat - ((8 / age) / age))"
10,488,28,81.420765,0.260870,7,"(x8 - ((8 / x0) / x0))","(irradiat - ((8 / age) / age))"
10,488,29,81.420765,0.260870,7,"(x8 - ((8 / x0) / x0))","(irradiat - ((8 / age) / age))"
10,488,30,81.420765,0.260870,7,"(x8 - ((8 / x0) / x0))","(irradiat - ((8 / age) / age))"
10,488,31,81.420765,0.260870,7,"(x8 - ((8 / x0) / x0))","(irradiat - ((8 / age) / age))"
10,488,32,81.420765,0.260870,7,"(x8 - ((8 / x0) / x0))","(irradiat - ((8 / age) / age))"
10,488,33,81.420765,0.260870,7,"(x8 - ((8 / x0) / x0))","(irradiat - ((8 / age) / age))"
10,488,34,81.420765,0.260870,7,"(x8 - ((8 / x0) / x0))","(irradiat - ((8 / age) / age))"
10,488,35,81.420765,0.260870,7,"(x8 - ((8 / x0) / x0))","(irradiat - ((8 / age) / age))"
10,488,36,81.420765,0.260870,7,"(x8 - ((8 / x0) / x0))","(irradiat - ((8 / age) / age))"
10,488,37,81.420765,0.260870,7,"(x8 - ((8 / x0) / x0))","(irradiat - ((8 / age) / age))"
10,488,38,81.420765,0.260870,7,"(x8 - ((8 / x0) / x0))","(irradiat - ((8 / age) / age))"
10,488,39,81.420765,0.260870,7,"(x8 - ((8 / x0) / x0))","(irradiat - ((8 / age) / age))"
10,488,40,81.420765,0.260870,7,"(x8 - ((8 / x0) / x0))","(irradiat - ((8 / age) / age))"
10,488,41,81.420765,0.260870,7,"(x8 - ((8 / x0) / x0))","(irradiat - ((8 / age) / age))"
10,488,42,81.420765,0.260870,7,"(x8 - ((8 / x0) / x0))","(irradiat - ((8 / age) / age))"
10,488,43,81.420765,0.260870,7,"(x8 - ((8 / x0) / x0))","(irradiat - ((8 / age) / age))"
10,488,44,81.420765,0.260870,7,"(x8 - ((8 / x0) / x0))","(irradiat - ((8 / age) / age))"
10,488,45,81.420765,0.260870,7,"(x8 - ((8 / x0) / x0))","(irradiat - ((8 / age) / age))"
10,488,46,81.420765,0.260870,7,"(x8 - ((8 / x0) / x0))","(irradiat - ((8 / age) / age))"
10,488,47,81.420765,0.260870,7,"(x8 - ((8 / x0) / x0))","(irradiat - ((8 / age) / age))"
10,488,48,81.420765,0.260870,7,"(x8 - ((8 / x0) / x0))","(irradiat - ((8 / age) / age))"
10,488,49,81.420765,0.260870,7,"(x8 - ((8 / x0) / x0))","(irradiat - ((8 / age) / age))"
10,488,50,81.420765,0.260870,7,"(x8 - ((8 / x0) / x0))","(irradiat - ((8 / age) / age))"
10,488,51,81.420765,0.260870,7,"(x8 - ((8 / x0) / x0))","(irradiat - ((8 / age) / age))"
10,488,52,81.420765,0.260870,7,"(x8 - ((8 / x0) / x0))","(irradiat - ((8 / age) / age))"
10,488,53,81.420765,0.260870,7,"(x8 - ((8 / x0) / x0))","(irradiat - ((8 / age) / age))"
10,488,54,81.420765,0.260870,7,"(x8 - ((8 / x0) / x0))","(irradiat - ((8 / age) / age))"
10,488,55,81.420765,0.260870,7,"(x8 - ((8 / x0) / x0))","(irradiat - ((8 / age) / age))"
10,488,56,81.420765,0.260870,7,"(x8 - ((8 / x0) / x0))","(irradiat - ((8 / age) / age))"
10,488,57,81.420765,0.260870,7,"(x8 - ((8 / x0) / x0))","(irradiat - ((8 / age) / age))"
10,488,58,81.420765,0.260870,7,"(x8 - ((8 / x0) / x0))","(irradiat - ((8 / age) / age))"
10,488,59,81.420765,0.260870,7,"(x8 - ((8 / x0) / x0))","(irradiat - ((8 / age) / age))"
10,488,60,81.420765,0.260870,7,"(x8 - ((8 / x0) / x0))","(irradiat - ((8 / age) / age))"
10,488,61,81.420765,0.260870,7,"(x8 - ((8 / x0) / x0))","(irradiat - ((8 / age) / age))"
10,488,62,81.420765,0.260870,7,"(x8 - ((8 / x0) / x0))","(irradiat - ((8 / age) / age))"
10,488,63,81.420765,0.260870,7,"(x8 - ((8 / x0) / x0))","(irradiat - ((8 / age) / age))"
10,488,64,81.420765,0.260870,7,"(x8 - ((8 / x0) / x0))","(irradiat - ((8 / age) / age))"
10,488,65,81.420765,0.260870,7,"(x8 - ((8 / x0) / x0))","(irradiat - ((8 / age) / age))"
10,488,66,81.420765,0.260870,7,"(x8 - ((8 / x0) / x0))","(irradiat - ((8 / age) / age))"
10,488,67,81.420765,0.260870,7,"(x8 - ((8 / x0) / x0))","(irradiat - ((8 / age) / age))"
10,488,68,81.420765,0.260870,7,"(x8 - ((8 / x0) / x0))","(irradiat - ((8 / age) / age))"
10,488,69,81.420765,0.260870,7,"(x8 - ((8 / x0) / x0))","(irradiat - ((8 / age) / age))"
10,488,70,81.420765,0.260870,7,"(x8 - ((8 / x0) / x0))","(irradiat - ((8 / age) / age))"
10,488,71,81.420765,0.260870,7,"(x8 - ((8 / x0) / x0))","(irradiat - ((8 / age) / age))"
10,488,72,81.420765,0.260870,7,"(x8 - ((8 / x0) / x0))","(irradiat - ((8 / age) / age))"
10,488,73,81.420765,0.260870,7,"(x8 - ((8 / x0) / x0))","(irradiat - ((8 / age) / age))"
10,488,74,81.420765,0.260870,7,"(x8 - ((8 / x0) / x0))","(irradiat - ((8 / age) / age))"
10,488,75,81.420765,0.260870,7,"(x8 - ((8 / x0) / x0))","(irradiat - ((8 / age) / age))"
10,488,76,81.420765,0.260870,7,"(x8 - ((8 / x0) / x0))","(irradiat - ((8 / age) / age))"
10,488,77,81.420765,0.260870,7,"(x8 - ((8 / x0) / x0))","(irradiat - ((8 / age) / age))"
10,488,78,81.420765,0.260870,7,"(x8 - ((8 / x0) / x0))","(irradiat - ((8 / age) / age))"
10,488,79,81.420765,0.260870,7,"(x8 - ((8 / x0) / x0))","(irradiat - ((8 / age) / age))"
10,488,80,81.420765,0.260870,7,"(x8 - ((8 / x0) / x0))","(irradiat - ((8 / age) / age))"
10,488,81,81.420765,0.260870,7,"(x8 - ((8 / x0) / x0))","(irradiat - ((8 / age) / age))"
10,488,82,81.420765,0.260870,7,"(x8 - ((8 / x0) / x0))","(irradiat - ((8 / age) / age))"
10,488,83,81.420765,0.260870,7,"(x8 - ((8 / x0) / x0))","(irradiat - ((8 / age) / age))"
10,488,84,81.420765,0.260870,7,"(x8 - ((8 / x0) / x0))","(irradiat - ((8 / age) / age))"
10,488,85,81.420765,0.260870,7,"(x8 - ((8 / x0) / x0))","(irradiat - ((8 / age) / age))"
10,488,86,81.420765,0.260870,7,"(x8 - ((8 / x0) / x0))","(irradiat - ((8 / age) / age))"
10,488,87,81.420765,0.260870,7,"(x8 - ((8 / x0) / x0))","(irradiat - ((8 / age) / age))"
10,488,88,81.420765,0.260870,7,"(x8 - ((8 / x0) / x0))","(irradiat - ((8 / age) / age))"
10,488,89,81.420765,0.260870,7,"(x8 - ((8 / x0) / x0))","(irradiat - ((8 / age) / age))"
10,488,90,81.420765,0.260870,7,"(x8 - ((8 / x0) / x0))","(irradiat - ((8 / age) / age))"
10,488,91,81.420765,0.260870,7,"(x8 - ((8 / x0) / x0))","(irradiat - ((8 / age) / age))"
10,488,92,81.420765,0.260870,7,"(x8 - ((8 / x0) / x0))","(irradiat - ((8 / age) / age))"
10,488,93,81.420765,0.260870,7,"(x8 - ((8 / x0) / x0))","(irradiat - ((8 / age) / age))"
10,488,94,81.420765,0.260870,7,"(x8 - ((8 / x0) / x0))","(irradiat - ((8 / age) / age))"
10,488,95,81.420765,0.260870,7,"(x8 - ((8 / x0) / x0))","(irradiat - ((8 / age) / age))"
10,488,96,81.420765,0.260870,7,"(x8 - ((8 / x0) / x0))","(irradiat - ((8 / age) / age))"
10,488,97,81.420765,0.260870,7,"(x8 - ((8 / x0) / x0))","(irradiat - ((8 / age) / age))"
10,488,98,81.420765,0.260870,7,"(x8 - ((8 / x0) / x0))","(irradiat - ((8 / age) / age))"
10,488,99,81.420765,0.260870,7,"(x8 - ((8 / x0) / x0))","(irradiat - ((8 / age) / age))"
10,488,100,81.420765,0.260870,7,"(x8 - ((8 / x0) / x0))","(irradiat - ((8 / age) / age))"
11,489,1,78.688525,0.338983,3,"(x3 - 1)","(inv_nodes - 1)"
11,489,2,79.234973,0.136364,7,"((1 * x3) - (3 - 0))","((1 * inv_nodes) - (3 - 0))"
11,489,3,79.234973,0.136364,3,"(x3 - 3)","(inv_nodes - 3)"
11,489,4,79.781421,0.097561,9,"((1 * x3) - (3 - (x4 - 2)))","((1 * inv_nodes) - (3 - (node_caps - 2)))"
11,489,5,79.781421,0.097561,7,"(x3 - (3 - (x4 - 2)))","(inv_nodes - (3 - (node_caps - 2)))"
11,489,6,79.781421,0.097561,5,"(x3 - (4 - x1))","(inv_nodes - (4 - menopause))"
11,489,7,79.781421,0.097561,5,"(x3 - (4 - x1))","(inv_nodes - (4 - menopause))"
11,489,8,79.781421,0.097561,5,"(x3 - (4 - x1))","(inv_nodes - (4 - menopause))"
11,489,9,79.781421,0.097561,5,"(x3 - (4 - x1))","(inv_nodes - (4 - menopause))"
11,489,10,79.781421,0.097561,5,"(x3 - (4 - x1))","(inv_nodes - (4 - menopause))"
11,489,11,79.781421,0.097561,5,"(x3 - (4 - x1))","(inv_nodes - (4 - menopause))"
11,489,12,79.781421,0.097561,5,"(x3 - (4 - x1))","(inv_nodes - (4 - menopause))"
11,489,13,79.781421,0.097561,5,"(x3 - (4 - x1))","(inv_nodes - (4 - menopause))"
11,489,14,79.781421,0.097561,5,"(x3 - (4 - x1))","(inv_nodes - (4 - menopause))"
11,489,15,79.781421,0.097561,5,"(x3 - (4 - x1))","(inv_nodes - (4 - menopause))"
11,489,16,79.781421,0.097561,5,"(x3 - (4 - x1))","(inv_nodes - (4 - menopause))"
11,489,17,79.781421,0.097561,5,"(x3 - (4 - x1))","(inv_nodes - (4 - menopause))"
11,489,18,79.781421,0.097561,5,"(x3 - (4 - x1))","(inv_nodes - (4 - menopause))"
11,489,19,79.781421,0.097561,5,"(x3 - (4 - x1))","(inv_nodes - (4 - menopause))"
11,489,20,79.781421,0.097561,5,"(x3 - (4 - x1))","(inv_nodes - (4 - menopause))"
11,489,21,79.781421,0.097561,5,"(x3 - (4 - x1))","(inv_nodes - (4 - menopause))"
11,489,22,79.781421,0.097561,5,"(x3 - (4 - x1))","(inv_nodes - (4 - menopause))"
11,489,23,79.781421,0.097561,5,"(x3 - (4 - x1))","(inv_nodes - (4 - menopause))"
11,489,24,79.781421,0.097561,5,"(x3 - (4 - x1))","(inv_nodes - (4 - menopause))"
11,489,25,79.781421,0.097561,5,"(x3 - (4 - x1))","(inv_nodes - (4 - menopause))"
11,489,26,79.781421,0.097561,5,"(x3 - (4 - x1))","(inv_nodes - (4 - menopause))"
11,489,27,79.781421,0.097561,5,"(x3 - (4 - x1))","(inv_nodes - (4 - menopause))"
11,489,28,79.781421,0.097561,5,"(x3 - (4 - x1))","(inv_nodes - (4 - menopause))"
11,489,29,79.781421,0.097561,5,"(x3 - (4 - x1))","(inv_nodes - (4 - menopause))"
11,489,30,79.781421,0.097561,5,"(x3 - (4 - x1))","(inv_nodes - (4 - menopause))"
11,489,31,79.781421,0.097561,5,"(x3 - (4 - x1))","(inv_nodes - (4 - menopause))"
11,489,32,79.781421,0.097561,5,"(x3 - (4 - x1))","(inv_nodes - (4 - menopause))"
11,489,33,79.781421,0.097561,5,"(x3 - (4 - x1))","(inv_nodes - (4 - menopause))"
11,489,34,79.781421,0.097561,5,"(x3 - (4 - x1))","(inv_nodes - (4 - menopause))"
11,489,35,79.781421,0.097561,5,"(x3 - (4 - x1))","(inv_nodes - (4 - menopause))"
11,489,36,79.781421,0.097561,5,"(x3 - (4 - x1))","(inv_nodes - (4 - menopause))"
11,489,37,79.781421,0.097561,5,"(x3 - (4 - x1))","(inv_nodes - (4 - menopause))"
11,489,38,79.781421,0.097561,5,"(x3 - (4 - x1))","(inv_nodes - (4 - menopause))"
11,489,39,79.781421,0.097561,5,"(x3 - (4 - x1))","(inv_nodes - (4 - menopause))"
11,489,40,79.781421,0.097561,5,"(x3 - (4 - x1))","(inv_nodes - (4 - menopause))"
11,489,41,79.781421,0.097561,5,"(x3 - (4 - x1))","(inv_nodes - (4 - menopause))"
11,489,42,79.781421,0.097561,5,"(x3 - (4 - x1))","(inv_nodes - (4 - menopause))"
11,489,43,79.781421,0.097561,5,"(x3 - (4 - x1))","(inv_nodes - (4 - menopause))"
11,489,44,79.781421,0.097561,5,"(x3 - (4 - x1))","(inv_nodes - (4 - menopause))"
11,489,45,79.781421,0.097561,5,"(x3 - (4 - x1))","(inv_nodes - (4 - menopause))"
11,489,46,79.781421,0.097561,5,"(x3 - (4 - x1))","(inv_nodes - (4 - menopause))"
11,489,47,79.781421,0.097561,5,"(x3 - (4 - x1))","(inv_nodes - (4 - menopause))"
11,489,48,79.781421,0.097561,5,"(x3 - (4 - x1))","(inv_nodes - (4 - menopause))"
11,489,49,79.781421,0.097561,5,"(x3 - (4 - x1))","(inv_nodes - (4 - menopause))"
11,489,50,79.781421,0.097561,5,"(x3 - (4 - x1))","(inv_nodes - (4 - menopause))"
11,489,51,79.781421,0.097561,5,"(x3 - (4 - x1))","(inv_nodes - (4 - menopause))"
11,489,52,79.781421,0.097561,5,"(x3 - (4 - x1))","(inv_nodes - (4 - menopause))"
11,489,53,79.781421,0.097561,5,"(x3 - (4 - x1))","(inv_nodes - (4 - menopause))"
11,489,54,79.781421,0.097561,5,"(x3 - (4 - x1))","(inv_nodes - (4 - menopause))"
11,489,55,79.781421,0.097561,5,"(x3 - (4 - x1))","(inv_nodes - (4 - menopause))"
11,489,56,79.781421,0.097561,5,"(x3 - (4 - x1))","(inv_nodes - (4 - menopause))"
11,489,57,79.781421,0.097561,5,"(x3 - (4 - x1))","(inv_nodes - (4 - menopause))"
11,489,58,79.781421,0.097561,5,"(x3 - (4 - x1))","(inv_nodes - (4 - menopause))"
11,489,59,79.781421,0.097561,5,"(x3 - (4 - x1))","(inv_nodes - (4 - menopause))"
11,489,60,79.781421,0.097561,5,"(x3 - (4 - x1))","(inv_nodes - (4 - menopause))"
11,489,61,79.781421,0.097561,5,"(x3 - (4 - x1))","(inv_nodes - (4 - menopause))"
11,489,62,79.781421,0.097561,5,"(x3 - (4 - x1))","(inv_nodes - (4 - menopause))"
11,489,63,79.781421,0.097561,5,"(x3 - (4 - x1))","(inv_nodes - (4 - menopause))"
11,489,64,79.781421,0.097561,5,"(x3 - (4 - x1))","(inv_nodes - (4 - menopause))"
11,489,65,79.781421,0.097561,5,"(x3 - (4 - x1))","(inv_nodes - (4 - menopause))"
11,489,66,79.781421,0.097561,5,"(x3 - (4 - x1))","(inv_nodes - (4 - menopause))"
11,489,67,79.781421,0.097561,5,"(x3 - (4 - x1))","(inv_nodes - (4 - menopause))"
11,489,68,79.781421,0.097561,5,"(x3 - (4 - x1))","(inv_nodes - (4 - menopause))"
11,489,69,79.781421,0.097561,5,"(x3 - (4 - x1))","(inv_nodes - (4 - menopause))"
11,489,70,79.781421,0.097561,5,"(x3 - (4 - x1))","(inv_nodes - (4 - menopause))"
11,489,71,79.781421,0.097561,5,"(x3 - (4 - x1))","(inv_nodes - (4 - menopause))"
11,489,72,79.781421,0.097561,5,"(x3 - (4 - x1))","(inv_nodes - (4 - menopause))"
11,489,73,79.781421,0.097561,5,"(x3 - (4 - x1))","(inv_nodes - (4 - menopause))"
11,489,74,79.781421,0.097561,5,"(x3 - (4 - x1))","(inv_nodes - (4 - menopause))"
11,489,75,79.781421,0.097561,5,"(x3 - (4 - x1))","(inv_nodes - (4 - menopause))"
11,489,76,79.781421,0.097561,5,"(x3 - (4 - x1))","(inv_nodes - (4 - menopause))"
11,489,77,79.781421,0.097561,5,"(x3 - (4 - x1))","(inv_nodes - (4 - menopause))"
11,489,78,79.781421,0.097561,5,"(x3 - (4 - x1))","(inv_nodes - (4 - menopause))"
11,489,79,79.781421,0.097561,5,"(x3 - (4 - x1))","(inv_nodes - (4 - menopause))"
11,489,80,79.781421,0.097561,5,"(x3 - (4 - x1))","(inv_nodes - (4 - menopause))"
11,489,81,79.781421,0.097561,5,"(x3 - (4 - x1))","(inv_nodes - (4 - menopause))"
11,489,82,79.781421,0.097561,5,"(x3 - (4 - x1))","(inv_nodes - (4 - menopause))"
11,489,83,79.781421,0.097561,5,"(x3 - (4 - x1))","(inv_nodes - (4 - menopause))"
11,489,84,79.781421,0.097561,5,"(x3 - (4 - x1))","(inv_nodes - (4 - menopause))"
11,489,85,79.781421,0.097561,5,"(x3 - (4 - x1))","(inv_nodes - (4 - menopause))"
11,489,86,79.781421,0.097561,5,"(x3 - (4 - x1))","(inv_nodes - (4 - menopause))"
11,489,87,79.781421,0.097561,5,"(x3 - (4 - x1))","(inv_nodes - (4 - menopause))"
11,489,88,79.781421,0.097561,5,"(x3 - (4 - x1))","(inv_nodes - (4 - menopause))"
11,489,89,79.781421,0.097561,5,"(x3 - (4 - x1))","(inv_nodes - (4 - menopause))"
11,489,90,79.781421,0.097561,5,"(x3 - (4 - x1))","(inv_nodes - (4 - menopause))"
11,489,91,79.781421,0.097561,5,"(x3 - (4 - x1))","(inv_nodes - (4 - menopause))"
11,489,92,79.781421,0.097561,5,"(x3 - (4 - x1))","(inv_nodes - (4 - menopause))"
11,489,93,79.781421,0.097561,5,"(x3 - (4 - x1))","(inv_nodes - (4 - menopause))"
11,489,94,79.781421,0.097561,5,"(x3 - (4 - x1))","(inv_nodes - (4 - menopause))"
11,489,95,79.781421,0.097561,5,"(x3 - (4 - x1))","(inv_nodes - (4 - menopause))"
11,489,96,79.781421,0.097561,5,"(x3 - (4 - x1))","(inv_nodes - (4 - menopause))"
11,489,97,79.781421,0.097561,5,"(x3 - (4 - x1))","(inv_nodes - (4 - menopause))"
11,489,98,79.781421,0.097561,5,"(x3 - (4 - x1))","(inv_nodes - (4 - menopause))"
11,489,99,79.781421,0.097561,5,"(x3 - (4 - x1))","(inv_nodes - (4 - menopause))"
11,489,100,79.781421,0.097561,5,"(x3 - (4 - x1))","(inv_nodes - (4 - menopause))"
12,490,1,79.234973,0.240000,7,"((x8 - x4) - (2 - x8))","((irradiat - node_caps) - (2 - irradiat))"
12,490,2,79.781421,0.097561,9,"((x6 * (x1 - 4)) + (x3 - 3))","((breast * (menopause - 4)) + (inv_nodes - 3))"
12,490,3,81.420765,0.392857,7,"((x8 + x4) - (2 - x6))","((irradiat + node_caps) - (2 - breast))"
12,490,4,81.420765,0.392857,7,"((x8 + x4) - (2 - x6))","((irradiat + node_caps) - (2 - breast))"
12,490,5,81.967213,0.400000,7,"((x5 * x8) + (x3 - 3))","((degree_of_malignancy * irradiat) + (inv_nodes - 3))"
12,490,6,81.967213,0.400000,7,"((x5 * x8) + (x3 - 3))","((degree_of_malignancy * irradiat) + (inv_nodes - 3))"
12,490,7,81.967213,0.400000,7,"((x5 * x8) + (x3 - 3))","((degree_of_malignancy * irradiat) + (inv_nodes - 3))"
12,490,8,81.967213,0.400000,7,"((x5 * x8) + (x3 - 3))","((degree_of_malignancy * irradiat) + (inv_nodes - 3))"
12,490,9,81.967213,0.400000,7,"((x5 * x8) + (x3 - 3))","((degree_of_malignancy * irradiat) + (inv_nodes - 3))"
12,490,10,81.967213,0.400000,7,"((x5 * x8) + (x3 - 3))","((degree_of_malignancy * irradiat) + (inv_nodes - 3))"
12,490,11,81.967213,0.400000,7,"((x5 * x8) + (x3 - 3))","((degree_of_malignancy * irradiat) + (inv_nodes - 3))"
12,490,12,81.967213,0.400000,7,"((x5 * x8) + (x3 - 3))","((degree_of_malignancy * irradiat) + (inv_nodes - 3))"
12,490,13,81.967213,0.400000,7,"((x5 * x8) + (x3 - 3))","((degree_of_malignancy * irradiat) + (inv_nodes - 3))"
12,490,14,81.967213,0.400000,7,"((x5 * x8) + (x3 - 3))","((degree_of_malignancy * irradiat) + (inv_nodes - 3))"
12,490,15,81.967213,0.421053,15,"(((x5 * x8) + ((3 / x3) + (x3 - 3))) - (2 - x6))","(((degree_of_malignancy * irradiat) + ((3 / inv_nodes) + (inv_nodes - 3))) - (2 - breast))"
12,490,16,81.967213,0.421053,15,"(((x5 * x8) + ((3 / x3) + (x3 - 3))) - (2 - x6))","(((degree_of_malignancy * irradiat) + ((3 / inv_nodes) + (inv_nodes - 3))) - (2 - breast))"
12,490,17,81.967213,0.421053,15,"(((x5 * x8) + ((3 / x3) + (x3 - 3))) - (2 - x6))","(((degree_of_malignancy * irradiat) + ((3 / inv_nodes) + (inv_nodes - 3))) - (2 - breast))"
12,490,18,82.513661,0.448276,15,"(((3 * x8) + ((3 / x3) + (x3 - 3))) - (2 - x6))","(((3 * irradiat) + ((3 / inv_nodes) + (inv_nodes - 3))) - (2 - breast))"
12,490,19,82.513661,0.448276,15,"(((3 * x8) + ((3 / x3) + (x3 - 3))) - (2 - x6))","(((3 * irradiat) + ((3 / inv_nodes) + (inv_nodes - 3))) - (2 - breast))"
12,490,20,82.513661,0.448276,15,"(((3 * x8) + ((3 / x3) + (x3 - 3))) - (2 - x6))","(((3 * irradiat) + ((3 / inv_nodes) + (inv_nodes - 3))) - (2 - breast))"
12,490,21,82.513661,0.448276,15,"(((3 * x8) + ((3 / x3) + (x3 - 3))) - (2 - x6))","(((3 * irradiat) + ((3 / inv_nodes) + (inv_nodes - 3))) - (2 - breast))"
12,490,22,82.513661,0.448276,15,"(((3 * x8) + ((3 / x3) + (x3 - 3))) - (2 - x6))","(((3 * irradiat) + ((3 / inv_nodes) + (inv_nodes - 3))) - (2 - breast))"
12,490,23,82.513661,0.448276,15,"(((3 * x8) + ((3 / x3) + (x3 - 3))) - (2 - x6))","(((3 * irradiat) + ((3 / inv_nodes) + (inv_nodes - 3))) - (2 - breast))"
12,490,24,82.513661,0.448276,15,"(((3 * x8) + ((3 / x3) + (x3 - 3))) - (2 - x6))","(((3 * irradiat) + ((3 / inv_nodes) + (inv_nodes - 3))) - (2 - breast))"
12,490,25,82.513661,0.448276,15,"(((3 * x8) + ((3 / x3) + (x3 - 3))) - (2 - x6))","(((3 * irradiat) + ((3 / inv_nodes) + (inv_nodes - 3))) - (2 - breast))"
12,490,26,82.513661,0.448276,15,"(((3 * x8) + ((3 / x3) + (x3 - 3))) - (2 - x6))","(((3 * irradiat) + ((3 / inv_nodes) + (inv_nodes - 3))) - (2 - breast))"
12,490,27,82.513661,0.448276,15,"(((3 * x8) + ((3 / x3) + (x3 - 3))) - (2 - x6))","(((3 * irradiat) + ((3 / inv_nodes) + (inv_nodes - 3))) - (2 - breast))"
12,490,28,82.513661,0.448276,15,"(((3 * x8) + ((3 / x3) + (x3 - 3))) - (2 - x6))","(((3 * irradiat) + ((3 / inv_nodes) + (inv_nodes - 3))) - (2 - breast))"
12,490,29,82.513661,0.448276,15,"(((3 * x8) + ((3 / x3) + (x3 - 3))) - (2 - x6))","(((3 * irradiat) + ((3 / inv_nodes) + (inv_nodes - 3))) - (2 - breast))"
12,490,30,82.513661,0.448276,15,"(((3 * x8) + ((3 / x3) + (x3 - 3))) - (2 - x6))","(((3 * irradiat) + ((3 / inv_nodes) + (inv_nodes - 3))) - (2 - breast))"
12,490,31,82.513661,0.448276,15,"(((3 * x8) + ((3 / x3) + (x3 - 3))) - (2 - x6))","(((3 * irradiat) + ((3 / inv_nodes) + (inv_nodes - 3))) - (2 - breast))"
12,490,32,82.513661,0.448276,15,"(((3 * x8) + ((3 / x3) + (x3 - 3))) - (2 - x6))","(((3 * irradiat) + ((3 / inv_nodes) + (inv_nodes - 3))) - (2 - breast))"
12,490,33,82.513661,0.448276,15,"(((3 * x8) + ((3 / x3) + (x3 - 3))) - (2 - x6))","(((3 * irradiat) + ((3 / inv_nodes) + (inv_nodes - 3))) - (2 - breast))"
12,490,34,82.513661,0.448276,15,"(((3 * x8) + ((3 / x3) + (x3 - 3))) - (2 - x6))","(((3 * irradiat) + ((3 / inv_nodes) + (inv_nodes - 3))) - (2 - breast))"
12,490,35,82.513661,0.448276,15,"(((3 * x8) + ((3 / x3) + (x3 - 3))) - (2 - x6))","(((3 * irradiat) + ((3 / inv_nodes) + (inv_nodes - 3))) - (2 - breast))"
12,490,36,82.513661,0.448276,15,"(((3 * x8) + ((3 / x3) + (x3 - 3))) - (2 - x6))","(((3 * irradiat) + ((3 / inv_nodes) + (inv_nodes - 3))) - (2 - breast))"
12,490,37,82.513661,0.448276,15,"(((3 * x8) + ((3 / x3) + (x3 - 3))) - (2 - x6))","(((3 * irradiat) + ((3 / inv_nodes) + (inv_nodes - 3))) - (2 - breast))"
12,490,38,82.513661,0.448276,15,"(((3 * x8) + ((3 / x3) + (x3 - 3))) - (2 - x6))","(((3 * irradiat) + ((3 / inv_nodes) + (inv_nodes - 3))) - (2 - breast))"
12,490,39,82.513661,0.448276,15,"(((3 * x8) + ((3 / x3) + (x3 - 3))) - (2 - x6))","(((3 * irradiat) + ((3 / inv_nodes) + (inv_nodes - 3))) - (2 - breast))"
12,490,40,82.513661,0.448276,15,"(((3 * x8) + ((3 / x3) + (x3 - 3))) - (2 - x6))","(((3 * irradiat) + ((3 / inv_nodes) + (inv_nodes - 3))) - (2 - breast))"
12,490,41,82.513661,0.448276,15,"(((3 * x8) + ((3 / x3) + (x3 - 3))) - (2 - x6))","(((3 * irradiat) + ((3 / inv_nodes) + (inv_nodes - 3))) - (2 - breast))"
12,490,42,82.513661,0.448276,15,"(((3 * x8) + ((3 / x3) + (x3 - 3))) - (2 - x6))","(((3 * irradiat) + ((3 / inv_nodes) + (inv_nodes - 3))) - (2 - breast))"
12,490,43,82.513661,0.448276,15,"(((3 * x8) + ((3 / x3) + (x3 - 3))) - (2 - x6))","(((3 * irradiat) + ((3 / inv_nodes) + (inv_nodes - 3))) - (2 - breast))"
12,490,44,82.513661,0.448276,15,"(((3 * x8) + ((3 / x3) + (x3 - 3))) - (2 - x6))","(((3 * irradiat) + ((3 / inv_nodes) + (inv_nodes - 3))) - (2 - breast))"
12,490,45,82.513661,0.448276,15,"(((3 * x8) + ((3 / x3) + (x3 - 3))) - (2 - x6))","(((3 * irradiat) + ((3 / inv_nodes) + (inv_nodes - 3))) - (2 - breast))"
12,490,46,82.513661,0.448276,15,"(((3 * x8) + ((3 / x3) + (x3 - 3))) - (2 - x6))","(((3 * irradiat) + ((3 / inv_nodes) + (inv_nodes - 3))) - (2 - breast))"
12,490,47,82.513661,0.448276,15,"(((3 * x8) + ((3 / x3) + (x3 - 3))) - (2 - x6))","(((3 * irradiat) + ((3 / inv_nodes) + (inv_nodes - 3))) - (2 - breast))"
12,490,48,82.513661,0.448276,15,"(((3 * x8) + ((3 / x3) + (x3 - 3))) - (2 - x6))","(((3 * irradiat) + ((3 / inv_nodes) + (inv_nodes - 3))) - (2 - breast))"
12,490,49,82.513661,0.448276,15,"(((3 * x8) + ((3 / x3) + (x3 - 3))) - (2 - x6))","(((3 * irradiat) + ((3 / inv_nodes) + (inv_nodes - 3))) - (2 - breast))"
12,490,50,82.513661,0.448276,15,"(((3 * x8) + ((3 / x3) + (x3 - 3))) - (2 - x6))","(((3 * irradiat) + ((3 / inv_nodes) + (inv_nodes - 3))) - (2 - breast))"
12,490,51,82.513661,0.448276,15,"(((3 * x8) + ((3 / x3) + (x3 - 3))) - (2 - x6))","(((3 * irradiat) + ((3 / inv_nodes) + (inv_nodes - 3))) - (2 - breast))"
12,490,52,82.513661,0.448276,15,"(((3 * x8) + ((3 / x3) + (x3 - 3))) - (2 - x6))","(((3 * irradiat) + ((3 / inv_nodes) + (inv_nodes - 3))) - (2 - breast))"
12,490,53,82.513661,0.448276,15,"(((3 * x8) + ((3 / x3) + (x3 - 3))) - (2 - x6))","(((3 * irradiat) + ((3 / inv_nodes) + (inv_nodes - 3))) - (2 - breast))"
12,490,54,82.513661,0.448276,15,"(((3 * x8) + ((3 / x3) + (x3 - 3))) - (2 - x6))","(((3 * irradiat) + ((3 / inv_nodes) + (inv_nodes - 3))) - (2 - breast))"
12,490,55,82.513661,0.448276,15,"(((3 * x8) + ((3 / x3) + (x3 - 3))) - (2 - x6))","(((3 * irradiat) + ((3 / inv_nodes) + (inv_nodes - 3))) - (2 - breast))"
12,490,56,82.513661,0.448276,15,"(((3 * x8) + ((3 / x3) + (x3 - 3))) - (2 - x6))","(((3 * irradiat) + ((3 / inv_nodes) + (inv_nodes - 3))) - (2 - breast))"
12,490,57,82.513661,0.448276,15,"(((3 * x8) + ((3 / x3) + (x3 - 3))) - (2 - x6))","(((3 * irradiat) + ((3 / inv_nodes) + (inv_nodes - 3))) - (2 - breast))"
12,490,58,82.513661,0.448276,15,"(((3 * x8) + ((3 / x3) + (x3 - 3))) - (2 - x6))","(((3 * irradiat) + ((3 / inv_nodes) + (inv_nodes - 3))) - (2 - breast))"
12,490,59,82.513661,0.448276,15,"(((3 * x8) + ((3 / x3) + (x3 - 3))) - (2 - x6))","(((3 * irradiat) + ((3 / inv_nodes) + (inv_nodes - 3))) - (2 - breast))"
12,490,60,82.513661,0.448276,15,"(((3 * x8) + ((3 / x3) + (x3 - 3))) - (2 - x6))","(((3 * irradiat) + ((3 / inv_nodes) + (inv_nodes - 3))) - (2 - breast))"
12,490,61,82.513661,0.448276,15,"(((3 * x8) + ((3 / x3) + (x3 - 3))) - (2 - x6))","(((3 * irradiat) + ((3 / inv_nodes) + (inv_nodes - 3))) - (2 - breast))"
12,490,62,82.513661,0.448276,15,"(((3 * x8) + ((3 / x3) + (x3 - 3))) - (2 - x6))","(((3 * irradiat) + ((3 / inv_nodes) + (inv_nodes - 3))) - (2 - breast))"
12,490,63,82.513661,0.448276,15,"(((3 * x8) + ((3 / x3) + (x3 - 3))) - (2 - x6))","(((3 * irradiat) + ((3 / inv_nodes) + (inv_nodes - 3))) - (2 - breast))"
12,490,64,82.513661,0.448276,15,"(((3 * x8) + ((3 / x3) + (x3 - 3))) - (2 - x6))","(((3 * irradiat) + ((3 / inv_nodes) + (inv_nodes - 3))) - (2 - breast))"
12,490,65,82.513661,0.448276,15,"(((3 * x8) + ((3 / x3) + (x3 - 3))) - (2 - x6))","(((3 * irradiat) + ((3 / inv_nodes) + (inv_nodes - 3))) - (2 - breast))"
12,490,66,82.513661,0.448276,15,"(((3 * x8) + ((3 / x3) + (x3 - 3))) - (2 - x6))","(((3 * irradiat) + ((3 / inv_nodes) + (inv_nodes - 3))) - (2 - breast))"
12,490,67,82.513661,0.448276,15,"(((3 * x8) + ((3 / x3) + (x3 - 3))) - (2 - x6))","(((3 * irradiat) + ((3 / inv_nodes) + (inv_nodes - 3))) - (2 - breast))"
12,490,68,82.513661,0.448276,15,"(((3 * x8) + ((3 / x3) + (x3 - 3))) - (2 - x6))","(((3 * irradiat) + ((3 / inv_nodes) + (inv_nodes - 3))) - (2 - breast))"
12,490,69,82.513661,0.448276,15,"(((3 * x8) + ((3 / x3) + (x3 - 3))) - (2 - x6))","(((3 * irradiat) + ((3 / inv_nodes) + (inv_nodes - 3))) - (2 - breast))"
12,490,70,82.513661,0.448276,15,"(((3 * x8) + ((3 / x3) + (x3 - 3))) - (2 - x6))","(((3 * irradiat) + ((3 / inv_nodes) + (inv_nodes - 3))) - (2 - breast))"
12,490,71,82.513661,0.448276,15,"(((3 * x8) + ((3 / x3) + (x3 - 3))) - (2 - x6))","(((3 * irradiat) + ((3 / inv_nodes) + (inv_nodes - 3))) - (2 - breast))"
12,490,72,82.513661,0.448276,15,"(((3 * x8) + ((3 / x3) + (x3 - 3))) - (2 - x6))","(((3 * irradiat) + ((3 / inv_nodes) + (inv_nodes - 3))) - (2 - breast))"
12,490,73,82.513661,0.448276,15,"(((3 * x8) + ((3 / x3) + (x3 - 3))) - (2 - x6))","(((3 * irradiat) + ((3 / inv_nodes) + (inv_nodes - 3))) - (2 - breast))"
12,490,74,82.513661,0.448276,15,"(((3 * x8) + ((3 / x3) + (x3 - 3))) - (2 - x6))","(((3 * irradiat) + ((3 / inv_nodes) + (inv_nodes - 3))) - (2 - breast))"
12,490,75,82.513661,0.448276,15,"(((3 * x8) + ((3 / x3) + (x3 - 3))) - (2 - x6))","(((3 * irradiat) + ((3 / inv_nodes) + (inv_nodes - 3))) - (2 - breast))"
12,490,76,82.513661,0.448276,15,"(((3 * x8) + ((3 / x3) + (x3 - 3))) - (2 - x6))","(((3 * irradiat) + ((3 / inv_nodes) + (inv_nodes - 3))) - (2 - breast))"
12,490,77,82.513661,0.448276,15,"(((3 * x8) + ((3 / x3) + (x3 - 3))) - (2 - x6))","(((3 * irradiat) + ((3 / inv_nodes) + (inv_nodes - 3))) - (2 - breast))"
12,490,78,82.513661,0.448276,15,"(((3 * x8) + ((3 / x3) + (x3 - 3))) - (2 - x6))","(((3 * irradiat) + ((3 / inv_nodes) + (inv_nodes - 3))) - (2 - breast))"
12,490,79,82.513661,0.448276,15,"(((3 * x8) + ((3 / x3) + (x3 - 3))) - (2 - x6))","(((3 * irradiat) + ((3 / inv_nodes) + (inv_nodes - 3))) - (2 - breast))"
12,490,80,82.513661,0.448276,15,"(((3 * x8) + ((3 / x3) + (x3 - 3))) - (2 - x6))","(((3 * irradiat) + ((3 / inv_nodes) + (inv_nodes - 3))) - (2 - breast))"
12,490,81,82.513661,0.448276,15,"(((3 * x8) + ((3 / x3) + (x3 - 3))) - (2 - x6))","(((3 * irradiat) + ((3 / inv_nodes) + (inv_nodes - 3))) - (2 - breast))"
12,490,82,82.513661,0.448276,15,"(((3 * x8) + ((3 / x3) + (x3 - 3))) - (2 - x6))","(((3 * irradiat) + ((3 / inv_nodes) + (inv_nodes - 3))) - (2 - breast))"
12,490,83,82.513661,0.448276,15,"(((3 * x8) + ((3 / x3) + (x3 - 3))) - (2 - x6))","(((3 * irradiat) + ((3 / inv_nodes) + (inv_nodes - 3))) - (2 - breast))"
12,490,84,82.513661,0.448276,15,"(((3 * x8) + ((3 / x3) + (x3 - 3))) - (2 - x6))","(((3 * irradiat) + ((3 / inv_nodes) + (inv_nodes - 3))) - (2 - breast))"
12,490,85,82.513661,0.448276,15,"(((3 * x8) + ((3 / x3) + (x3 - 3))) - (2 - x6))","(((3 * irradiat) + ((3 / inv_nodes) + (inv_nodes - 3))) - (2 - breast))"
12,490,86,82.513661,0.448276,15,"(((3 * x8) + ((3 / x3) + (x3 - 3))) - (2 - x6))","(((3 * irradiat) + ((3 / inv_nodes) + (inv_nodes - 3))) - (2 - breast))"
12,490,87,82.513661,0.448276,15,"(((3 * x8) + ((3 / x3) + (x3 - 3))) - (2 - x6))","(((3 * irradiat) + ((3 / inv_nodes) + (inv_nodes - 3))) - (2 - breast))"
12,490,88,82.513661,0.448276,15,"(((3 * x8) + ((3 / x3) + (x3 - 3))) - (2 - x6))","(((3 * irradiat) + ((3 / inv_nodes) + (inv_nodes - 3))) - (2 - breast))"
12,490,89,82.513661,0.448276,15,"(((3 * x8) + ((3 / x3) + (x3 - 3))) - (2 - x6))","(((3 * irradiat) + ((3 / inv_nodes) + (inv_nodes - 3))) - (2 - breast))"
12,490,90,82.513661,0.448276,15,"(((3 * x8) + ((3 / x3) + (x3 - 3))) - (2 - x6))","(((3 * irradiat) + ((3 / inv_nodes) + (inv_nodes - 3))) - (2 - breast))"
12,490,91,82.513661,0.448276,15,"(((3 * x8) + ((3 / x3) + (x3 - 3))) - (2 - x6))","(((3 * irradiat) + ((3 / inv_nodes) + (inv_nodes - 3))) - (2 - breast))"
12,490,92,82.513661,0.448276,15,"(((3 * x8) + ((3 / x3) + (x3 - 3))) - (2 - x6))","(((3 * irradiat) + ((3 / inv_nodes) + (inv_nodes - 3))) - (2 - breast))"
12,490,93,82.513661,0.448276,15,"(((3 * x8) + ((3 / x3) + (x3 - 3))) - (2 - x6))","(((3 * irradiat) + ((3 / inv_nodes) + (inv_nodes - 3))) - (2 - breast))"
12,490,94,82.513661,0.448276,15,"(((3 * x8) + ((3 / x3) + (x3 - 3))) - (2 - x6))","(((3 * irradiat) + ((3 / inv_nodes) + (inv_nodes - 3))) - (2 - breast))"
12,490,95,82.513661,0.448276,15,"(((3 * x8) + ((3 / x3) + (x3 - 3))) - (2 - x6))","(((3 * irradiat) + ((3 / inv_nodes) + (inv_nodes - 3))) - (2 - breast))"
12,490,96,82.513661,0.448276,15,"(((3 * x8) + ((3 / x3) + (x3 - 3))) - (2 - x6))","(((3 * irradiat) + ((3 / inv_nodes) + (inv_nodes - 3))) - (2 - breast))"
12,490,97,82.513661,0.448276,15,"(((3 * x8) + ((3 / x3) + (x3 - 3))) - (2 - x6))","(((3 * irradiat) + ((3 / inv_nodes) + (inv_nodes - 3))) - (2 - breast))"
12,490,98,82.513661,0.448276,15,"(((3 * x8) + ((3 / x3) + (x3 - 3))) - (2 - x6))","(((3 * irradiat) + ((3 / inv_nodes) + (inv_nodes - 3))) - (2 - breast))"
12,490,99,82.513661,0.448276,15,"(((3 * x8) + ((3 / x3) + (x3 - 3))) - (2 - x6))","(((3 * irradiat) + ((3 / inv_nodes) + (inv_nodes - 3))) - (2 - breast))"
12,490,100,82.513661,0.448276,15,"(((3 * x8) + ((3 / x3) + (x3 - 3))) - (2 - x6))","(((3 * irradiat) + ((3 / inv_nodes) + (inv_nodes - 3))) - (2 - breast))"
13,491,1,79.234973,0.136364,3,"(x3 - 3)","(inv_nodes - 3)"
13,491,2,81.420765,0.291667,7,"((x5 - 5) + (x5 / x8))","((degree_of_malignancy - 5) + (degree_of_malignancy / irradiat))"
13,491,3,81.420765,0.291667,7,"((x5 - 5) + (x5 * x8))","((degree_of_malignancy - 5) + (degree_of_malignancy * irradiat))"
13,491,4,81.420765,0.291667,7,"((x5 - 5) + (x5 / x8))","((degree_of_malignancy - 5) + (degree_of_malignancy / irradiat))"
13,491,5,81.420765,0.291667,7,"((x5 - 5) + (x5 / x8))","((degree_of_malignancy - 5) + (degree_of_malignancy / irradiat))"
13,491,6,81.420765,0.320000,11,"((x5 - 5) + (x5 / (x8 - (x5 / x2))))","((degree_of_malignancy - 5) + (degree_of_malignancy / (irradiat - (degree_of_malignancy / tumor_size))))"
13,491,7,81.420765,0.320000,11,"((x5 - 5) + (x5 / (x8 - (x5 / x2))))","((degree_of_malignancy - 5) + (degree_of_malignancy / (irradiat - (degree_of_malignancy / tumor_size))))"
13,491,8,81.967213,0.326531,11,"((x8 - 5) + (x5 / (x8 - (x5 / x2))))","((irradiat - 5) + (degree_of_malignancy / (irradiat - (degree_of_malignancy / tumor_size))))"
13,491,9,81.967213,0.326531,11,"((x8 - 5) + (x5 / (x8 - (x5 / x2))))","((irradiat - 5) + (degree_of_malignancy / (irradiat - (degree_of_malignancy / tumor_size))))"
13,491,10,81.967213,0.326531,11,"((x8 - 5) + (x5 / (x8 - (x5 / x2))))","((irradiat - 5) + (degree_of_malignancy / (irradiat - (degree_of_malignancy / tumor_size))))"
13,491,11,82.513661,0.333333,11,"((x8 - x2) + (x5 / (x8 - (x5 / x2))))","((irradiat - tumor_size) + (degree_of_malignancy / (irradiat - (degree_of_malignancy / tumor_size))))"
13,491,12,82.513661,0.333333,11,"((x8 - x2) + (x5 / (x8 - (x5 / x2))))","((irradiat - tumor_size) + (degree_of_malignancy / (irradiat - (degree_of_malignancy / tumor_size))))"
13,491,13,82.513661,0.333333,11,"((x8 - x2) + (x5 / (x8 - (x5 / x2))))","((irradiat - tumor_size) + (degree_of_malignancy / (irradiat - (degree_of_malignancy / tumor_size))))"
13,491,14,82.513661,0.333333,11,"((x8 - x2) + (x5 / (x8 - (x5 / x2))))","((irradiat - tumor_size) + (degree_of_malignancy / (irradiat - (degree_of_malignancy / tumor_size))))"
13,491,15,82.513661,0.333333,11,"((x8 - x2) + (x5 / (x8 - (x5 / x2))))","((irradiat - tumor_size) + (degree_of_malignancy / (irradiat - (degree_of_malignancy / tumor_size))))"
13,491,16,82.513661,0.333333,11,"((x8 - x2) + (x5 / (x8 - (x5 / x2))))","((irradiat - tumor_size) + (degree_of_malignancy / (irradiat - (degree_of_malignancy / tumor_size))))"
13,491,17,82.513661,0.333333,11,"((x8 - x2) + (x5 / (x8 - (x5 / x2))))","((irradiat - tumor_size) + (degree_of_malignancy / (irradiat - (degree_of_malignancy / tumor_size))))"
13,491,18,82.513661,0.333333,11,"((x8 - x2) + (x5 / (x8 - (x5 / x2))))","((irradiat - tumor_size) + (degree_of_malignancy / (irradiat - (degree_of_malignancy / tumor_size))))"
13,491,19,82.513661,0.333333,11,"((x8 - x2) + (x5 / (x8 - (x5 / x2))))","((irradiat - tumor_size) + (degree_of_malignancy / (irradiat - (degree_of_malignancy / tumor_size))))"
13,491,20,82.513661,0.333333,11,"((x8 - x2) + (x5 / (x8 - (x5 / x2))))","((irradiat - tumor_size) + (degree_of_malignancy / (irradiat - (degree_of_malignancy / tumor_size))))"
13,491,21,82.513661,0.333333,11,"((x8 - x2) + (x5 / (x8 - (x5 / x2))))","((irradiat - tumor_size) + (degree_of_malignancy / (irradiat - (degree_of_malignancy / tumor_size))))"
13,491,22,82.513661,0.333333,11,"((x8 - x2) + (x5 / (x8 - (x5 / x2))))","((irradiat - tumor_size) + (degree_of_malignancy / (irradiat - (degree_of_malignancy / tumor_size))))"
13,491,23,82.513661,0.333333,11,"((x8 - x2) + (x5 / (x8 - (x5 / x2))))","((irradiat - tumor_size) + (degree_of_malignancy / (irradiat - (degree_of_malignancy / tumor_size))))"
13,491,24,82.513661,0.333333,11,"((x8 - x2) + (x5 / (x8 - (x5 / x2))))","((irradiat - tumor_size) + (degree_of_malignancy / (irradiat - (degree_of_malignancy / tumor_size))))"
13,491,25,82.513661,0.333333,11,"((x8 - x2) + (x5 / (x8 - (x5 / x2))))","((irradiat - tumor_size) + (degree_of_malignancy / (irradiat - (degree_of_malignancy / tumor_size))))"
13,491,26,82.513661,0.333333,11,"((x8 - x2) + (x5 / (x8 - (x5 / x2))))","((irradiat - tumor_size) + (degree_of_malignancy / (irradiat - (degree_of_malignancy / tumor_size))))"
13,491,27,82.513661,0.333333,11,"((x8 - x2) + (x5 / (x8 - (x5 / x2))))","((irradiat - tumor_size) + (degree_of_malignancy / (irradiat - (degree_of_malignancy / tumor_size))))"
13,491,28,82.513661,0.333333,11,"((x8 - x2) + (x5 / (x8 - (x5 / x2))))","((irradiat - tumor_size) + (degree_of_malignancy / (irradiat - (degree_of_malignancy / tumor_size))))"
13,491,29,82.513661,0.333333,11,"((x8 - x2) + (x5 / (x8 - (x5 / x2))))","((irradiat - tumor_size) + (degree_of_malignancy / (irradiat - (degree_of_malignancy / tumor_size))))"
13,491,30,82.513661,0.333333,11,"((x8 - x2) + (x5 / (x8 - (x5 / x2))))","((irradiat - tumor_size) + (degree_of_malignancy / (irradiat - (degree_of_malignancy / tumor_size))))"
13,491,31,82.513661,0.333333,11,"((x8 - x2) + (x5 / (x8 - (x5 / x2))))","((irradiat - tumor_size) + (degree_of_malignancy / (irradiat - (degree_of_malignancy / tumor_size))))"
13,491,32,82.513661,0.333333,11,"((x8 - x2) + (x5 / (x8 - (x5 / x2))))","((irradiat - tumor_size) + (degree_of_malignancy / (irradiat - (degree_of_malignancy / tumor_size))))"
13,491,33,82.513661,0.333333,11,"((x8 - x2) + (x5 / (x8 - (x5 / x2))))","((irradiat - tumor_size) + (degree_of_malignancy / (irradiat - (degree_of_malignancy / tumor_size))))"
13,491,34,82.513661,0.333333,11,"((x8 - x2) + (x5 / (x8 - (x5 / x2))))","((irradiat - tumor_size) + (degree_of_malignancy / (irradiat - (degree_of_malignancy / tumor_size))))"
13,491,35,82.513661,0.333333,11,"((x8 - x2) + (x5 / (x8 - (x5 / x2))))","((irradiat - tumor_size) + (degree_of_malignancy / (irradiat - (degree_of_malignancy / tumor_size))))"
13,491,36,82.513661,0.333333,11,"((x8 - x2) + (x5 / (x8 - (x5 / x2))))","((irradiat - tumor_size) + (degree_of_malignancy / (irradiat - (degree_of_malignancy / tumor_size))))"
13,491,37,82.513661,0.333333,11,"((x8 - x2) + (x5 / (x8 - (x5 / x2))))","((irradiat - tumor_size) + (degree_of_malignancy / (irradiat - (degree_of_malignancy / tumor_size))))"
13,491,38,82.513661,0.333333,11,"((x8 - x2) + (x5 / (x8 - (x5 / x2))))","((irradiat - tumor_size) + (degree_of_malignancy / (irradiat - (degree_of_malignancy / tumor_size))))"
13,491,39,82.513661,0.333333,11,"((x8 - x2) + (x5 / (x8 - (x5 / x2))))","((irradiat - tumor_size) + (degree_of_malignancy / (irradiat - (degree_of_malignancy / tumor_size))))"
13,491,40,82.513661,0.333333,11,"((x8 - x2) + (x5 / (x8 - (x5 / x2))))","((irradiat - tumor_size) + (degree_of_malignancy / (irradiat - (degree_of_malignancy / tumor_size))))"
13,491,41,82.513661,0.333333,11,"((x8 - x2) + (x5 / (x8 - (x5 / x2))))","((irradiat - tumor_size) + (degree_of_malignancy / (irradiat - (degree_of_malignancy / tumor_size))))"
13,491,42,82.513661,0.333333,11,"((x8 - x2) + (x5 / (x8 - (x5 / x2))))","((irradiat - tumor_size) + (degree_of_malignancy / (irradiat - (degree_of_malignancy / tumor_size))))"
13,491,43,82.513661,0.333333,11,"((x8 - x2) + (x5 / (x8 - (x5 / x2))))","((irradiat - tumor_size) + (degree_of_malignancy / (irradiat - (degree_of_malignancy / tumor_size))))"
13,491,44,82.513661,0.333333,11,"((x8 - x2) + (x5 / (x8 - (x5 / x2))))","((irradiat - tumor_size) + (degree_of_malignancy / (irradiat - (degree_of_malignancy / tumor_size))))"
13,491,45,82.513661,0.333333,11,"((x8 - x2) + (x5 / (x8 - (x5 / x2))))","((irradiat - tumor_size) + (degree_of_malignancy / (irradiat - (degree_of_malignancy / tumor_size))))"
13,491,46,82.513661,0.333333,11,"((x8 - x2) + (x5 / (x8 - (x5 / x2))))","((irradiat - tumor_size) + (degree_of_malignancy / (irradiat - (degree_of_malignancy / tumor_size))))"
13,491,47,82.513661,0.333333,11,"((x8 - x2) + (x5 / (x8 - (x5 / x2))))","((irradiat - tumor_size) + (degree_of_malignancy / (irradiat - (degree_of_malignancy / tumor_size))))"
13,491,48,82.513661,0.333333,11,"((x8 - x2) + (x5 / (x8 - (x5 / x2))))","((irradiat - tumor_size) + (degree_of_malignancy / (irradiat - (degree_of_malignancy / tumor_size))))"
13,491,49,82.513661,0.333333,11,"((x8 - x2) + (x5 / (x8 - (x5 / x2))))","((irradiat - tumor_size) + (degree_of_malignancy / (irradiat - (degree_of_malignancy / tumor_size))))"
13,491,50,82.513661,0.333333,11,"((x8 - x2) + (x5 / (x8 - (x5 / x2))))","((irradiat - tumor_size) + (degree_of_malignancy / (irradiat - (degree_of_malignancy / tumor_size))))"
13,491,51,82.513661,0.333333,11,"((x8 - x2) + (x5 / (x8 - (x5 / x2))))","((irradiat - tumor_size) + (degree_of_malignancy / (irradiat - (degree_of_malignancy / tumor_size))))"
13,491,52,82.513661,0.333333,11,"((x8 - x2) + (x5 / (x8 - (x5 / x2))))","((irradiat - tumor_size) + (degree_of_malignancy / (irradiat - (degree_of_malignancy / tumor_size))))"
13,491,53,82.513661,0.333333,11,"((x8 - x2) + (x5 / (x8 - (x5 / x2))))","((irradiat - tumor_size) + (degree_of_malignancy / (irradiat - (degree_of_malignancy / tumor_size))))"
13,491,54,82.513661,0.333333,11,"((x8 - x2) + (x5 / (x8 - (x5 / x2))))","((irradiat - tumor_size) + (degree_of_malignancy / (irradiat - (degree_of_malignancy / tumor_size))))"
13,491,55,82.513661,0.333333,11,"((x8 - x2) + (x5 / (x8 - (x5 / x2))))","((irradiat - tumor_size) + (degree_of_malignancy / (irradiat - (degree_of_malignancy / tumor_size))))"
13,491,56,82.513661,0.333333,11,"((x8 - x2) + (x5 / (x8 - (x5 / x2))))","((irradiat - tumor_size) + (degree_of_malignancy / (irradiat - (degree_of_malignancy / tumor_size))))"
13,491,57,82.513661,0.333333,11,"((x8 - x2) + (x5 / (x8 - (x5 / x2))))","((irradiat - tumor_size) + (degree_of_malignancy / (irradiat - (degree_of_malignancy / tumor_size))))"
13,491,58,82.513661,0.333333,11,"((x8 - x2) + (x5 / (x8 - (x5 / x2))))","((irradiat - tumor_size) + (degree_of_malignancy / (irradiat - (degree_of_malignancy / tumor_size))))"
13,491,59,82.513661,0.333333,11,"((x8 - x2) + (x5 / (x8 - (x5 / x2))))","((irradiat - tumor_size) + (degree_of_malignancy / (irradiat - (degree_of_malignancy / tumor_size))))"
13,491,60,82.513661,0.333333,11,"((x8 - x2) + (x5 / (x8 - (x5 / x2))))","((irradiat - tumor_size) + (degree_of_malignancy / (irradiat - (degree_of_malignancy / tumor_size))))"
13,491,61,82.513661,0.333333,11,"((x8 - x2) + (x5 / (x8 - (x5 / x2))))","((irradiat - tumor_size) + (degree_of_malignancy / (irradiat - (degree_of_malignancy / tumor_size))))"
13,491,62,82.513661,0.333333,11,"((x8 - x2) + (x5 / (x8 - (x5 / x2))))","((irradiat - tumor_size) + (degree_of_malignancy / (irradiat - (degree_of_malignancy / tumor_size))))"
13,491,63,82.513661,0.333333,11,"((x8 - x2) + (x5 / (x8 - (x5 / x2))))","((irradiat - tumor_size) + (degree_of_malignancy / (irradiat - (degree_of_malignancy / tumor_size))))"
13,491,64,82.513661,0.333333,11,"((x8 - x2) + (x5 / (x8 - (x5 / x2))))","((irradiat - tumor_size) + (degree_of_malignancy / (irradiat - (degree_of_malignancy / tumor_size))))"
13,491,65,82.513661,0.333333,11,"((x8 - x2) + (x5 / (x8 - (x5 / x2))))","((irradiat - tumor_size) + (degree_of_malignancy / (irradiat - (degree_of_malignancy / tumor_size))))"
13,491,66,82.513661,0.333333,11,"((x8 - x2) + (x5 / (x8 - (x5 / x2))))","((irradiat - tumor_size) + (degree_of_malignancy / (irradiat - (degree_of_malignancy / tumor_size))))"
13,491,67,82.513661,0.333333,11,"((x8 - x2) + (x5 / (x8 - (x5 / x2))))","((irradiat - tumor_size) + (degree_of_malignancy / (irradiat - (degree_of_malignancy / tumor_size))))"
13,491,68,82.513661,0.333333,11,"((x8 - x2) + (x5 / (x8 - (x5 / x2))))","((irradiat - tumor_size) + (degree_of_malignancy / (irradiat - (degree_of_malignancy / tumor_size))))"
13,491,69,82.513661,0.333333,11,"((x8 - x2) + (x5 / (x8 - (x5 / x2))))","((irradiat - tumor_size) + (degree_of_malignancy / (irradiat - (degree_of_malignancy / tumor_size))))"
13,491,70,82.513661,0.333333,11,"((x8 - x2) + (x5 / (x8 - (x5 / x2))))","((irradiat - tumor_size) + (degree_of_malignancy / (irradiat - (degree_of_malignancy / tumor_size))))"
13,491,71,82.513661,0.333333,11,"((x8 - x2) + (x5 / (x8 - (x5 / x2))))","((irradiat - tumor_size) + (degree_of_malignancy / (irradiat - (degree_of_malignancy / tumor_size))))"
13,491,72,82.513661,0.333333,11,"((x8 - x2) + (x5 / (x8 - (x5 / x2))))","((irradiat - tumor_size) + (degree_of_malignancy / (irradiat - (degree_of_malignancy / tumor_size))))"
13,491,73,82.513661,0.333333,11,"((x8 - x2) + (x5 / (x8 - (x5 / x2))))","((irradiat - tumor_size) + (degree_of_malignancy / (irradiat - (degree_of_malignancy / tumor_size))))"
13,491,74,82.513661,0.333333,11,"((x8 - x2) + (x5 / (x8 - (x5 / x2))))","((irradiat - tumor_size) + (degree_of_malignancy / (irradiat - (degree_of_malignancy / tumor_size))))"
13,491,75,82.513661,0.333333,11,"((x8 - x2) + (x5 / (x8 - (x5 / x2))))","((irradiat - tumor_size) + (degree_of_malignancy / (irradiat - (degree_of_malignancy / tumor_size))))"
13,491,76,82.513661,0.333333,11,"((x8 - x2) + (x5 / (x8 - (x5 / x2))))","((irradiat - tumor_size) + (degree_of_malignancy / (irradiat - (degree_of_malignancy / tumor_size))))"
13,491,77,82.513661,0.333333,11,"((x8 - x2) + (x5 / (x8 - (x5 / x2))))","((irradiat - tumor_size) + (degree_of_malignancy / (irradiat - (degree_of_malignancy / tumor_size))))"
13,491,78,82.513661,0.333333,11,"((x8 - x2) + (x5 / (x8 - (x5 / x2))))","((irradiat - tumor_size) + (degree_of_malignancy / (irradiat - (degree_of_malignancy / tumor_size))))"
13,491,79,82.513661,0.333333,11,"((x8 - x2) + (x5 / (x8 - (x5 / x2))))","((irradiat - tumor_size) + (degree_of_malignancy / (irradiat - (degree_of_malignancy / tumor_size))))"
13,491,80,82.513661,0.333333,11,"((x8 - x2) + (x5 / (x8 - (x5 / x2))))","((irradiat - tumor_size) + (degree_of_malignancy / (irradiat - (degree_of_malignancy / tumor_size))))"
13,491,81,82.513661,0.333333,11,"((x8 - x2) + (x5 / (x8 - (x5 / x2))))","((irradiat - tumor_size) + (degree_of_malignancy / (irradiat - (degree_of_malignancy / tumor_size))))"
13,491,82,82.513661,0.333333,11,"((x8 - x2) + (x5 / (x8 - (x5 / x2))))","((irradiat - tumor_size) + (degree_of_malignancy / (irradiat - (degree_of_malignancy / tumor_size))))"
13,491,83,82.513661,0.333333,11,"((x8 - x2) + (x5 / (x8 - (x5 / x2))))","((irradiat - tumor_size) + (degree_of_malignancy / (irradiat - (degree_of_malignancy / tumor_size))))"
13,491,84,83.060109,0.392157,15,"(((x8 / (x5 / x2)) - x2) + (x5 / (x8 - (x5 / x2))))","(((irradiat / (degree_of_malignancy / tumor_size)) - tumor_size) + (degree_of_malignancy / (irradiat - (degree_of_malignancy / tumor_size))))"
13,491,85,82.513661,0.333333,11,"((x8 - x2) + (x5 / (x8 - (x5 / x2))))","((irradiat - tumor_size) + (degree_of_malignancy / (irradiat - (degree_of_malignancy / tumor_size))))"
13,491,86,82.513661,0.333333,11,"((x8 - x2) + (x5 / (x8 - (x5 / x2))))","((irradiat - tumor_size) + (degree_of_malignancy / (irradiat - (degree_of_malignancy / tumor_size))))"
13,491,87,82.513661,0.333333,11,"((x8 - x2) + (x5 / (x8 - (x5 / x2))))","((irradiat - tumor_size) + (degree_of_malignancy / (irradiat - (degree_of_malignancy / tumor_size))))"
13,491,88,82.513661,0.333333,11,"((x8 - x2) + (x5 / (x8 - (x5 / x2))))","((irradiat - tumor_size) + (degree_of_malignancy / (irradiat - (degree_of_malignancy / tumor_size))))"
13,491,89,82.513661,0.333333,11,"((x8 - x2) + (x5 / (x8 - (x5 / x2))))","((irradiat - tumor_size) + (degree_of_malignancy / (irradiat - (degree_of_malignancy / tumor_size))))"
13,491,90,82.513661,0.333333,11,"((x8 - x2) + (x5 / (x8 - (x5 / x2))))","((irradiat - tumor_size) + (degree_of_malignancy / (irradiat - (degree_of_malignancy / tumor_size))))"
13,491,91,82.513661,0.333333,11,"((x8 - x2) + (x5 / (x8 - (x5 / x2))))","((irradiat - tumor_size) + (degree_of_malignancy / (irradiat - (degree_of_malignancy / tumor_size))))"
13,491,92,82.513661,0.333333,11,"((x8 - x2) + (x5 / (x8 - (x5 / x2))))","((irradiat - tumor_size) + (degree_of_malignancy / (irradiat - (degree_of_malignancy / tumor_size))))"
13,491,93,82.513661,0.333333,11,"((x8 - x2) + (x5 / (x8 - (x5 / x2))))","((irradiat - tumor_size) + (degree_of_malignancy / (irradiat - (degree_of_malignancy / tumor_size))))"
13,491,94,82.513661,0.333333,11,"((x8 - x2) + (x5 / (x8 - (x5 / x2))))","((irradiat - tumor_size) + (degree_of_malignancy / (irradiat - (degree_of_malignancy / tumor_size))))"
13,491,95,82.513661,0.333333,11,"((x8 - x2) + (x5 / (x8 - (x5 / x2))))","((irradiat - tumor_size) + (degree_of_malignancy / (irradiat - (degree_of_malignancy / tumor_size))))"
13,491,96,82.513661,0.333333,11,"((x8 - x2) + (x5 / (x8 - (x5 / x2))))","((irradiat - tumor_size) + (degree_of_malignancy / (irradiat - (degree_of_malignancy / tumor_size))))"
13,491,97,82.513661,0.333333,11,"((x8 - x2) + (x5 / (x8 - (x5 / x2))))","((irradiat - tumor_size) + (degree_of_malignancy / (irradiat - (degree_of_malignancy / tumor_size))))"
13,491,98,82.513661,0.333333,11,"((x8 - x2) + (x5 / (x8 - (x5 / x2))))","((irradiat - tumor_size) + (degree_of_malignancy / (irradiat - (degree_of_malignancy / tumor_size))))"
13,491,99,82.513661,0.333333,11,"((x8 - x2) + (x5 / (x8 - (x5 / x2))))","((irradiat - tumor_size) + (degree_of_malignancy / (irradiat - (degree_of_malignancy / tumor_size))))"
13,491,100,82.513661,0.333333,11,"((x8 - x2) + (x5 / (x8 - (x5 / x2))))","((irradiat - tumor_size) + (degree_of_malignancy / (irradiat - (degree_of_malignancy / tumor_size))))"
14,492,1,79.781421,0.097561,7,"((x3 / 3) - (10 / x7))","((inv_nodes / 3) - (10 / breast_quad))"
14,492,2,80.327869,0.217391,5,"(x4 - (10 / x7))","(node_caps - (10 / breast_quad))"
14,492,3,79.781421,0.139535,9,"((x1 * (5 * x3)) - (3 / x1))","((menopause * (5 * inv_nodes)) - (3 / menopause))"
14,492,4,80.327869,0.217391,5,"(x4 - (10 / x7))","(node_caps - (10 / breast_quad))"
14,492,5,80.874317,0.285714,7,"(x3 + (x4 - (7 / x7)))","(inv_nodes + (node_caps - (7 / breast_quad)))"
14,492,6,80.874317,0.255319,5,"(x3 - (10 / x7))","(inv_nodes - (10 / breast_quad))"
14,492,7,80.874317,0.255319,5,"(x3 - (10 / x7))","(inv_nodes - (10 / breast_quad))"
14,492,8,80.874317,0.255319,5,"(x3 - (10 / x7))","(inv_nodes - (10 / breast_quad))"
14,492,9,80.874317,0.285714,5,"(x3 - (5 / x7))","(inv_nodes - (5 / breast_quad))"
14,492,10,80.874317,0.285714,7,"(x3 + (x3 - (10 / x7)))","(inv_nodes + (inv_nodes - (10 / breast_quad)))"
14,492,11,80.874317,0.285714,7,"(x3 + (x3 - (10 / x7)))","(inv_nodes + (inv_nodes - (10 / breast_quad)))"
14,492,12,80.874317,0.285714,7,"(x3 + (x3 - (10 / x7)))","(inv_nodes + (inv_nodes - (10 / breast_quad)))"
14,492,13,80.874317,0.285714,7,"(x3 + (x3 - (10 / x7)))","(inv_nodes + (inv_nodes - (10 / breast_quad)))"
14,492,14,80.874317,0.285714,7,"(x3 + (x3 - (10 / x7)))","(inv_nodes + (inv_nodes - (10 / breast_quad)))"
14,492,15,80.874317,0.285714,7,"(x3 + (x3 - (10 / x7)))","(inv_nodes + (inv_nodes - (10 / breast_quad)))"
14,492,16,80.874317,0.285714,7,"(x3 + (x3 - (10 / x7)))","(inv_nodes + (inv_nodes - (10 / breast_quad)))"
14,492,17,80.874317,0.285714,7,"(x3 + (x3 - (10 / x7)))","(inv_nodes + (inv_nodes - (10 / breast_quad)))"
14,492,18,80.874317,0.285714,7,"(x3 + (x3 - (10 / x7)))","(inv_nodes + (inv_nodes - (10 / breast_quad)))"
14,492,19,80.874317,0.285714,7,"(x3 + (x3 - (10 / x7)))","(inv_nodes + (inv_nodes - (10 / breast_quad)))"
14,492,20,80.874317,0.285714,7,"(x3 + (x3 - (10 / x7)))","(inv_nodes + (inv_nodes - (10 / breast_quad)))"
14,492,21,80.874317,0.285714,7,"(x3 + (x3 - (10 / x7)))","(inv_nodes + (inv_nodes - (10 / breast_quad)))"
14,492,22,80.874317,0.285714,7,"(x3 + (x3 - (10 / x7)))","(inv_nodes + (inv_nodes - (10 / breast_quad)))"
14,492,23,80.874317,0.285714,7,"(x3 + (x3 - (10 / x7)))","(inv_nodes + (inv_nodes - (10 / breast_quad)))"
14,492,24,80.874317,0.285714,7,"(x3 + (x3 - (10 / x7)))","(inv_nodes + (inv_nodes - (10 / breast_quad)))"
14,492,25,80.874317,0.285714,7,"(x3 + (x3 - (10 / x7)))","(inv_nodes + (inv_nodes - (10 / breast_quad)))"
14,492,26,80.874317,0.285714,7,"(x3 + (x3 - (10 / x7)))","(inv_nodes + (inv_nodes - (10 / breast_quad)))"
14,492,27,80.874317,0.285714,7,"(x3 + (x3 - (10 / x7)))","(inv_nodes + (inv_nodes - (10 / breast_quad)))"
14,492,28,80.874317,0.285714,7,"(x3 + (x3 - (10 / x7)))","(inv_nodes + (inv_nodes - (10 / breast_quad)))"
14,492,29,80.874317,0.285714,7,"(x3 + (x3 - (10 / x7)))","(inv_nodes + (inv_nodes - (10 / breast_quad)))"
14,492,30,80.874317,0.285714,7,"(x3 + (x3 - (10 / x7)))","(inv_nodes + (inv_nodes - (10 / breast_quad)))"
14,492,31,80.874317,0.285714,7,"(x3 + (x3 - (10 / x7)))","(inv_nodes + (inv_nodes - (10 / breast_quad)))"
14,492,32,80.874317,0.285714,7,"(x3 + (x3 - (10 / x7)))","(inv_nodes + (inv_nodes - (10 / breast_quad)))"
14,492,33,80.874317,0.285714,7,"(x3 + (x3 - (10 / x7)))","(inv_nodes + (inv_nodes - (10 / breast_quad)))"
14,492,34,80.874317,0.285714,7,"(x3 + (x3 - (10 / x7)))","(inv_nodes + (inv_nodes - (10 / breast_quad)))"
14,492,35,80.874317,0.285714,7,"(x3 + (x3 - (10 / x7)))","(inv_nodes + (inv_nodes - (10 / breast_quad)))"
14,492,36,80.874317,0.285714,7,"(x3 + (x3 - (10 / x7)))","(inv_nodes + (inv_nodes - (10 / breast_quad)))"
14,492,37,80.874317,0.285714,7,"(x3 + (x3 - (10 / x7)))","(inv_nodes + (inv_nodes - (10 / breast_quad)))"
14,492,38,80.874317,0.285714,7,"(x3 + (x3 - (10 / x7)))","(inv_nodes + (inv_nodes - (10 / breast_quad)))"
14,492,39,80.874317,0.285714,7,"(x3 + (x3 - (10 / x7)))","(inv_nodes + (inv_nodes - (10 / breast_quad)))"
14,492,40,80.874317,0.285714,7,"(x3 + (x3 - (10 / x7)))","(inv_nodes + (inv_nodes - (10 / breast_quad)))"
14,492,41,80.874317,0.285714,7,"(x3 + (x3 - (10 / x7)))","(inv_nodes + (inv_nodes - (10 / breast_quad)))"
14,492,42,80.874317,0.285714,7,"(x3 + (x3 - (10 / x7)))","(inv_nodes + (inv_nodes - (10 / breast_quad)))"
14,492,43,80.874317,0.285714,7,"(x3 + (x3 - (10 / x7)))","(inv_nodes + (inv_nodes - (10 / breast_quad)))"
14,492,44,80.874317,0.285714,7,"(x3 + (x3 - (10 / x7)))","(inv_nodes + (inv_nodes - (10 / breast_quad)))"
14,492,45,80.874317,0.285714,7,"(x3 + (x3 - (10 / x7)))","(inv_nodes + (inv_nodes - (10 / breast_quad)))"
14,492,46,80.874317,0.285714,7,"(x3 + (x3 - (10 / x7)))","(inv_nodes + (inv_nodes - (10 / breast_quad)))"
14,492,47,80.874317,0.285714,7,"(x3 + (x3 - (10 / x7)))","(inv_nodes + (inv_nodes - (10 / breast_quad)))"
14,492,48,80.874317,0.285714,7,"(x3 + (x3 - (10 / x7)))","(inv_nodes + (inv_nodes - (10 / breast_quad)))"
14,492,49,80.874317,0.285714,7,"(x3 + (x3 - (10 / x7)))","(inv_nodes + (inv_nodes - (10 / breast_quad)))"
14,492,50,80.874317,0.285714,7,"(x3 + (x3 - (10 / x7)))","(inv_nodes + (inv_nodes - (10 / breast_quad)))"
14,492,51,80.874317,0.285714,7,"(x3 + (x3 - (10 / x7)))","(inv_nodes + (inv_nodes - (10 / breast_quad)))"
14,492,52,80.874317,0.285714,7,"(x3 + (x3 - (10 / x7)))","(inv_nodes + (inv_nodes - (10 / breast_quad)))"
14,492,53,80.874317,0.285714,7,"(x3 + (x3 - (10 / x7)))","(inv_nodes + (inv_nodes - (10 / breast_quad)))"
14,492,54,80.874317,0.285714,7,"(x3 + (x3 - (10 / x7)))","(inv_nodes + (inv_nodes - (10 / breast_quad)))"
14,492,55,80.874317,0.285714,7,"(x3 + (x3 - (10 / x7)))","(inv_nodes + (inv_nodes - (10 / breast_quad)))"
14,492,56,80.874317,0.285714,7,"(x3 + (x3 - (10 / x7)))","(inv_nodes + (inv_nodes - (10 / breast_quad)))"
14,492,57,80.874317,0.285714,7,"(x3 + (x3 - (10 / x7)))","(inv_nodes + (inv_nodes - (10 / breast_quad)))"
14,492,58,80.874317,0.285714,7,"(x3 + (x3 - (10 / x7)))","(inv_nodes + (inv_nodes - (10 / breast_quad)))"
14,492,59,80.874317,0.285714,7,"(x3 + (x3 - (10 / x7)))","(inv_nodes + (inv_nodes - (10 / breast_quad)))"
14,492,60,80.874317,0.285714,7,"(x3 + (x3 - (10 / x7)))","(inv_nodes + (inv_nodes - (10 / breast_quad)))"
14,492,61,80.874317,0.285714,7,"(x3 + (x3 - (10 / x7)))","(inv_nodes + (inv_nodes - (10 / breast_quad)))"
14,492,62,80.874317,0.285714,7,"(x3 + (x3 - (10 / x7)))","(inv_nodes + (inv_nodes - (10 / breast_quad)))"
14,492,63,80.874317,0.285714,7,"(x3 + (x3 - (10 / x7)))","(inv_nodes + (inv_nodes - (10 / breast_quad)))"
14,492,64,80.874317,0.285714,7,"(x3 + (x3 - (10 / x7)))","(inv_nodes + (inv_nodes - (10 / breast_quad)))"
14,492,65,80.874317,0.285714,7,"(x3 + (x3 - (10 / x7)))","(inv_nodes + (inv_nodes - (10 / breast_quad)))"
14,492,66,80.874317,0.285714,7,"(x3 + (x3 - (10 / x7)))","(inv_nodes + (inv_nodes - (10 / breast_quad)))"
14,492,67,80.874317,0.285714,7,"(x3 + (x3 - (10 / x7)))","(inv_nodes + (inv_nodes - (10 / breast_quad)))"
14,492,68,80.874317,0.285714,7,"(x3 + (x3 - (10 / x7)))","(inv_nodes + (inv_nodes - (10 / breast_quad)))"
14,492,69,80.874317,0.285714,7,"(x3 + (x3 - (10 / x7)))","(inv_nodes + (inv_nodes - (10 / breast_quad)))"
14,492,70,80.874317,0.285714,7,"(x3 + (x3 - (10 / x7)))","(inv_nodes + (inv_nodes - (10 / breast_quad)))"
14,492,71,80.874317,0.285714,7,"(x3 + (x3 - (10 / x7)))","(inv_nodes + (inv_nodes - (10 / breast_quad)))"
14,492,72,80.874317,0.285714,7,"(x3 + (x3 - (10 / x7)))","(inv_nodes + (inv_nodes - (10 / breast_quad)))"
14,492,73,80.874317,0.285714,7,"(x3 + (x3 - (10 / x7)))","(inv_nodes + (inv_nodes - (10 / breast_quad)))"
14,492,74,80.874317,0.285714,7,"(x3 + (x3 - (10 / x7)))","(inv_nodes + (inv_nodes - (10 / breast_quad)))"
14,492,75,80.874317,0.285714,7,"(x3 + (x3 - (10 / x7)))","(inv_nodes + (inv_nodes - (10 / breast_quad)))"
14,492,76,80.874317,0.285714,7,"(x3 + (x3 - (10 / x7)))","(inv_nodes + (inv_nodes - (10 / breast_quad)))"
14,492,77,80.874317,0.285714,7,"(x3 + (x3 - (10 / x7)))","(inv_nodes + (inv_nodes - (10 / breast_quad)))"
14,492,78,80.874317,0.285714,7,"(x3 + (x3 - (10 / x7)))","(inv_nodes + (inv_nodes - (10 / breast_quad)))"
14,492,79,80.874317,0.285714,7,"(x3 + (x3 - (10 / x7)))","(inv_nodes + (inv_nodes - (10 / breast_quad)))"
14,492,80,80.874317,0.285714,7,"(x3 + (x3 - (10 / x7)))","(inv_nodes + (inv_nodes - (10 / breast_quad)))"
14,492,81,80.874317,0.285714,7,"(x3 + (x3 - (10 / x7)))","(inv_nodes + (inv_nodes - (10 / breast_quad)))"
14,492,82,80.874317,0.285714,7,"(x3 + (x3 - (10 / x7)))","(inv_nodes + (inv_nodes - (10 / breast_quad)))"
14,492,83,80.874317,0.285714,7,"(x3 + (x3 - (10 / x7)))","(inv_nodes + (inv_nodes - (10 / breast_quad)))"
14,492,84,80.874317,0.285714,7,"(x3 + (x3 - (10 / x7)))","(inv_nodes + (inv_nodes - (10 / breast_quad)))"
14,492,85,80.874317,0.285714,7,"(x3 + (x3 - (10 / x7)))","(inv_nodes + (inv_nodes - (10 / breast_quad)))"
14,492,86,80.874317,0.285714,7,"(x3 + (x3 - (10 / x7)))","(inv_nodes + (inv_nodes - (10 / breast_quad)))"
14,492,87,80.874317,0.285714,7,"(x3 + (x3 - (10 / x7)))","(inv_nodes + (inv_nodes - (10 / breast_quad)))"
14,492,88,80.874317,0.285714,7,"(x3 + (x3 - (10 / x7)))","(inv_nodes + (inv_nodes - (10 / breast_quad)))"
14,492,89,80.874317,0.285714,7,"(x3 + (x3 - (10 / x7)))","(inv_nodes + (inv_nodes - (10 / breast_quad)))"
14,492,90,80.874317,0.285714,7,"(x3 + (x3 - (10 / x7)))","(inv_nodes + (inv_nodes - (10 / breast_quad)))"
14,492,91,80.874317,0.285714,7,"(x3 + (x3 - (10 / x7)))","(inv_nodes + (inv_nodes - (10 / breast_quad)))"
14,492,92,80.874317,0.285714,7,"(x3 + (x3 - (10 / x7)))","(inv_nodes + (inv_nodes - (10 / breast_quad)))"
14,492,93,80.874317,0.285714,7,"(x3 + (x3 - (10 / x7)))","(inv_nodes + (inv_nodes - (10 / breast_quad)))"
14,492,94,80.874317,0.285714,7,"(x3 + (x3 - (10 / x7)))","(inv_nodes + (inv_nodes - (10 / breast_quad)))"
14,492,95,80.874317,0.285714,7,"(x3 + (x3 - (10 / x7)))","(inv_nodes + (inv_nodes - (10 / breast_quad)))"
14,492,96,80.874317,0.285714,7,"(x3 + (x3 - (10 / x7)))","(inv_nodes + (inv_nodes - (10 / breast_quad)))"
14,492,97,80.874317,0.285714,7,"(x3 + (x3 - (10 / x7)))","(inv_nodes + (inv_nodes - (10 / breast_quad)))"
14,492,98,80.874317,0.285714,7,"(x3 + (x3 - (10 / x7)))","(inv_nodes + (inv_nodes - (10 / breast_quad)))"
14,492,99,80.874317,0.285714,7,"(x3 + (x3 - (10 / x7)))","(inv_nodes + (inv_nodes - (10 / breast_quad)))"
14,492,100,80.874317,0.285714,7,"(x3 + (x3 - (10 / x7)))","(inv_nodes + (inv_nodes - (10 / breast_quad)))"
15,493,1,78.688525,0.170213,7,"((x8 * x5) - (7 / x3))","((irradiat * degree_of_malignancy) - (7 / inv_nodes))"
15,493,2,79.234973,0.173913,7,"((x6 / x3) / (x5 - 5))","((breast / inv_nodes) / (degree_of_malignancy - 5))"
15,493,3,79.234973,0.173913,7,"((x6 / x3) / (x5 - 7))","((breast / inv_nodes) / (degree_of_malignancy - 7))"
15,493,4,79.234973,0.344828,5,"((x8 * x5) - x5)","((irradiat * degree_of_malignancy) - degree_of_malignancy)"
15,493,5,79.781421,0.274510,5,"((7 / x3) - 5)","((7 / inv_nodes) - 5)"
15,493,6,80.327869,0.333333,9,"((x6 / x3) / ((7 / x3) - 5))","((breast / inv_nodes) / ((7 / inv_nodes) - 5))"
15,493,7,80.327869,0.333333,9,"((x6 / x3) / ((7 / x3) - 5))","((breast / inv_nodes) / ((7 / inv_nodes) - 5))"
15,493,8,80.327869,0.333333,9,"((x6 / x3) / ((7 / x3) - 5))","((breast / inv_nodes) / ((7 / inv_nodes) - 5))"
15,493,9,80.327869,0.333333,9,"((x6 / x3) / ((7 / x3) - 5))","((breast / inv_nodes) / ((7 / inv_nodes) - 5))"
15,493,10,80.327869,0.333333,9,"((x6 / x3) * ((7 / x3) - 7))","((breast / inv_nodes) * ((7 / inv_nodes) - 7))"
15,493,11,80.327869,0.333333,9,"((x6 / x3) / ((7 / x3) - 5))","((breast / inv_nodes) / ((7 / inv_nodes) - 5))"
15,493,12,80.327869,0.333333,9,"((x6 / x3) * ((7 / x3) - 5))","((breast / inv_nodes) * ((7 / inv_nodes) - 5))"
15,493,13,80.327869,0.333333,9,"((x6 / x3) / ((8 / x3) - 5))","((breast / inv_nodes) / ((8 / inv_nodes) - 5))"
15,493,14,80.327869,0.333333,9,"((x6 / x3) / ((7 / x3) - 7))","((breast / inv_nodes) / ((7 / inv_nodes) - 7))"
15,493,15,80.327869,0.333333,9,"((x6 / x3) / ((7 / x3) - 7))","((breast / inv_nodes) / ((7 / inv_nodes) - 7))"
15,493,16,80.327869,0.333333,9,"((x6 / x3) * ((7 / x3) - 5))","((breast / inv_nodes) * ((7 / inv_nodes) - 5))"
15,493,17,80.327869,0.333333,9,"((x6 / x3) * ((7 / x3) - 5))","((breast / inv_nodes) * ((7 / inv_nodes) - 5))"
15,493,18,80.327869,0.333333,9,"((x6 / x3) * ((7 / x3) - 7))","((breast / inv_nodes) * ((7 / inv_nodes) - 7))"
15,493,19,80.327869,0.333333,9,"((x6 / x3) / ((7 / x3) - 7))","((breast / inv_nodes) / ((7 / inv_nodes) - 7))"
15,493,20,80.327869,0.333333,9,"((x6 / x3) * ((7 / x3) - 7))","((breast / inv_nodes) * ((7 / inv_nodes) - 7))"
15,493,21,80.327869,0.333333,9,"((x6 / x3) / ((7 / x3) - 7))","((breast / inv_nodes) / ((7 / inv_nodes) - 7))"
15,493,22,80.327869,0.333333,9,"((x6 / x3) / ((7 / x3) - 7))","((breast / inv_nodes) / ((7 / inv_nodes) - 7))"
15,493,23,80.327869,0.333333,9,"((x6 / x3) * ((7 / x3) - 7))","((breast / inv_nodes) * ((7 / inv_nodes) - 7))"
15,493,24,80.327869,0.333333,9,"((x6 / x3) / ((7 / x3) - 7))","((breast / inv_nodes) / ((7 / inv_nodes) - 7))"
15,493,25,80.327869,0.333333,9,"((x6 / x3) / ((7 / x3) - 7))","((breast / inv_nodes) / ((7 / inv_nodes) - 7))"
15,493,26,80.327869,0.333333,9,"((x6 / x3) * ((7 / x3) - 7))","((breast / inv_nodes) * ((7 / inv_nodes) - 7))"
15,493,27,80.327869,0.333333,9,"((x6 / x3) / ((7 / x3) - 5))","((breast / inv_nodes) / ((7 / inv_nodes) - 5))"
15,493,28,80.327869,0.333333,9,"((x6 / x3) * ((7 / x3) - 7))","((breast / inv_nodes) * ((7 / inv_nodes) - 7))"
15,493,29,80.327869,0.333333,9,"((x6 / x3) * ((7 / x3) - 7))","((breast / inv_nodes) * ((7 / inv_nodes) - 7))"
15,493,30,80.327869,0.333333,9,"((x6 / x3) / ((7 / x3) - 5))","((breast / inv_nodes) / ((7 / inv_nodes) - 5))"
15,493,31,80.327869,0.333333,9,"((x6 / x3) / ((7 / x3) - 7))","((breast / inv_nodes) / ((7 / inv_nodes) - 7))"
15,493,32,80.327869,0.333333,9,"((x6 / x3) / ((7 / x3) - 5))","((breast / inv_nodes) / ((7 / inv_nodes) - 5))"
15,493,33,80.327869,0.333333,9,"((x6 / x3) / ((7 / x3) - 7))","((breast / inv_nodes) / ((7 / inv_nodes) - 7))"
15,493,34,80.327869,0.333333,9,"((x6 / x3) * ((7 / x3) - 7))","((breast / inv_nodes) * ((7 / inv_nodes) - 7))"
15,493,35,80.327869,0.333333,9,"((x6 / x3) / ((7 / x3) - 7))","((breast / inv_nodes) / ((7 / inv_nodes) - 7))"
15,493,36,80.327869,0.333333,9,"((x6 / x3) * ((7 / x3) - 7))","((breast / inv_nodes) * ((7 / inv_nodes) - 7))"
15,493,37,80.327869,0.333333,9,"((x6 / x3) / ((7 / x3) - 7))","((breast / inv_nodes) / ((7 / inv_nodes) - 7))"
15,493,38,80.327869,0.333333,9,"((x6 / x3) / ((7 / x3) - 7))","((breast / inv_nodes) / ((7 / inv_nodes) - 7))"
15,493,39,80.327869,0.333333,9,"((x6 / x3) / ((7 / x3) - 7))","((breast / inv_nodes) / ((7 / inv_nodes) - 7))"
15,493,40,80.327869,0.333333,9,"((x6 / x3) * ((7 / x3) - 7))","((breast / inv_nodes) * ((7 / inv_nodes) - 7))"
15,493,41,80.327869,0.333333,9,"((x6 / x3) / ((7 / x3) - 7))","((breast / inv_nodes) / ((7 / inv_nodes) - 7))"
15,493,42,80.327869,0.333333,9,"((x6 / x3) / ((7 / x3) - 7))","((breast / inv_nodes) / ((7 / inv_nodes) - 7))"
15,493,43,80.327869,0.333333,9,"((x6 / x3) * ((7 / x3) - 7))","((breast / inv_nodes) * ((7 / inv_nodes) - 7))"
15,493,44,80.327869,0.333333,9,"((x6 / x3) * ((7 / x3) - 7))","((breast / inv_nodes) * ((7 / inv_nodes) - 7))"
15,493,45,80.327869,0.333333,9,"((x6 / x3) * ((7 / x3) - 7))","((breast / inv_nodes) * ((7 / inv_nodes) - 7))"
15,493,46,80.327869,0.333333,9,"((x6 / x3) * ((7 / x3) - 7))","((breast / inv_nodes) * ((7 / inv_nodes) - 7))"
15,493,47,80.327869,0.333333,9,"((x6 / x3) / ((7 / x3) - 7))","((breast / inv_nodes) / ((7 / inv_nodes) - 7))"
15,493,48,80.327869,0.333333,9,"((x6 / x3) / ((7 / x3) - 7))","((breast / inv_nodes) / ((7 / inv_nodes) - 7))"
15,493,49,80.327869,0.333333,9,"((x6 / x3) * ((7 / x3) - 7))","((breast / inv_nodes) * ((7 / inv_nodes) - 7))"
15,493,50,80.327869,0.333333,9,"((x6 / x3) * ((7 / x3) - 7))","((breast / inv_nodes) * ((7 / inv_nodes) - 7))"
15,493,51,80.327869,0.333333,9,"((x6 / x3) / ((7 / x3) - 7))","((breast / inv_nodes) / ((7 / inv_nodes) - 7))"
15,493,52,80.327869,0.333333,9,"((x6 / x3) / ((7 / x3) - 7))","((breast / inv_nodes) / ((7 / inv_nodes) - 7))"
15,493,53,80.327869,0.333333,9,"((x6 / x3) * ((7 / x3) - 7))","((breast / inv_nodes) * ((7 / inv_nodes) - 7))"
15,493,54,80.327869,0.333333,9,"((x6 / x3) * ((7 / x3) - 7))","((breast / inv_nodes) * ((7 / inv_nodes) - 7))"
15,493,55,80.327869,0.333333,9,"((x6 / x3) * ((7 / x3) - 7))","((breast / inv_nodes) * ((7 / inv_nodes) - 7))"
15,493,56,80.327869,0.333333,9,"((x6 / x3) / ((7 / x3) - 7))","((breast / inv_nodes) / ((7 / inv_nodes) - 7))"
15,493,57,80.327869,0.333333,9,"((x6 / x3) / ((7 / x3) - 7))","((breast / inv_nodes) / ((7 / inv_nodes) - 7))"
15,493,58,80.327869,0.333333,9,"((x6 / x3) * ((7 / x3) - 7))","((breast / inv_nodes) * ((7 / inv_nodes) - 7))"
15,493,59,80.327869,0.333333,9,"((x6 / x3) * ((7 / x3) - 7))","((breast / inv_nodes) * ((7 / inv_nodes) - 7))"
15,493,60,80.327869,0.333333,9,"((x6 / x3) / ((7 / x3) - 7))","((breast / inv_nodes) / ((7 / inv_nodes) - 7))"
15,493,61,80.327869,0.333333,9,"((x6 / x3) * ((7 / x3) - 7))","((breast / inv_nodes) * ((7 / inv_nodes) - 7))"
15,493,62,80.327869,0.333333,9,"((x6 / x3) * ((7 / x3) - 7))","((breast / inv_nodes) * ((7 / inv_nodes) - 7))"
15,493,63,80.327869,0.333333,9,"((x6 / x3) / ((7 / x3) - 7))","((breast / inv_nodes) / ((7 / inv_nodes) - 7))"
15,493,64,80.327869,0.333333,9,"((x6 / x3) * ((7 / x3) - 7))","((breast / inv_nodes) * ((7 / inv_nodes) - 7))"
15,493,65,80.327869,0.333333,9,"((x6 / x3) * ((7 / x3) - 7))","((breast / inv_nodes) * ((7 / inv_nodes) - 7))"
15,493,66,80.327869,0.333333,9,"((x6 / x3) / ((7 / x3) - 7))","((breast / inv_nodes) / ((7 / inv_nodes) - 7))"
15,493,67,80.327869,0.333333,9,"((x6 / x3) * ((7 / x3) - 7))","((breast / inv_nodes) * ((7 / inv_nodes) - 7))"
15,493,68,80.327869,0.333333,9,"((x6 / x3) / ((7 / x3) - 7))","((breast / inv_nodes) / ((7 / inv_nodes) - 7))"
15,493,69,80.327869,0.333333,9,"((x6 / x3) * ((7 / x3) - 7))","((breast / inv_nodes) * ((7 / inv_nodes) - 7))"
15,493,70,80.327869,0.333333,9,"((x6 / x3) * ((7 / x3) - 7))","((breast / inv_nodes) * ((7 / inv_nodes) - 7))"
15,493,71,80.327869,0.333333,9,"((x6 / x3) * ((7 / x3) - 7))","((breast / inv_nodes) * ((7 / inv_nodes) - 7))"
15,493,72,80.327869,0.333333,9,"((x6 / x3) * ((7 / x3) - 7))","((breast / inv_nodes) * ((7 / inv_nodes) - 7))"
15,493,73,80.327869,0.333333,9,"((x6 / x3) / ((7 / x3) - 7))","((breast / inv_nodes) / ((7 / inv_nodes) - 7))"
15,493,74,80.327869,0.333333,9,"((x6 / x3) * ((7 / x3) - 7))","((breast / inv_nodes) * ((7 / inv_nodes) - 7))"
15,493,75,80.327869,0.333333,9,"((x6 / x3) * ((7 / x3) - 7))","((breast / inv_nodes) * ((7 / inv_nodes) - 7))"
15,493,76,80.327869,0.333333,9,"((x6 / x3) / ((7 / x3) - 7))","((breast / inv_nodes) / ((7 / inv_nodes) - 7))"
15,493,77,80.327869,0.333333,9,"((x6 / x3) * ((7 / x3) - 7))","((breast / inv_nodes) * ((7 / inv_nodes) - 7))"
15,493,78,80.327869,0.333333,9,"((x6 / x3) / ((7 / x3) - 7))","((breast / inv_nodes) / ((7 / inv_nodes) - 7))"
15,493,79,80.327869,0.333333,9,"((x6 / x3) / ((7 / x3) - 7))","((breast / inv_nodes) / ((7 / inv_nodes) - 7))"
15,493,80,80.327869,0.333333,9,"((x6 / x3) * ((7 / x3) - 7))","((breast / inv_nodes) * ((7 / inv_nodes) - 7))"
15,493,81,80.327869,0.333333,9,"((x6 / x3) * ((7 / x3) - 7))","((breast / inv_nodes) * ((7 / inv_nodes) - 7))"
15,493,82,80.327869,0.333333,9,"((x6 / x3) * ((7 / x3) - 7))","((breast / inv_nodes) * ((7 / inv_nodes) - 7))"
15,493,83,80.327869,0.333333,9,"((x6 / x3) * ((7 / x3) - 7))","((breast / inv_nodes) * ((7 / inv_nodes) - 7))"
15,493,84,80.327869,0.333333,9,"((x6 / x3) / ((7 / x3) - 7))","((breast / inv_nodes) / ((7 / inv_nodes) - 7))"
15,493,85,80.327869,0.333333,9,"((x6 / x3) / ((7 / x3) - 7))","((breast / inv_nodes) / ((7 / inv_nodes) - 7))"
15,493,86,80.327869,0.333333,9,"((x6 / x3) * ((7 / x3) - 7))","((breast / inv_nodes) * ((7 / inv_nodes) - 7))"
15,493,87,80.327869,0.333333,9,"((x6 / x3) / ((7 / x3) - 7))","((breast / inv_nodes) / ((7 / inv_nodes) - 7))"
15,493,88,80.327869,0.333333,9,"((x6 / x3) * ((7 / x3) - 7))","((breast / inv_nodes) * ((7 / inv_nodes) - 7))"
15,493,89,80.327869,0.333333,9,"((x6 / x3) * ((7 / x3) - 7))","((breast / inv_nodes) * ((7 / inv_nodes) - 7))"
15,493,90,80.327869,0.333333,9,"((x6 / x3) * ((7 / x3) - 7))","((breast / inv_nodes) * ((7 / inv_nodes) - 7))"
15,493,91,80.327869,0.333333,9,"((x6 / x3) * ((7 / x3) - 7))","((breast / inv_nodes) * ((7 / inv_nodes) - 7))"
15,493,92,80.327869,0.333333,9,"((x6 / x3) * ((7 / x3) - 7))","((breast / inv_nodes) * ((7 / inv_nodes) - 7))"
15,493,93,80.327869,0.333333,9,"((x6 / x3) * ((7 / x3) - 7))","((breast / inv_nodes) * ((7 / inv_nodes) - 7))"
15,493,94,80.327869,0.333333,9,"((x6 / x3) * ((7 / x3) - 7))","((breast / inv_nodes) * ((7 / inv_nodes) - 7))"
15,493,95,80.327869,0.333333,9,"((x6 / x3) * ((7 / x3) - 7))","((breast / inv_nodes) * ((7 / inv_nodes) - 7))"
15,493,96,80.327869,0.333333,9,"((x6 / x3) * ((7 / x3) - 7))","((breast / inv_nodes) * ((7 / inv_nodes) - 7))"
15,493,97,80.327869,0.333333,9,"((x6 / x3) / ((7 / x3) - 7))","((breast / inv_nodes) / ((7 / inv_nodes) - 7))"
15,493,98,80.327869,0.333333,9,"((x6 / x3) * ((7 / x3) - 7))","((breast / inv_nodes) * ((7 / inv_nodes) - 7))"
15,493,99,80.327869,0.333333,9,"((x6 / x3) * ((7 / x3) - 7))","((breast / inv_nodes) * ((7 / inv_nodes) - 7))"
15,493,100,80.327869,0.333333,9,"((x6 / x3) / ((7 / x3) - 7))","((breast / inv_nodes) / ((7 / inv_nodes) - 7))"
16,494,1,78.688525,0.000000,3,"(1 - 6)","(1 - 6)"
16,494,2,79.234973,0.050000,9,"((x4 + 3) * (x4 - (4 - x4)))","((node_caps + 3) * (node_caps - (4 - node_caps)))"
16,494,3,79.234973,0.050000,7,"((x4 + 3) * (x4 - x5))","((node_caps + 3) * (node_caps - degree_of_malignancy))"
16,494,4,80.327869,0.181818,9,"((x1 + 4) * (x4 - (4 - x5)))","((menopause + 4) * (node_caps - (4 - degree_of_malignancy)))"
16,494,5,80.327869,0.181818,7,"(3 * (x4 - (4 - x5)))","(3 * (node_caps - (4 - degree_of_malignancy)))"
16,494,6,80.327869,0.181818,5,"(x4 - (4 - x5))","(node_caps - (4 - degree_of_malignancy))"
16,494,7,80.327869,0.181818,5,"(x4 - (4 - x5))","(node_caps - (4 - degree_of_malignancy))"
16,494,8,80.327869,0.181818,5,"(x4 - (4 - x5))","(node_caps - (4 - degree_of_malignancy))"
16,494,9,80.327869,0.181818,5,"(x4 - (4 - x5))","(node_caps - (4 - degree_of_malignancy))"
16,494,10,80.327869,0.181818,5,"(x4 - (4 - x5))","(node_caps - (4 - degree_of_malignancy))"
16,494,11,80.327869,0.181818,5,"(x4 - (4 - x5))","(node_caps - (4 - degree_of_malignancy))"
16,494,12,80.327869,0.181818,5,"(x4 - (4 - x5))","(node_caps - (4 - degree_of_malignancy))"
16,494,13,80.327869,0.181818,5,"(x4 - (4 - x5))","(node_caps - (4 - degree_of_malignancy))"
16,494,14,80.327869,0.181818,5,"(x4 - (4 - x5))","(node_caps - (4 - degree_of_malignancy))"
16,494,15,80.327869,0.181818,5,"(x4 - (4 - x5))","(node_caps - (4 - degree_of_malignancy))"
16,494,16,80.327869,0.181818,5,"(x4 - (4 - x5))","(node_caps - (4 - degree_of_malignancy))"
16,494,17,80.327869,0.181818,5,"(x4 - (4 - x5))","(node_caps - (4 - degree_of_malignancy))"
16,494,18,80.327869,0.181818,5,"(x4 - (4 - x5))","(node_caps - (4 - degree_of_malignancy))"
16,494,19,80.327869,0.181818,5,"(x4 - (4 - x5))","(node_caps - (4 - degree_of_malignancy))"
16,494,20,80.327869,0.181818,5,"(x4 - (4 - x5))","(node_caps - (4 - degree_of_malignancy))"
16,494,21,80.327869,0.181818,5,"(x4 - (4 - x5))","(node_caps - (4 - degree_of_malignancy))"
16,494,22,80.327869,0.181818,5,"(x4 - (4 - x5))","(node_caps - (4 - degree_of_malignancy))"
16,494,23,80.327869,0.181818,5,"(x4 - (4 - x5))","(node_caps - (4 - degree_of_malignancy))"
16,494,24,80.327869,0.181818,5,"(x4 - (4 - x5))","(node_caps - (4 - degree_of_malignancy))"
16,494,25,80.327869,0.181818,5,"(x4 - (4 - x5))","(node_caps - (4 - degree_of_malignancy))"
16,494,26,80.327869,0.181818,5,"(x4 - (4 - x5))","(node_caps - (4 - degree_of_malignancy))"
16,494,27,80.327869,0.181818,5,"(x4 - (4 - x5))","(node_caps - (4 - degree_of_malignancy))"
16,494,28,80.327869,0.181818,5,"(x4 - (4 - x5))","(node_caps - (4 - degree_of_malignancy))"
16,494,29,80.327869,0.181818,5,"(x4 - (4 - x5))","(node_caps - (4 - degree_of_malignancy))"
16,494,30,80.327869,0.181818,5,"(x4 - (4 - x5))","(node_caps - (4 - degree_of_malignancy))"
16,494,31,80.327869,0.181818,5,"(x4 - (4 - x5))","(node_caps - (4 - degree_of_malignancy))"
16,494,32,80.327869,0.181818,5,"(x4 - (4 - x5))","(node_caps - (4 - degree_of_malignancy))"
16,494,33,80.327869,0.181818,5,"(x4 - (4 - x5))","(node_caps - (4 - degree_of_malignancy))"
16,494,34,80.327869,0.181818,5,"(x4 - (4 - x5))","(node_caps - (4 - degree_of_malignancy))"
16,494,35,80.327869,0.181818,5,"(x4 - (4 - x5))","(node_caps - (4 - degree_of_malignancy))"
16,494,36,80.327869,0.181818,5,"(x4 - (4 - x5))","(node_caps - (4 - degree_of_malignancy))"
16,494,37,80.327869,0.181818,5,"(x4 - (4 - x5))","(node_caps - (4 - degree_of_malignancy))"
16,494,38,80.327869,0.181818,5,"(x4 - (4 - x5))","(node_caps - (4 - degree_of_malignancy))"
16,494,39,80.327869,0.181818,5,"(x4 - (4 - x5))","(node_caps - (4 - degree_of_malignancy))"
16,494,40,80.327869,0.181818,5,"(x4 - (4 - x5))","(node_caps - (4 - degree_of_malignancy))"
16,494,41,80.327869,0.181818,5,"(x4 - (4 - x5))","(node_caps - (4 - degree_of_malignancy))"
16,494,42,80.327869,0.181818,5,"(x4 - (4 - x5))","(node_caps - (4 - degree_of_malignancy))"
16,494,43,80.327869,0.181818,5,"(x4 - (4 - x5))","(node_caps - (4 - degree_of_malignancy))"
16,494,44,80.327869,0.181818,5,"(x4 - (4 - x5))","(node_caps - (4 - degree_of_malignancy))"
16,494,45,80.327869,0.181818,5,"(x4 - (4 - x5))","(node_caps - (4 - degree_of_malignancy))"
16,494,46,80.327869,0.181818,5,"(x4 - (4 - x5))","(node_caps - (4 - degree_of_malignancy))"
16,494,47,80.327869,0.181818,5,"(x4 - (4 - x5))","(node_caps - (4 - degree_of_malignancy))"
16,494,48,80.327869,0.181818,5,"(x4 - (4 - x5))","(node_caps - (4 - degree_of_malignancy))"
16,494,49,80.327869,0.181818,5,"(x4 - (4 - x5))","(node_caps - (4 - degree_of_malignancy))"
16,494,50,80.327869,0.181818,5,"(x4 - (4 - x5))","(node_caps - (4 - degree_of_malignancy))"
16,494,51,80.327869,0.181818,5,"(x4 - (4 - x5))","(node_caps - (4 - degree_of_malignancy))"
16,494,52,80.327869,0.181818,5,"(x4 - (4 - x5))","(node_caps - (4 - degree_of_malignancy))"
16,494,53,80.327869,0.181818,5,"(x4 - (4 - x5))","(node_caps - (4 - degree_of_malignancy))"
16,494,54,80.327869,0.181818,5,"(x4 - (4 - x5))","(node_caps - (4 - degree_of_malignancy))"
16,494,55,80.327869,0.181818,5,"(x4 - (4 - x5))","(node_caps - (4 - degree_of_malignancy))"
16,494,56,80.327869,0.181818,5,"(x4 - (4 - x5))","(node_caps - (4 - degree_of_malignancy))"
16,494,57,80.327869,0.181818,5,"(x4 - (4 - x5))","(node_caps - (4 - degree_of_malignancy))"
16,494,58,80.327869,0.181818,5,"(x4 - (4 - x5))","(node_caps - (4 - degree_of_malignancy))"
16,494,59,80.327869,0.181818,5,"(x4 - (4 - x5))","(node_caps - (4 - degree_of_malignancy))"
16,494,60,80.327869,0.181818,5,"(x4 - (4 - x5))","(node_caps - (4 - degree_of_malignancy))"
16,494,61,80.327869,0.181818,5,"(x4 - (4 - x5))","(node_caps - (4 - degree_of_malignancy))"
16,494,62,80.327869,0.181818,5,"(x4 - (4 - x5))","(node_caps - (4 - degree_of_malignancy))"
16,494,63,80.327869,0.181818,5,"(x4 - (4 - x5))","(node_caps - (4 - degree_of_malignancy))"
16,494,64,80.327869,0.181818,5,"(x4 - (4 - x5))","(node_caps - (4 - degree_of_malignancy))"
16,494,65,80.327869,0.181818,5,"(x4 - (4 - x5))","(node_caps - (4 - degree_of_malignancy))"
16,494,66,80.327869,0.181818,5,"(x4 - (4 - x5))","(node_caps - (4 - degree_of_malignancy))"
16,494,67,80.327869,0.181818,5,"(x4 - (4 - x5))","(node_caps - (4 - degree_of_malignancy))"
16,494,68,80.327869,0.181818,5,"(x4 - (4 - x5))","(node_caps - (4 - degree_of_malignancy))"
16,494,69,80.327869,0.181818,5,"(x4 - (4 - x5))","(node_caps - (4 - degree_of_malignancy))"
16,494,70,80.327869,0.181818,5,"(x4 - (4 - x5))","(node_caps - (4 - degree_of_malignancy))"
16,494,71,80.327869,0.181818,5,"(x4 - (4 - x5))","(node_caps - (4 - degree_of_malignancy))"
16,494,72,80.327869,0.181818,5,"(x4 - (4 - x5))","(node_caps - (4 - degree_of_malignancy))"
16,494,73,80.327869,0.181818,5,"(x4 - (4 - x5))","(node_caps - (4 - degree_of_malignancy))"
16,494,74,80.327869,0.181818,5,"(x4 - (4 - x5))","(node_caps - (4 - degree_of_malignancy))"
16,494,75,80.327869,0.181818,5,"(x4 - (4 - x5))","(node_caps - (4 - degree_of_malignancy))"
16,494,76,80.327869,0.181818,5,"(x4 - (4 - x5))","(node_caps - (4 - degree_of_malignancy))"
16,494,77,80.327869,0.181818,5,"(x4 - (4 - x5))","(node_caps - (4 - degree_of_malignancy))"
16,494,78,80.327869,0.181818,5,"(x4 - (4 - x5))","(node_caps - (4 - degree_of_malignancy))"
16,494,79,80.327869,0.181818,5,"(x4 - (4 - x5))","(node_caps - (4 - degree_of_malignancy))"
16,494,80,80.327869,0.181818,5,"(x4 - (4 - x5))","(node_caps - (4 - degree_of_malignancy))"
16,494,81,80.327869,0.181818,5,"(x4 - (4 - x5))","(node_caps - (4 - degree_of_malignancy))"
16,494,82,80.327869,0.181818,5,"(x4 - (4 - x5))","(node_caps - (4 - degree_of_malignancy))"
16,494,83,80.327869,0.181818,5,"(x4 - (4 - x5))","(node_caps - (4 - degree_of_malignancy))"
16,494,84,80.327869,0.181818,5,"(x4 - (4 - x5))","(node_caps - (4 - degree_of_malignancy))"
16,494,85,80.327869,0.181818,5,"(x4 - (4 - x5))","(node_caps - (4 - degree_of_malignancy))"
16,494,86,80.327869,0.181818,5,"(x4 - (4 - x5))","(node_caps - (4 - degree_of_malignancy))"
16,494,87,80.327869,0.181818,5,"(x4 - (4 - x5))","(node_caps - (4 - degree_of_malignancy))"
16,494,88,80.327869,0.181818,5,"(x4 - (4 - x5))","(node_caps - (4 - degree_of_malignancy))"
16,494,89,80.327869,0.181818,5,"(x4 - (4 - x5))","(node_caps - (4 - degree_of_malignancy))"
16,494,90,80.327869,0.181818,5,"(x4 - (4 - x5))","(node_caps - (4 - degree_of_malignancy))"
16,494,91,80.327869,0.181818,5,"(x4 - (4 - x5))","(node_caps - (4 - degree_of_malignancy))"
16,494,92,80.327869,0.181818,5,"(x4 - (4 - x5))","(node_caps - (4 - degree_of_malignancy))"
16,494,93,80.327869,0.181818,5,"(x4 - (4 - x5))","(node_caps - (4 - degree_of_malignancy))"
16,494,94,80.327869,0.181818,5,"(x4 - (4 - x5))","(node_caps - (4 - degree_of_malignancy))"
16,494,95,80.327869,0.181818,5,"(x4 - (4 - x5))","(node_caps - (4 - degree_of_malignancy))"
16,494,96,80.327869,0.181818,5,"(x4 - (4 - x5))","(node_caps - (4 - degree_of_malignancy))"
16,494,97,80.327869,0.181818,5,"(x4 - (4 - x5))","(node_caps - (4 - degree_of_malignancy))"
16,494,98,80.327869,0.181818,5,"(x4 - (4 - x5))","(node_caps - (4 - degree_of_malignancy))"
16,494,99,80.327869,0.181818,5,"(x4 - (4 - x5))","(node_caps - (4 - degree_of_malignancy))"
16,494,100,80.327869,0.181818,5,"(x4 - (4 - x5))","(node_caps - (4 - degree_of_malignancy))"
17,495,1,79.234973,0.344828,3,"(x8 - 1)","(irradiat - 1)"
17,495,2,79.781421,0.177778,7,"((x5 / x3) - (4 - x8))","((degree_of_malignancy / inv_nodes) - (4 - irradiat))"
17,495,3,79.781421,0.177778,7,"((x5 / x3) - (4 - x8))","((degree_of_malignancy / inv_nodes) - (4 - irradiat))"
17,495,4,81.420765,0.291667,7,"((x5 / x8) - (4 - x8))","((degree_of_malignancy / irradiat) - (4 - irradiat))"
17,495,5,81.420765,0.291667,7,"((x5 / 1) - (4 - x8))","((degree_of_malignancy / 1) - (4 - irradiat))"
17,495,6,81.420765,0.291667,7,"((x5 / 1) - (4 - x8))","((degree_of_malignancy / 1) - (4 - irradiat))"
17,495,7,81.967213,0.400000,9,"(((x5 / x8) + x3) - (4 - x8))","(((degree_of_malignancy / irradiat) + inv_nodes) - (4 - irradiat))"
17,495,8,81.967213,0.400000,9,"(((x5 / x8) + x3) - (4 - x8))","(((degree_of_malignancy / irradiat) + inv_nodes) - (4 - irradiat))"
17,495,9,81.967213,0.400000,9,"(((x5 / x8) + x3) - (4 - x8))","(((degree_of_malignancy / irradiat) + inv_nodes) - (4 - irradiat))"
17,495,10,81.967213,0.400000,9,"(((x5 / x8) + x3) - (4 - x8))","(((degree_of_malignancy / irradiat) + inv_nodes) - (4 - irradiat))"
17,495,11,81.967213,0.400000,9,"(((x5 / x8) + x3) - (4 - x8))","(((degree_of_malignancy / irradiat) + inv_nodes) - (4 - irradiat))"
17,495,12,81.967213,0.400000,9,"(((x5 / x8) + x3) - (4 - x8))","(((degree_of_malignancy / irradiat) + inv_nodes) - (4 - irradiat))"
17,495,13,81.967213,0.400000,9,"(((x5 / x8) + x3) - (4 - x8))","(((degree_of_malignancy / irradiat) + inv_nodes) - (4 - irradiat))"
17,495,14,81.967213,0.400000,9,"(((x5 / x8) + x3) - (4 - x8))","(((degree_of_malignancy / irradiat) + inv_nodes) - (4 - irradiat))"
17,495,15,81.967213,0.400000,9,"(((x5 / x8) + x3) - (4 - x8))","(((degree_of_malignancy / irradiat) + inv_nodes) - (4 - irradiat))"
17,495,16,81.967213,0.400000,9,"(((x5 / x8) + x3) - (4 - x8))","(((degree_of_malignancy / irradiat) + inv_nodes) - (4 - irradiat))"
17,495,17,81.967213,0.400000,9,"(((x5 / x8) + x3) - (4 - x8))","(((degree_of_malignancy / irradiat) + inv_nodes) - (4 - irradiat))"
17,495,18,81.967213,0.400000,9,"(((x5 / x8) + x3) - (4 - x8))","(((degree_of_malignancy / irradiat) + inv_nodes) - (4 - irradiat))"
17,495,19,81.967213,0.400000,9,"(((x5 / x8) + x3) - (4 - x8))","(((degree_of_malignancy / irradiat) + inv_nodes) - (4 - irradiat))"
17,495,20,81.967213,0.400000,9,"(((x5 / x8) + x3) - (4 - x8))","(((degree_of_malignancy / irradiat) + inv_nodes) - (4 - irradiat))"
17,495,21,81.967213,0.400000,9,"(((x5 / x8) + x3) - (4 - x8))","(((degree_of_malignancy / irradiat) + inv_nodes) - (4 - irradiat))"
17,495,22,81.967213,0.400000,9,"(((x5 / x8) + x3) - (4 - x8))","(((degree_of_malignancy / irradiat) + inv_nodes) - (4 - irradiat))"
17,495,23,81.967213,0.400000,9,"(((x5 / x8) + x3) - (4 - x8))","(((degree_of_malignancy / irradiat) + inv_nodes) - (4 - irradiat))"
17,495,24,81.967213,0.400000,9,"(((x5 / x8) + x3) - (4 - x8))","(((degree_of_malignancy / irradiat) + inv_nodes) - (4 - irradiat))"
17,495,25,81.967213,0.400000,9,"(((x5 / x8) + x3) - (4 - x8))","(((degree_of_malignancy / irradiat) + inv_nodes) - (4 - irradiat))"
17,495,26,81.967213,0.400000,9,"(((x5 / x8) + x3) - (4 - x8))","(((degree_of_malignancy / irradiat) + inv_nodes) - (4 - irradiat))"
17,495,27,81.967213,0.400000,9,"(((x5 / x8) + x3) - (4 - x8))","(((degree_of_malignancy / irradiat) + inv_nodes) - (4 - irradiat))"
17,495,28,81.967213,0.400000,9,"(((x5 / x8) + x3) - (4 - x8))","(((degree_of_malignancy / irradiat) + inv_nodes) - (4 - irradiat))"
17,495,29,81.967213,0.400000,9,"(((x5 / x8) + x3) - (4 - x8))","(((degree_of_malignancy / irradiat) + inv_nodes) - (4 - irradiat))"
17,495,30,81.967213,0.400000,9,"(((x5 / x8) + x3) - (4 - x8))","(((degree_of_malignancy / irradiat) + inv_nodes) - (4 - irradiat))"
17,495,31,81.967213,0.400000,9,"(((x5 / x8) + x3) - (4 - x8))","(((degree_of_malignancy / irradiat) + inv_nodes) - (4 - irradiat))"
17,495,32,81.967213,0.400000,9,"(((x5 / x8) + x3) - (4 - x8))","(((degree_of_malignancy / irradiat) + inv_nodes) - (4 - irradiat))"
17,495,33,81.967213,0.400000,9,"(((x5 / x8) + x3) - (4 - x8))","(((degree_of_malignancy / irradiat) + inv_nodes) - (4 - irradiat))"
17,495,34,81.967213,0.400000,9,"(((x5 / x8) + x3) - (4 - x8))","(((degree_of_malignancy / irradiat) + inv_nodes) - (4 - irradiat))"
17,495,35,81.967213,0.400000,9,"(((x5 / x8) + x3) - (4 - x8))","(((degree_of_malignancy / irradiat) + inv_nodes) - (4 - irradiat))"
17,495,36,81.967213,0.400000,9,"(((x5 / x8) + x3) - (4 - x8))","(((degree_of_malignancy / irradiat) + inv_nodes) - (4 - irradiat))"
17,495,37,81.967213,0.400000,9,"(((x5 / x8) + x3) - (4 - x8))","(((degree_of_malignancy / irradiat) + inv_nodes) - (4 - irradiat))"
17,495,38,81.967213,0.400000,9,"(((x5 / x8) + x3) - (4 - x8))","(((degree_of_malignancy / irradiat) + inv_nodes) - (4 - irradiat))"
17,495,39,81.967213,0.400000,9,"(((x5 / x8) + x3) - (4 - x8))","(((degree_of_malignancy / irradiat) + inv_nodes) - (4 - irradiat))"
17,495,40,81.967213,0.400000,9,"(((x5 / x8) + x3) - (4 - x8))","(((degree_of_malignancy / irradiat) + inv_nodes) - (4 - irradiat))"
17,495,41,81.967213,0.400000,9,"(((x5 / x8) + x3) - (4 - x8))","(((degree_of_malignancy / irradiat) + inv_nodes) - (4 - irradiat))"
17,495,42,81.967213,0.400000,9,"(((x5 / x8) + x3) - (4 - x8))","(((degree_of_malignancy / irradiat) + inv_nodes) - (4 - irradiat))"
17,495,43,81.967213,0.400000,9,"(((x5 / x8) + x3) - (4 - x8))","(((degree_of_malignancy / irradiat) + inv_nodes) - (4 - irradiat))"
17,495,44,81.967213,0.400000,9,"(((x5 / x8) + x3) - (4 - x8))","(((degree_of_malignancy / irradiat) + inv_nodes) - (4 - irradiat))"
17,495,45,81.967213,0.400000,9,"(((x5 / x8) + x3) - (4 - x8))","(((degree_of_malignancy / irradiat) + inv_nodes) - (4 - irradiat))"
17,495,46,81.967213,0.400000,9,"(((x5 / x8) + x3) - (4 - x8))","(((degree_of_malignancy / irradiat) + inv_nodes) - (4 - irradiat))"
17,495,47,81.967213,0.400000,9,"(((x5 / x8) + x3) - (4 - x8))","(((degree_of_malignancy / irradiat) + inv_nodes) - (4 - irradiat))"
17,495,48,81.967213,0.400000,9,"(((x5 / x8) + x3) - (4 - x8))","(((degree_of_malignancy / irradiat) + inv_nodes) - (4 - irradiat))"
17,495,49,81.967213,0.400000,9,"(((x5 / x8) + x3) - (4 - x8))","(((degree_of_malignancy / irradiat) + inv_nodes) - (4 - irradiat))"
17,495,50,81.967213,0.400000,9,"(((x5 / x8) + x3) - (4 - x8))","(((degree_of_malignancy / irradiat) + inv_nodes) - (4 - irradiat))"
17,495,51,81.967213,0.400000,9,"(((x5 / x8) + x3) - (4 - x8))","(((degree_of_malignancy / irradiat) + inv_nodes) - (4 - irradiat))"
17,495,52,81.967213,0.400000,9,"(((x5 / x8) + x3) - (4 - x8))","(((degree_of_malignancy / irradiat) + inv_nodes) - (4 - irradiat))"
17,495,53,81.967213,0.400000,9,"(((x5 / x8) + x3) - (4 - x8))","(((degree_of_malignancy / irradiat) + inv_nodes) - (4 - irradiat))"
17,495,54,81.967213,0.400000,9,"(((x5 / x8) + x3) - (4 - x8))","(((degree_of_malignancy / irradiat) + inv_nodes) - (4 - irradiat))"
17,495,55,81.967213,0.400000,9,"(((x5 / x8) + x3) - (4 - x8))","(((degree_of_malignancy / irradiat) + inv_nodes) - (4 - irradiat))"
17,495,56,81.967213,0.400000,9,"(((x5 / x8) + x3) - (4 - x8))","(((degree_of_malignancy / irradiat) + inv_nodes) - (4 - irradiat))"
17,495,57,81.967213,0.400000,9,"(((x5 / x8) + x3) - (4 - x8))","(((degree_of_malignancy / irradiat) + inv_nodes) - (4 - irradiat))"
17,495,58,81.967213,0.400000,9,"(((x5 / x8) + x3) - (4 - x8))","(((degree_of_malignancy / irradiat) + inv_nodes) - (4 - irradiat))"
17,495,59,81.967213,0.400000,9,"(((x5 / x8) + x3) - (4 - x8))","(((degree_of_malignancy / irradiat) + inv_nodes) - (4 - irradiat))"
17,495,60,81.967213,0.400000,9,"(((x5 / x8) + x3) - (4 - x8))","(((degree_of_malignancy / irradiat) + inv_nodes) - (4 - irradiat))"
17,495,61,81.967213,0.400000,9,"(((x5 / x8) + x3) - (4 - x8))","(((degree_of_malignancy / irradiat) + inv_nodes) - (4 - irradiat))"
17,495,62,81.967213,0.400000,9,"(((x5 / x8) + x3) - (4 - x8))","(((degree_of_malignancy / irradiat) + inv_nodes) - (4 - irradiat))"
17,495,63,81.967213,0.400000,9,"(((x5 / x8) + x3) - (4 - x8))","(((degree_of_malignancy / irradiat) + inv_nodes) - (4 - irradiat))"
17,495,64,81.967213,0.400000,9,"(((x5 / x8) + x3) - (4 - x8))","(((degree_of_malignancy / irradiat) + inv_nodes) - (4 - irradiat))"
17,495,65,81.967213,0.400000,9,"(((x5 / x8) + x3) - (4 - x8))","(((degree_of_malignancy / irradiat) + inv_nodes) - (4 - irradiat))"
17,495,66,81.967213,0.400000,9,"(((x5 / x8) + x3) - (4 - x8))","(((degree_of_malignancy / irradiat) + inv_nodes) - (4 - irradiat))"
17,495,67,81.967213,0.400000,9,"(((x5 / x8) + x3) - (4 - x8))","(((degree_of_malignancy / irradiat) + inv_nodes) - (4 - irradiat))"
17,495,68,81.967213,0.400000,9,"(((x5 / x8) + x3) - (4 - x8))","(((degree_of_malignancy / irradiat) + inv_nodes) - (4 - irradiat))"
17,495,69,81.967213,0.400000,9,"(((x5 / x8) + x3) - (4 - x8))","(((degree_of_malignancy / irradiat) + inv_nodes) - (4 - irradiat))"
17,495,70,81.967213,0.400000,9,"(((x5 / x8) + x3) - (4 - x8))","(((degree_of_malignancy / irradiat) + inv_nodes) - (4 - irradiat))"
17,495,71,81.967213,0.400000,9,"(((x5 / x8) + x3) - (4 - x8))","(((degree_of_malignancy / irradiat) + inv_nodes) - (4 - irradiat))"
17,495,72,81.967213,0.400000,9,"(((x5 / x8) + x3) - (4 - x8))","(((degree_of_malignancy / irradiat) + inv_nodes) - (4 - irradiat))"
17,495,73,81.967213,0.400000,9,"(((x5 / x8) + x3) - (4 - x8))","(((degree_of_malignancy / irradiat) + inv_nodes) - (4 - irradiat))"
17,495,74,81.967213,0.400000,9,"(((x5 / x8) + x3) - (4 - x8))","(((degree_of_malignancy / irradiat) + inv_nodes) - (4 - irradiat))"
17,495,75,81.967213,0.400000,9,"(((x5 / x8) + x3) - (4 - x8))","(((degree_of_malignancy / irradiat) + inv_nodes) - (4 - irradiat))"
17,495,76,81.967213,0.400000,9,"(((x5 / x8) + x3) - (4 - x8))","(((degree_of_malignancy / irradiat) + inv_nodes) - (4 - irradiat))"
17,495,77,81.967213,0.400000,9,"(((x5 / x8) + x3) - (4 - x8))","(((degree_of_malignancy / irradiat) + inv_nodes) - (4 - irradiat))"
17,495,78,81.967213,0.400000,9,"(((x5 / x8) + x3) - (4 - x8))","(((degree_of_malignancy / irradiat) + inv_nodes) - (4 - irradiat))"
17,495,79,81.967213,0.400000,9,"(((x5 / x8) + x3) - (4 - x8))","(((degree_of_malignancy / irradiat) + inv_nodes) - (4 - irradiat))"
17,495,80,81.967213,0.400000,9,"(((x5 / x8) + x3) - (4 - x8))","(((degree_of_malignancy / irradiat) + inv_nodes) - (4 - irradiat))"
17,495,81,81.967213,0.400000,9,"(((x5 / x8) + x3) - (4 - x8))","(((degree_of_malignancy / irradiat) + inv_nodes) - (4 - irradiat))"
17,495,82,81.967213,0.400000,9,"(((x5 / x8) + x3) - (4 - x8))","(((degree_of_malignancy / irradiat) + inv_nodes) - (4 - irradiat))"
17,495,83,81.967213,0.400000,9,"(((x5 / x8) + x3) - (4 - x8))","(((degree_of_malignancy / irradiat) + inv_nodes) - (4 - irradiat))"
17,495,84,81.967213,0.400000,9,"(((x5 / x8) + x3) - (4 - x8))","(((degree_of_malignancy / irradiat) + inv_nodes) - (4 - irradiat))"
17,495,85,81.967213,0.400000,9,"(((x5 / x8) + x3) - (4 - x8))","(((degree_of_malignancy / irradiat) + inv_nodes) - (4 - irradiat))"
17,495,86,81.967213,0.400000,9,"(((x5 / x8) + x3) - (4 - x8))","(((degree_of_malignancy / irradiat) + inv_nodes) - (4 - irradiat))"
17,495,87,81.967213,0.400000,9,"(((x5 / x8) + x3) - (4 - x8))","(((degree_of_malignancy / irradiat) + inv_nodes) - (4 - irradiat))"
17,495,88,81.967213,0.400000,9,"(((x5 / x8) + x3) - (4 - x8))","(((degree_of_malignancy / irradiat) + inv_nodes) - (4 - irradiat))"
17,495,89,81.967213,0.400000,9,"(((x5 / x8) + x3) - (4 - x8))","(((degree_of_malignancy / irradiat) + inv_nodes) - (4 - irradiat))"
17,495,90,81.967213,0.400000,9,"(((x5 / x8) + x3) - (4 - x8))","(((degree_of_malignancy / irradiat) + inv_nodes) - (4 - irradiat))"
17,495,91,81.967213,0.400000,9,"(((x5 / x8) + x3) - (4 - x8))","(((degree_of_malignancy / irradiat) + inv_nodes) - (4 - irradiat))"
17,495,92,81.967213,0.400000,9,"(((x5 / x8) + x3) - (4 - x8))","(((degree_of_malignancy / irradiat) + inv_nodes) - (4 - irradiat))"
17,495,93,81.967213,0.400000,9,"(((x5 / x8) + x3) - (4 - x8))","(((degree_of_malignancy / irradiat) + inv_nodes) - (4 - irradiat))"
17,495,94,81.967213,0.400000,9,"(((x5 / x8) + x3) - (4 - x8))","(((degree_of_malignancy / irradiat) + inv_nodes) - (4 - irradiat))"
17,495,95,81.967213,0.400000,9,"(((x5 / x8) + x3) - (4 - x8))","(((degree_of_malignancy / irradiat) + inv_nodes) - (4 - irradiat))"
17,495,96,81.967213,0.400000,9,"(((x5 / x8) + x3) - (4 - x8))","(((degree_of_malignancy / irradiat) + inv_nodes) - (4 - irradiat))"
17,495,97,81.967213,0.400000,9,"(((x5 / x8) + x3) - (4 - x8))","(((degree_of_malignancy / irradiat) + inv_nodes) - (4 - irradiat))"
17,495,98,81.967213,0.400000,9,"(((x5 / x8) + x3) - (4 - x8))","(((degree_of_malignancy / irradiat) + inv_nodes) - (4 - irradiat))"
17,495,99,81.967213,0.400000,9,"(((x5 / x8) + x3) - (4 - x8))","(((degree_of_malignancy / irradiat) + inv_nodes) - (4 - irradiat))"
17,495,100,81.967213,0.400000,9,"(((x5 / x8) + x3) - (4 - x8))","(((degree_of_malignancy / irradiat) + inv_nodes) - (4 - irradiat))"
18,496,1,79.234973,0.136364,3,"(x3 - 3)","(inv_nodes - 3)"
18,496,2,79.234973,0.136364,3,"(x3 - 3)","(inv_nodes - 3)"
18,496,3,79.234973,0.136364,3,"(x3 - 3)","(inv_nodes - 3)"
18,496,4,79.234973,0.136364,3,"(x3 - 3)","(inv_nodes - 3)"
18,496,5,79.234973,0.136364,3,"(x3 - 3)","(inv_nodes - 3)"
18,496,6,79.234973,0.136364,3,"(x3 - 3)","(inv_nodes - 3)"
18,496,7,79.234973,0.136364,3,"(x3 - 3)","(inv_nodes - 3)"
18,496,8,79.234973,0.136364,3,"(x3 - 3)","(inv_nodes - 3)"
18,496,9,79.234973,0.136364,3,"(x3 - 3)","(inv_nodes - 3)"
18,496,10,79.234973,0.136364,3,"(x3 - 3)","(inv_nodes - 3)"
18,496,11,79.234973,0.136364,3,"(x3 - 3)","(inv_nodes - 3)"
18,496,12,79.234973,0.136364,3,"(x3 - 3)","(inv_nodes - 3)"
18,496,13,79.234973,0.136364,3,"(x3 - 3)","(inv_nodes - 3)"
18,496,14,79.234973,0.136364,3,"(x3 - 3)","(inv_nodes - 3)"
18,496,15,79.234973,0.136364,3,"(x3 - 3)","(inv_nodes - 3)"
18,496,16,79.234973,0.136364,3,"(x3 - 3)","(inv_nodes - 3)"
18,496,17,79.234973,0.136364,3,"(x3 - 3)","(inv_nodes - 3)"
18,496,18,79.234973,0.136364,3,"(x3 - 3)","(inv_nodes - 3)"
18,496,19,79.234973,0.136364,3,"(x3 - 3)","(inv_nodes - 3)"
18,496,20,79.234973,0.136364,3,"(x3 - 3)","(inv_nodes - 3)"
18,496,21,79.234973,0.136364,3,"(x3 - 3)","(inv_nodes - 3)"
18,496,22,79.234973,0.136364,3,"(x3 - 3)","(inv_nodes - 3)"
18,496,23,79.234973,0.136364,3,"(x3 - 3)","(inv_nodes - 3)"
18,496,24,79.234973,0.136364,3,"(x3 - 3)","(inv_nodes - 3)"
18,496,25,79.234973,0.136364,3,"(x3 - 3)","(inv_nodes - 3)"
18,496,26,79.234973,0.136364,3,"(x3 - 3)","(inv_nodes - 3)"
18,496,27,79.234973,0.136364,3,"(x3 - 3)","(inv_nodes - 3)"
18,496,28,79.234973,0.136364,3,"(x3 - 3)","(inv_nodes - 3)"
18,496,29,79.234973,0.136364,3,"(x3 - 3)","(inv_nodes - 3)"
18,496,30,79.234973,0.136364,3,"(x3 - 3)","(inv_nodes - 3)"
18,496,31,79.234973,0.136364,3,"(x3 - 3)","(inv_nodes - 3)"
18,496,32,79.234973,0.136364,3,"(x3 - 3)","(inv_nodes - 3)"
18,496,33,79.234973,0.136364,3,"(x3 - 3)","(inv_nodes - 3)"
18,496,34,79.234973,0.136364,3,"(x3 - 3)","(inv_nodes - 3)"
18,496,35,79.234973,0.136364,3,"(x3 - 3)","(inv_nodes - 3)"
18,496,36,79.234973,0.136364,3,"(x3 - 3)","(inv_nodes - 3)"
18,496,37,79.234973,0.136364,3,"(x3 - 3)","(inv_nodes - 3)"
18,496,38,79.234973,0.136364,3,"(x3 - 3)","(inv_nodes - 3)"
18,496,39,79.234973,0.136364,3,"(x3 - 3)","(inv_nodes - 3)"
18,496,40,79.234973,0.136364,3,"(x3 - 3)","(inv_nodes - 3)"
18,496,41,79.234973,0.136364,3,"(x3 - 3)","(inv_nodes - 3)"
18,496,42,79.234973,0.136364,3,"(x3 - 3)","(inv_nodes - 3)"
18,496,43,79.234973,0.136364,3,"(x3 - 3)","(inv_nodes - 3)"
18,496,44,79.234973,0.136364,3,"(x3 - 3)","(inv_nodes - 3)"
18,496,45,79.234973,0.136364,3,"(x3 - 3)","(inv_nodes - 3)"
18,496,46,79.234973,0.136364,3,"(x3 - 3)","(inv_nodes - 3)"
18,496,47,79.234973,0.136364,3,"(x3 - 3)","(inv_nodes - 3)"
18,496,48,79.234973,0.136364,3,"(x3 - 3)","(inv_nodes - 3)"
18,496,49,79.234973,0.136364,3,"(x3 - 3)","(inv_nodes - 3)"
18,496,50,79.234973,0.136364,3,"(x3 - 3)","(inv_nodes - 3)"
18,496,51,79.234973,0.136364,3,"(x3 - 3)","(inv_nodes - 3)"
18,496,52,79.234973,0.136364,3,"(x3 - 3)","(inv_nodes - 3)"
18,496,53,79.234973,0.136364,3,"(x3 - 3)","(inv_nodes - 3)"
18,496,54,79.234973,0.136364,3,"(x3 - 3)","(inv_nodes - 3)"
18,496,55,79.234973,0.136364,3,"(x3 - 3)","(inv_nodes - 3)"
18,496,56,79.234973,0.136364,3,"(x3 - 3)","(inv_nodes - 3)"
18,496,57,79.234973,0.136364,3,"(x3 - 3)","(inv_nodes - 3)"
18,496,58,79.234973,0.136364,3,"(x3 - 3)","(inv_nodes - 3)"
18,496,59,79.234973,0.136364,3,"(x3 - 3)","(inv_nodes - 3)"
18,496,60,79.234973,0.136364,3,"(x3 - 3)","(inv_nodes - 3)"
18,496,61,79.234973,0.136364,3,"(x3 - 3)","(inv_nodes - 3)"
18,496,62,79.234973,0.136364,3,"(x3 - 3)","(inv_nodes - 3)"
18,496,63,79.234973,0.136364,3,"(x3 - 3)","(inv_nodes - 3)"
18,496,64,79.234973,0.136364,3,"(x3 - 3)","(inv_nodes - 3)"
18,496,65,79.234973,0.136364,3,"(x3 - 3)","(inv_nodes - 3)"
18,496,66,79.234973,0.136364,3,"(x3 - 3)","(inv_nodes - 3)"
18,496,67,79.234973,0.136364,3,"(x3 - 3)","(inv_nodes - 3)"
18,496,68,79.234973,0.136364,3,"(x3 - 3)","(inv_nodes - 3)"
18,496,69,79.234973,0.136364,3,"(x3 - 3)","(inv_nodes - 3)"
18,496,70,79.234973,0.136364,3,"(x3 - 3)","(inv_nodes - 3)"
18,496,71,79.234973,0.136364,3,"(x3 - 3)","(inv_nodes - 3)"
18,496,72,79.234973,0.136364,3,"(x3 - 3)","(inv_nodes - 3)"
18,496,73,79.234973,0.136364,3,"(x3 - 3)","(inv_nodes - 3)"
18,496,74,79.234973,0.136364,3,"(x3 - 3)","(inv_nodes - 3)"
18,496,75,79.234973,0.136364,3,"(x3 - 3)","(inv_nodes - 3)"
18,496,76,79.234973,0.136364,3,"(x3 - 3)","(inv_nodes - 3)"
18,496,77,79.234973,0.136364,3,"(x3 - 3)","(inv_nodes - 3)"
18,496,78,79.234973,0.136364,3,"(x3 - 3)","(inv_nodes - 3)"
18,496,79,79.234973,0.136364,3,"(x3 - 3)","(inv_nodes - 3)"
18,496,80,79.234973,0.136364,3,"(x3 - 3)","(inv_nodes - 3)"
18,496,81,79.234973,0.136364,3,"(x3 - 3)","(inv_nodes - 3)"
18,496,82,79.234973,0.136364,3,"(x3 - 3)","(inv_nodes - 3)"
18,496,83,79.234973,0.136364,3,"(x3 - 3)","(inv_nodes - 3)"
18,496,84,79.234973,0.136364,3,"(x3 - 3)","(inv_nodes - 3)"
18,496,85,79.234973,0.136364,3,"(x3 - 3)","(inv_nodes - 3)"
18,496,86,79.234973,0.136364,3,"(x3 - 3)","(inv_nodes - 3)"
18,496,87,79.234973,0.136364,3,"(x3 - 3)","(inv_nodes - 3)"
18,496,88,79.234973,0.136364,3,"(x3 - 3)","(inv_nodes - 3)"
18,496,89,79.234973,0.136364,3,"(x3 - 3)","(inv_nodes - 3)"
18,496,90,79.234973,0.136364,3,"(x3 - 3)","(inv_nodes - 3)"
18,496,91,79.234973,0.136364,3,"(x3 - 3)","(inv_nodes - 3)"
18,496,92,79.234973,0.136364,3,"(x3 - 3)","(inv_nodes - 3)"
18,496,93,79.234973,0.136364,3,"(x3 - 3)","(inv_nodes - 3)"
18,496,94,79.234973,0.136364,3,"(x3 - 3)","(inv_nodes - 3)"
18,496,95,79.234973,0.136364,3,"(x3 - 3)","(inv_nodes - 3)"
18,496,96,79.234973,0.136364,3,"(x3 - 3)","(inv_nodes - 3)"
18,496,97,79.234973,0.136364,3,"(x3 - 3)","(inv_nodes - 3)"
18,496,98,79.234973,0.136364,3,"(x3 - 3)","(inv_nodes - 3)"
18,496,99,79.234973,0.136364,3,"(x3 - 3)","(inv_nodes - 3)"
18,496,100,79.234973,0.136364,3,"(x3 - 3)","(inv_nodes - 3)"
19,497,1,79.234973,0.136364,3,"(x3 - 3)","(inv_nodes - 3)"
19,497,2,79.234973,0.136364,3,"(x3 - 3)","(inv_nodes - 3)"
19,497,3,79.234973,0.136364,3,"(x3 - 3)","(inv_nodes - 3)"
19,497,4,79.234973,0.136364,3,"(x3 - 3)","(inv_nodes - 3)"
19,497,5,79.234973,0.136364,3,"(x3 - 3)","(inv_nodes - 3)"
19,497,6,79.234973,0.136364,3,"(x3 - 3)","(inv_nodes - 3)"
19,497,7,79.234973,0.136364,3,"(x3 - 3)","(inv_nodes - 3)"
19,497,8,79.234973,0.136364,3,"(x3 - 3)","(inv_nodes - 3)"
19,497,9,79.234973,0.136364,3,"(x3 - 3)","(inv_nodes - 3)"
19,497,10,79.234973,0.136364,3,"(x3 - 3)","(inv_nodes - 3)"
19,497,11,79.234973,0.136364,3,"(x3 - 3)","(inv_nodes - 3)"
19,497,12,79.234973,0.136364,3,"(x3 - 3)","(inv_nodes - 3)"
19,497,13,79.234973,0.136364,3,"(x3 - 3)","(inv_nodes - 3)"
19,497,14,79.234973,0.136364,3,"(x3 - 3)","(inv_nodes - 3)"
19,497,15,79.234973,0.136364,3,"(x3 - 3)","(inv_nodes - 3)"
19,497,16,79.234973,0.136364,3,"(x3 - 3)","(inv_nodes - 3)"
19,497,17,79.234973,0.136364,3,"(x3 - 3)","(inv_nodes - 3)"
19,497,18,79.234973,0.136364,3,"(x3 - 3)","(inv_nodes - 3)"
19,497,19,79.234973,0.136364,3,"(x3 - 3)","(inv_nodes - 3)"
19,497,20,79.234973,0.136364,3,"(x3 - 3)","(inv_nodes - 3)"
19,497,21,79.234973,0.136364,3,"(x3 - 3)","(inv_nodes - 3)"
19,497,22,79.234973,0.136364,3,"(x3 - 3)","(inv_nodes - 3)"
19,497,23,79.234973,0.136364,3,"(x3 - 3)","(inv_nodes - 3)"
19,497,24,79.234973,0.136364,3,"(x3 - 3)","(inv_nodes - 3)"
19,497,25,79.234973,0.136364,3,"(x3 - 3)","(inv_nodes - 3)"
19,497,26,79.234973,0.136364,3,"(x3 - 3)","(inv_nodes - 3)"
19,497,27,79.234973,0.136364,3,"(x3 - 3)","(inv_nodes - 3)"
19,497,28,79.234973,0.136364,3,"(x3 - 3)","(inv_nodes - 3)"
19,497,29,79.234973,0.136364,3,"(x3 - 3)","(inv_nodes - 3)"
19,497,30,79.234973,0.136364,3,"(x3 - 3)","(inv_nodes - 3)"
19,497,31,79.234973,0.136364,3,"(x3 - 3)","(inv_nodes - 3)"
19,497,32,79.234973,0.136364,3,"(x3 - 3)","(inv_nodes - 3)"
19,497,33,79.234973,0.136364,3,"(x3 - 3)","(inv_nodes - 3)"
19,497,34,79.234973,0.136364,3,"(x3 - 3)","(inv_nodes - 3)"
19,497,35,79.234973,0.136364,3,"(x3 - 3)","(inv_nodes - 3)"
19,497,36,79.234973,0.136364,3,"(x3 - 3)","(inv_nodes - 3)"
19,497,37,79.234973,0.136364,3,"(x3 - 3)","(inv_nodes - 3)"
19,497,38,79.234973,0.136364,3,"(x3 - 3)","(inv_nodes - 3)"
19,497,39,79.234973,0.136364,3,"(x3 - 3)","(inv_nodes - 3)"
19,497,40,79.234973,0.136364,3,"(x3 - 3)","(inv_nodes - 3)"
19,497,41,79.234973,0.136364,3,"(x3 - 3)","(inv_nodes - 3)"
19,497,42,79.234973,0.136364,3,"(x3 - 3)","(inv_nodes - 3)"
19,497,43,79.234973,0.136364,3,"(x3 - 3)","(inv_nodes - 3)"
19,497,44,79.234973,0.136364,3,"(x3 - 3)","(inv_nodes - 3)"
19,497,45,79.234973,0.136364,3,"(x3 - 3)","(inv_nodes - 3)"
19,497,46,79.234973,0.136364,3,"(x3 - 3)","(inv_nodes - 3)"
19,497,47,79.234973,0.136364,3,"(x3 - 3)","(inv_nodes - 3)"
19,497,48,79.234973,0.136364,3,"(x3 - 3)","(inv_nodes - 3)"
19,497,49,79.234973,0.136364,3,"(x3 - 3)","(inv_nodes - 3)"
19,497,50,79.234973,0.136364,3,"(x3 - 3)","(inv_nodes - 3)"
19,497,51,79.234973,0.136364,3,"(x3 - 3)","(inv_nodes - 3)"
19,497,52,79.234973,0.136364,3,"(x3 - 3)","(inv_nodes - 3)"
19,497,53,79.234973,0.136364,3,"(x3 - 3)","(inv_nodes - 3)"
19,497,54,79.234973,0.136364,3,"(x3 - 3)","(inv_nodes - 3)"
19,497,55,79.234973,0.136364,3,"(x3 - 3)","(inv_nodes - 3)"
19,497,56,79.234973,0.136364,3,"(x3 - 3)","(inv_nodes - 3)"
19,497,57,79.234973,0.136364,3,"(x3 - 3)","(inv_nodes - 3)"
19,497,58,79.234973,0.136364,3,"(x3 - 3)","(inv_nodes - 3)"
19,497,59,79.234973,0.136364,3,"(x3 - 3)","(inv_nodes - 3)"
19,497,60,79.234973,0.136364,3,"(x3 - 3)","(inv_nodes - 3)"
19,497,61,79.234973,0.136364,3,"(x3 - 3)","(inv_nodes - 3)"
19,497,62,79.234973,0.136364,3,"(x3 - 3)","(inv_nodes - 3)"
19,497,63,79.234973,0.136364,3,"(x3 - 3)","(inv_nodes - 3)"
19,497,64,79.234973,0.136364,3,"(x3 - 3)","(inv_nodes - 3)"
19,497,65,79.234973,0.136364,3,"(x3 - 3)","(inv_nodes - 3)"
19,497,66,79.234973,0.136364,3,"(x3 - 3)","(inv_nodes - 3)"
19,497,67,79.234973,0.136364,3,"(x3 - 3)","(inv_nodes - 3)"
19,497,68,79.234973,0.136364,3,"(x3 - 3)","(inv_nodes - 3)"
19,497,69,79.234973,0.136364,3,"(x3 - 3)","(inv_nodes - 3)"
19,497,70,79.234973,0.136364,3,"(x3 - 3)","(inv_nodes - 3)"
19,497,71,79.234973,0.136364,3,"(x3 - 3)","(inv_nodes - 3)"
19,497,72,79.234973,0.136364,3,"(x3 - 3)","(inv_nodes - 3)"
19,497,73,79.234973,0.136364,3,"(x3 - 3)","(inv_nodes - 3)"
19,497,74,79.234973,0.136364,3,"(x3 - 3)","(inv_nodes - 3)"
19,497,75,79.234973,0.136364,3,"(x3 - 3)","(inv_nodes - 3)"
19,497,76,79.234973,0.136364,3,"(x3 - 3)","(inv_nodes - 3)"
19,497,77,79.234973,0.136364,3,"(x3 - 3)","(inv_nodes - 3)"
19,497,78,79.234973,0.136364,3,"(x3 - 3)","(inv_nodes - 3)"
19,497,79,79.234973,0.136364,3,"(x3 - 3)","(inv_nodes - 3)"
19,497,80,79.234973,0.136364,3,"(x3 - 3)","(inv_nodes - 3)"
19,497,81,79.234973,0.136364,3,"(x3 - 3)","(inv_nodes - 3)"
19,497,82,79.234973,0.136364,3,"(x3 - 3)","(inv_nodes - 3)"
19,497,83,79.234973,0.136364,3,"(x3 - 3)","(inv_nodes - 3)"
19,497,84,79.234973,0.136364,3,"(x3 - 3)","(inv_nodes - 3)"
19,497,85,79.234973,0.136364,3,"(x3 - 3)","(inv_nodes - 3)"
19,497,86,79.234973,0.136364,3,"(x3 - 3)","(inv_nodes - 3)"
19,497,87,79.234973,0.136364,3,"(x3 - 3)","(inv_nodes - 3)"
19,497,88,79.234973,0.136364,3,"(x3 - 3)","(inv_nodes - 3)"
19,497,89,79.234973,0.136364,3,"(x3 - 3)","(inv_nodes - 3)"
19,497,90,79.234973,0.136364,3,"(x3 - 3)","(inv_nodes - 3)"
19,497,91,79.234973,0.136364,3,"(x3 - 3)","(inv_nodes - 3)"
19,497,92,79.234973,0.136364,3,"(x3 - 3)","(inv_nodes - 3)"
19,497,93,79.234973,0.136364,3,"(x3 - 3)","(inv_nodes - 3)"
19,497,94,79.234973,0.136364,3,"(x3 - 3)","(inv_nodes - 3)"
19,497,95,79.234973,0.136364,3,"(x3 - 3)","(inv_nodes - 3)"
19,497,96,79.234973,0.136364,3,"(x3 - 3)","(inv_nodes - 3)"
19,497,97,79.234973,0.136364,3,"(x3 - 3)","(inv_nodes - 3)"
19,497,98,79.234973,0.136364,3,"(x3 - 3)","(inv_nodes - 3)"
19,497,99,79.234973,0.136364,3,"(x3 - 3)","(inv_nodes - 3)"
19,497,100,79.234973,0.136364,3,"(x3 - 3)","(inv_nodes - 3)"
20,498,1,78.688525,0.000000,3,"(0 - 4)","(0 - 4)"
20,498,2,79.234973,0.344828,7,"((x8 * 7) - (2 / 6))","((irradiat * 7) - (2 / 6))"
20,498,3,79.234973,0.344828,5,"((x8 * 7) - 7)","((irradiat * 7) - 7)"
20,498,4,79.234973,0.344828,5,"((x8 * 8) - 4)","((irradiat * 8) - 4)"
20,498,5,79.234973,0.344828,5,"((x8 * 7) - 4)","((irradiat * 7) - 4)"
20,498,6,79.234973,0.344828,5,"((x8 * 7) - 4)","((irradiat * 7) - 4)"
20,498,7,79.234973,0.344828,5,"((x8 * 7) - 2)","((irradiat * 7) - 2)"
20,498,8,79.234973,0.344828,5,"((x8 * 7) - 7)","((irradiat * 7) - 7)"
20,498,9,79.234973,0.344828,5,"((x8 * 7) - 6)","((irradiat * 7) - 6)"
20,498,10,79.234973,0.344828,5,"((x8 * 7) - 4)","((irradiat * 7) - 4)"
20,498,11,79.234973,0.344828,5,"((x8 * x5) - x5)","((irradiat * degree_of_malignancy) - degree_of_malignancy)"
20,498,12,79.234973,0.344828,5,"((x8 * 7) - 4)","((irradiat * 7) - 4)"
20,498,13,79.234973,0.344828,5,"((x8 * 7) - 6)","((irradiat * 7) - 6)"
20,498,14,79.234973,0.344828,5,"((x8 * 7) - 7)","((irradiat * 7) - 7)"
20,498,15,79.234973,0.344828,5,"((x8 * 7) - x5)","((irradiat * 7) - degree_of_malignancy)"
20,498,16,79.234973,0.344828,5,"((x8 * 6) - 6)","((irradiat * 6) - 6)"
20,498,17,79.234973,0.344828,5,"((x8 * 7) - x5)","((irradiat * 7) - degree_of_malignancy)"
20,498,18,79.234973,0.344828,5,"((x8 * 7) - 4)","((irradiat * 7) - 4)"
20,498,19,79.234973,0.344828,5,"((x8 * 7) - x5)","((irradiat * 7) - degree_of_malignancy)"
20,498,20,79.234973,0.344828,5,"((x8 * 7) - 6)","((irradiat * 7) - 6)"
20,498,21,79.234973,0.344828,5,"((x8 * 7) - x5)","((irradiat * 7) - degree_of_malignancy)"
20,498,22,79.234973,0.344828,5,"((x8 * 6) - 4)","((irradiat * 6) - 4)"
20,498,23,79.234973,0.344828,5,"((x8 * 7) - x5)","((irradiat * 7) - degree_of_malignancy)"
20,498,24,79.234973,0.344828,5,"((x8 * 6) - x5)","((irradiat * 6) - degree_of_malignancy)"
20,498,25,79.234973,0.344828,5,"((x8 * 7) - 7)","((irradiat * 7) - 7)"
20,498,26,79.234973,0.344828,5,"((x8 * 4) - x5)","((irradiat * 4) - degree_of_malignancy)"
20,498,27,79.234973,0.344828,5,"((x8 * 6) - 6)","((irradiat * 6) - 6)"
20,498,28,79.234973,0.344828,5,"((x8 * 7) - x5)","((irradiat * 7) - degree_of_malignancy)"
20,498,29,79.234973,0.344828,5,"((x8 * 7) - 7)","((irradiat * 7) - 7)"
20,498,30,79.234973,0.344828,5,"((x8 * 7) - x5)","((irradiat * 7) - degree_of_malignancy)"
20,498,31,79.234973,0.344828,5,"((x8 * 7) - 6)","((irradiat * 7) - 6)"
20,498,32,79.234973,0.344828,5,"((x8 * 7) - x5)","((irradiat * 7) - degree_of_malignancy)"
20,498,33,79.234973,0.344828,5,"((x8 * 7) - x5)","((irradiat * 7) - degree_of_malignancy)"
20,498,34,79.234973,0.344828,5,"((x8 * 7) - 7)","((irradiat * 7) - 7)"
20,498,35,79.234973,0.344828,5,"((x8 * 7) - 7)","((irradiat * 7) - 7)"
20,498,36,79.234973,0.344828,5,"((x8 * 7) - 7)","((irradiat * 7) - 7)"
20,498,37,79.234973,0.344828,5,"((x8 * 7) - x5)","((irradiat * 7) - degree_of_malignancy)"
20,498,38,79.234973,0.344828,5,"((x8 * 7) - x5)","((irradiat * 7) - degree_of_malignancy)"
20,498,39,79.234973,0.344828,5,"((x8 * 7) - 7)","((irradiat * 7) - 7)"
20,498,40,79.234973,0.344828,5,"((x8 * 7) - 6)","((irradiat * 7) - 6)"
20,498,41,79.234973,0.344828,5,"((x8 * 7) - x5)","((irradiat * 7) - degree_of_malignancy)"
20,498,42,79.234973,0.344828,5,"((x8 * 7) - x5)","((irradiat * 7) - degree_of_malignancy)"
20,498,43,79.234973,0.344828,5,"((x8 * 7) - 7)","((irradiat * 7) - 7)"
20,498,44,79.234973,0.344828,5,"((x8 * 7) - 6)","((irradiat * 7) - 6)"
20,498,45,79.234973,0.344828,5,"((x8 * 7) - 6)","((irradiat * 7) - 6)"
20,498,46,79.234973,0.344828,5,"((x8 * 7) - x5)","((irradiat * 7) - degree_of_malignancy)"
20,498,47,79.234973,0.344828,5,"((x8 * 7) - 7)","((irradiat * 7) - 7)"
20,498,48,79.234973,0.344828,5,"((x8 * 7) - 7)","((irradiat * 7) - 7)"
20,498,49,79.234973,0.344828,5,"((x8 * 7) - 7)","((irradiat * 7) - 7)"
20,498,50,79.234973,0.344828,5,"((x8 * 7) - 7)","((irradiat * 7) - 7)"
20,498,51,79.234973,0.344828,5,"((x8 * 7) - 7)","((irradiat * 7) - 7)"
20,498,52,79.234973,0.344828,5,"((x8 * 7) - 7)","((irradiat * 7) - 7)"
20,498,53,79.234973,0.344828,5,"((x8 * 7) - 7)","((irradiat * 7) - 7)"
20,498,54,79.234973,0.344828,5,"((x8 * 7) - 7)","((irradiat * 7) - 7)"
20,498,55,79.234973,0.344828,5,"((x8 * 7) - 7)","((irradiat * 7) - 7)"
20,498,56,79.234973,0.344828,5,"((x8 * 7) - 7)","((irradiat * 7) - 7)"
20,498,57,79.234973,0.344828,5,"((x8 * 7) - 7)","((irradiat * 7) - 7)"
20,498,58,79.234973,0.344828,5,"((x8 * 7) - 7)","((irradiat * 7) - 7)"
20,498,59,79.234973,0.344828,5,"((x8 * 7) - 7)","((irradiat * 7) - 7)"
20,498,60,79.234973,0.344828,5,"((x8 * 7) - 7)","((irradiat * 7) - 7)"
20,498,61,79.234973,0.344828,5,"((x8 * 7) - 7)","((irradiat * 7) - 7)"
20,498,62,79.234973,0.344828,5,"((x8 * 7) - 7)","((irradiat * 7) - 7)"
20,498,63,79.234973,0.344828,5,"((x8 * 7) - 7)","((irradiat * 7) - 7)"
20,498,64,79.234973,0.344828,5,"((x8 * 7) - 7)","((irradiat * 7) - 7)"
20,498,65,79.234973,0.344828,5,"((x8 * 7) - 7)","((irradiat * 7) - 7)"
20,498,66,79.234973,0.344828,5,"((x8 * 7) - 7)","((irradiat * 7) - 7)"
20,498,67,79.234973,0.344828,5,"((x8 * 7) - 7)","((irradiat * 7) - 7)"
20,498,68,79.234973,0.344828,5,"((x8 * 7) - 7)","((irradiat * 7) - 7)"
20,498,69,79.234973,0.344828,5,"((x8 * 7) - 7)","((irradiat * 7) - 7)"
20,498,70,79.234973,0.344828,5,"((x8 * 7) - 7)","((irradiat * 7) - 7)"
20,498,71,79.234973,0.344828,5,"((x8 * 7) - 7)","((irradiat * 7) - 7)"
20,498,72,79.234973,0.344828,5,"((x8 * 7) - 7)","((irradiat * 7) - 7)"
20,498,73,79.234973,0.344828,5,"((x8 * 7) - 7)","((irradiat * 7) - 7)"
20,498,74,79.234973,0.344828,5,"((x8 * 7) - 7)","((irradiat * 7) - 7)"
20,498,75,79.234973,0.344828,5,"((x8 * 7) - 7)","((irradiat * 7) - 7)"
20,498,76,79.234973,0.344828,5,"((x8 * 7) - 7)","((irradiat * 7) - 7)"
20,498,77,79.234973,0.344828,5,"((x8 * 7) - 7)","((irradiat * 7) - 7)"
20,498,78,79.234973,0.344828,5,"((x8 * 7) - 7)","((irradiat * 7) - 7)"
20,498,79,79.234973,0.344828,5,"((x8 * 7) - 7)","((irradiat * 7) - 7)"
20,498,80,79.234973,0.344828,5,"((x8 * 7) - 7)","((irradiat * 7) - 7)"
20,498,81,79.234973,0.344828,5,"((x8 * 7) - 7)","((irradiat * 7) - 7)"
20,498,82,79.234973,0.344828,5,"((x8 * 7) - 7)","((irradiat * 7) - 7)"
20,498,83,79.234973,0.344828,5,"((x8 * 7) - 7)","((irradiat * 7) - 7)"
20,498,84,79.234973,0.344828,5,"((x8 * 7) - 7)","((irradiat * 7) - 7)"
20,498,85,79.234973,0.344828,5,"((x8 * 7) - 7)","((irradiat * 7) - 7)"
20,498,86,79.234973,0.344828,5,"((x8 * 7) - 7)","((irradiat * 7) - 7)"
20,498,87,79.234973,0.344828,5,"((x8 * 7) - 7)","((irradiat * 7) - 7)"
20,498,88,79.234973,0.344828,5,"((x8 * 7) - 7)","((irradiat * 7) - 7)"
20,498,89,79.234973,0.344828,5,"((x8 * 7) - 7)","((irradiat * 7) - 7)"
20,498,90,79.234973,0.344828,5,"((x8 * 7) - 7)","((irradiat * 7) - 7)"
20,498,91,79.234973,0.344828,5,"((x8 * 7) - 7)","((irradiat * 7) - 7)"
20,498,92,79.234973,0.344828,5,"((x8 * 7) - 7)","((irradiat * 7) - 7)"
20,498,93,79.234973,0.344828,5,"((x8 * 7) - 7)","((irradiat * 7) - 7)"
20,498,94,79.234973,0.344828,5,"((x8 * 7) - 7)","((irradiat * 7) - 7)"
20,498,95,79.234973,0.344828,5,"((x8 * 7) - 7)","((irradiat * 7) - 7)"
20,498,96,79.234973,0.344828,5,"((x8 * 7) - 7)","((irradiat * 7) - 7)"
20,498,97,79.234973,0.344828,5,"((x8 * 7) - 7)","((irradiat * 7) - 7)"
20,498,98,79.234973,0.344828,5,"((x8 * 7) - 7)","((irradiat * 7) - 7)"
20,498,99,79.234973,0.344828,5,"((x8 * 7) - 7)","((irradiat * 7) - 7)"
20,498,100,79.234973,0.344828,5,"((x8 * 7) - 7)","((irradiat * 7) - 7)"
21,499,1,79.234973,0.208333,7,"((x5 - 5) + (x0 * x4))","((degree_of_malignancy - 5) + (age * node_caps))"
21,499,2,79.781421,0.097561,7,"((x1 - 5) + (x0 * x4))","((menopause - 5) + (age * node_caps))"
21,499,3,80.327869,0.181818,7,"((x5 - 5) + (x5 * x4))","((degree_of_malignancy - 5) + (degree_of_malignancy * node_caps))"
21,499,4,80.327869,0.181818,7,"((x5 - 5) + (x5 * x4))","((degree_of_malignancy - 5) + (degree_of_malignancy * node_caps))"
21,499,5,80.874317,0.222222,9,"((x5 - 5) + ((x5 * x4) * x4))","((degree_of_malignancy - 5) + ((degree_of_malignancy * node_caps) * node_caps))"
21,499,6,80.874317,0.222222,9,"((x5 - 5) + ((x5 * x4) * x4))","((degree_of_malignancy - 5) + ((degree_of_malignancy * node_caps) * node_caps))"
21,499,7,80.874317,0.222222,9,"((x5 - 5) + ((x5 * x4) * x4))","((degree_of_malignancy - 5) + ((degree_of_malignancy * node_caps) * node_caps))"
21,499,8,80.874317,0.222222,9,"((x5 - 5) + ((x5 * x4) * x4))","((degree_of_malignancy - 5) + ((degree_of_malignancy * node_caps) * node_caps))"
21,499,9,80.874317,0.222222,9,"((x5 - 5) + ((x5 * x4) * x4))","((degree_of_malignancy - 5) + ((degree_of_malignancy * node_caps) * node_caps))"
21,499,10,80.874317,0.222222,9,"((x5 - 5) + ((x5 * x4) * x4))","((degree_of_malignancy - 5) + ((degree_of_malignancy * node_caps) * node_caps))"
21,499,11,80.874317,0.222222,9,"((x5 - 5) + ((x5 * x4) * x4))","((degree_of_malignancy - 5) + ((degree_of_malignancy * node_caps) * node_caps))"
21,499,12,80.874317,0.222222,9,"((x5 - 5) + ((x5 * x4) * x4))","((degree_of_malignancy - 5) + ((degree_of_malignancy * node_caps) * node_caps))"
21,499,13,80.874317,0.222222,9,"((x5 - 5) + ((x5 * x4) * x4))","((degree_of_malignancy - 5) + ((degree_of_malignancy * node_caps) * node_caps))"
21,499,14,80.874317,0.222222,9,"((x5 - 5) + ((x4 * x4) * x5))","((degree_of_malignancy - 5) + ((node_caps * node_caps) * degree_of_malignancy))"
21,499,15,80.874317,0.222222,9,"((x5 - 5) + ((x5 * x4) * x4))","((degree_of_malignancy - 5) + ((degree_of_malignancy * node_caps) * node_caps))"
21,499,16,80.874317,0.222222,9,"((x5 - 5) + ((x5 * x4) * x4))","((degree_of_malignancy - 5) + ((degree_of_malignancy * node_caps) * node_caps))"
21,499,17,80.874317,0.222222,9,"((x5 - 5) + ((x5 * x4) * x4))","((degree_of_malignancy - 5) + ((degree_of_malignancy * node_caps) * node_caps))"
21,499,18,80.874317,0.222222,9,"((x5 - 5) + ((x5 * x4) * x4))","((degree_of_malignancy - 5) + ((degree_of_malignancy * node_caps) * node_caps))"
21,499,19,80.874317,0.222222,9,"((x5 - 5) + ((x5 * x4) * x4))","((degree_of_malignancy - 5) + ((degree_of_malignancy * node_caps) * node_caps))"
21,499,20,80.874317,0.222222,9,"((x5 - 5) + ((x5 * x4) * x4))","((degree_of_malignancy - 5) + ((degree_of_malignancy * node_caps) * node_caps))"
21,499,21,80.874317,0.222222,9,"((x5 - 5) + ((x5 * x4) * x4))","((degree_of_malignancy - 5) + ((degree_of_malignancy * node_caps) * node_caps))"
21,499,22,80.874317,0.222222,9,"((x5 - 5) + ((x5 * x4) * x4))","((degree_of_malignancy - 5) + ((degree_of_malignancy * node_caps) * node_caps))"
21,499,23,80.874317,0.222222,9,"((x5 - 5) + ((x5 * x4) * x4))","((degree_of_malignancy - 5) + ((degree_of_malignancy * node_caps) * node_caps))"
21,499,24,80.874317,0.222222,9,"((x5 - 5) + ((x5 * x4) * x4))","((degree_of_malignancy - 5) + ((degree_of_malignancy * node_caps) * node_caps))"
21,499,25,80.874317,0.222222,9,"((x5 - 5) + ((x5 * x4) * x4))","((degree_of_malignancy - 5) + ((degree_of_malignancy * node_caps) * node_caps))"
21,499,26,80.874317,0.222222,9,"((x5 - 5) + ((x5 * x4) * x4))","((degree_of_malignancy - 5) + ((degree_of_malignancy * node_caps) * node_caps))"
21,499,27,80.874317,0.222222,9,"((x5 - 5) + ((x5 * x4) * x4))","((degree_of_malignancy - 5) + ((degree_of_malignancy * node_caps) * node_caps))"
21,499,28,80.874317,0.222222,9,"((x5 - 5) + ((x5 * x4) * x4))","((degree_of_malignancy - 5) + ((degree_of_malignancy * node_caps) * node_caps))"
21,499,29,80.874317,0.222222,9,"((x5 - 5) + ((x5 * x4) * x4))","((degree_of_malignancy - 5) + ((degree_of_malignancy * node_caps) * node_caps))"
21,499,30,80.874317,0.222222,9,"((x5 - 5) + ((x5 * x4) * x4))","((degree_of_malignancy - 5) + ((degree_of_malignancy * node_caps) * node_caps))"
21,499,31,80.874317,0.222222,9,"((x5 - 5) + ((x5 * x4) * x4))","((degree_of_malignancy - 5) + ((degree_of_malignancy * node_caps) * node_caps))"
21,499,32,80.874317,0.222222,9,"((x5 - 5) + ((x5 * x4) * x4))","((degree_of_malignancy - 5) + ((degree_of_malignancy * node_caps) * node_caps))"
21,499,33,80.874317,0.222222,9,"((x5 - 5) + ((x5 * x4) * x4))","((degree_of_malignancy - 5) + ((degree_of_malignancy * node_caps) * node_caps))"
21,499,34,80.874317,0.222222,9,"((x5 - 5) + ((x5 * x4) * x4))","((degree_of_malignancy - 5) + ((degree_of_malignancy * node_caps) * node_caps))"
21,499,35,80.874317,0.222222,9,"((x5 - 5) + ((x5 * x4) * x4))","((degree_of_malignancy - 5) + ((degree_of_malignancy * node_caps) * node_caps))"
21,499,36,80.874317,0.222222,9,"((x5 - 5) + ((x5 * x4) * x4))","((degree_of_malignancy - 5) + ((degree_of_malignancy * node_caps) * node_caps))"
21,499,37,80.874317,0.222222,9,"((x5 - 5) + ((x5 * x4) * x4))","((degree_of_malignancy - 5) + ((degree_of_malignancy * node_caps) * node_caps))"
21,499,38,80.874317,0.222222,9,"((x5 - 5) + ((x5 * x4) * x4))","((degree_of_malignancy - 5) + ((degree_of_malignancy * node_caps) * node_caps))"
21,499,39,80.874317,0.222222,9,"((x5 - 5) + ((x5 * x4) * x4))","((degree_of_malignancy - 5) + ((degree_of_malignancy * node_caps) * node_caps))"
21,499,40,80.874317,0.222222,9,"((x5 - 5) + ((x5 * x4) * x4))","((degree_of_malignancy - 5) + ((degree_of_malignancy * node_caps) * node_caps))"
21,499,41,80.874317,0.222222,9,"((x5 - 5) + ((x5 * x4) * x4))","((degree_of_malignancy - 5) + ((degree_of_malignancy * node_caps) * node_caps))"
21,499,42,80.874317,0.222222,9,"((x5 - 5) + ((x5 * x4) * x4))","((degree_of_malignancy - 5) + ((degree_of_malignancy * node_caps) * node_caps))"
21,499,43,80.874317,0.222222,9,"((x5 - 5) + ((x5 * x4) * x4))","((degree_of_malignancy - 5) + ((degree_of_malignancy * node_caps) * node_caps))"
21,499,44,80.874317,0.222222,9,"((x5 - 5) + ((x5 * x4) * x4))","((degree_of_malignancy - 5) + ((degree_of_malignancy * node_caps) * node_caps))"
21,499,45,80.874317,0.222222,9,"((x5 - 5) + ((x5 * x4) * x4))","((degree_of_malignancy - 5) + ((degree_of_malignancy * node_caps) * node_caps))"
21,499,46,80.874317,0.222222,9,"((x5 - 5) + ((x5 * x4) * x4))","((degree_of_malignancy - 5) + ((degree_of_malignancy * node_caps) * node_caps))"
21,499,47,80.874317,0.222222,9,"((x5 - 5) + ((x5 * x4) * x4))","((degree_of_malignancy - 5) + ((degree_of_malignancy * node_caps) * node_caps))"
21,499,48,80.874317,0.222222,9,"((x5 - 5) + ((x5 * x4) * x4))","((degree_of_malignancy - 5) + ((degree_of_malignancy * node_caps) * node_caps))"
21,499,49,80.874317,0.222222,9,"((x5 - 5) + ((x5 * x4) * x4))","((degree_of_malignancy - 5) + ((degree_of_malignancy * node_caps) * node_caps))"
21,499,50,80.874317,0.222222,9,"((x5 - 5) + ((x5 * x4) * x4))","((degree_of_malignancy - 5) + ((degree_of_malignancy * node_caps) * node_caps))"
21,499,51,80.874317,0.222222,9,"((x5 - 5) + ((x5 * x4) * x4))","((degree_of_malignancy - 5) + ((degree_of_malignancy * node_caps) * node_caps))"
21,499,52,80.874317,0.222222,9,"((x5 - 5) + ((x5 * x4) * x4))","((degree_of_malignancy - 5) + ((degree_of_malignancy * node_caps) * node_caps))"
21,499,53,80.874317,0.222222,9,"((x5 - 5) + ((x5 * x4) * x4))","((degree_of_malignancy - 5) + ((degree_of_malignancy * node_caps) * node_caps))"
21,499,54,80.874317,0.222222,9,"((x5 - 5) + ((x5 * x4) * x4))","((degree_of_malignancy - 5) + ((degree_of_malignancy * node_caps) * node_caps))"
21,499,55,80.874317,0.222222,9,"((x5 - 5) + ((x5 * x4) * x4))","((degree_of_malignancy - 5) + ((degree_of_malignancy * node_caps) * node_caps))"
21,499,56,80.874317,0.222222,9,"((x5 - 5) + ((x5 * x4) * x4))","((degree_of_malignancy - 5) + ((degree_of_malignancy * node_caps) * node_caps))"
21,499,57,80.874317,0.222222,9,"((x5 - 5) + ((x5 * x4) * x4))","((degree_of_malignancy - 5) + ((degree_of_malignancy * node_caps) * node_caps))"
21,499,58,80.874317,0.222222,9,"((x5 - 5) + ((x5 * x4) * x4))","((degree_of_malignancy - 5) + ((degree_of_malignancy * node_caps) * node_caps))"
21,499,59,80.874317,0.222222,9,"((x5 - 5) + ((x5 * x4) * x4))","((degree_of_malignancy - 5) + ((degree_of_malignancy * node_caps) * node_caps))"
21,499,60,80.874317,0.222222,9,"((x5 - 5) + ((x5 * x4) * x4))","((degree_of_malignancy - 5) + ((degree_of_malignancy * node_caps) * node_caps))"
21,499,61,80.874317,0.222222,9,"((x5 - 5) + ((x5 * x4) * x4))","((degree_of_malignancy - 5) + ((degree_of_malignancy * node_caps) * node_caps))"
21,499,62,80.874317,0.222222,9,"((x5 - 5) + ((x5 * x4) * x4))","((degree_of_malignancy - 5) + ((degree_of_malignancy * node_caps) * node_caps))"
21,499,63,80.874317,0.222222,9,"((x5 - 5) + ((x5 * x4) * x4))","((degree_of_malignancy - 5) + ((degree_of_malignancy * node_caps) * node_caps))"
21,499,64,80.874317,0.222222,9,"((x5 - 5) + ((x5 * x4) * x4))","((degree_of_malignancy - 5) + ((degree_of_malignancy * node_caps) * node_caps))"
21,499,65,80.874317,0.222222,9,"((x5 - 5) + ((x5 * x4) * x4))","((degree_of_malignancy - 5) + ((degree_of_malignancy * node_caps) * node_caps))"
21,499,66,80.874317,0.222222,9,"((x5 - 5) + ((x5 * x4) * x4))","((degree_of_malignancy - 5) + ((degree_of_malignancy * node_caps) * node_caps))"
21,499,67,80.874317,0.222222,9,"((x5 - 5) + ((x5 * x4) * x4))","((degree_of_malignancy - 5) + ((degree_of_malignancy * node_caps) * node_caps))"
21,499,68,80.874317,0.222222,9,"((x5 - 5) + ((x5 * x4) * x4))","((degree_of_malignancy - 5) + ((degree_of_malignancy * node_caps) * node_caps))"
21,499,69,80.874317,0.222222,9,"((x5 - 5) + ((x5 * x4) * x4))","((degree_of_malignancy - 5) + ((degree_of_malignancy * node_caps) * node_caps))"
21,499,70,80.874317,0.222222,9,"((x5 - 5) + ((x5 * x4) * x4))","((degree_of_malignancy - 5) + ((degree_of_malignancy * node_caps) * node_caps))"
21,499,71,80.874317,0.222222,9,"((x5 - 5) + ((x5 * x4) * x4))","((degree_of_malignancy - 5) + ((degree_of_malignancy * node_caps) * node_caps))"
21,499,72,80.874317,0.222222,9,"((x5 - 5) + ((x5 * x4) * x4))","((degree_of_malignancy - 5) + ((degree_of_malignancy * node_caps) * node_caps))"
21,499,73,80.874317,0.222222,9,"((x5 - 5) + ((x5 * x4) * x4))","((degree_of_malignancy - 5) + ((degree_of_malignancy * node_caps) * node_caps))"
21,499,74,80.874317,0.222222,9,"((x5 - 5) + ((x5 * x4) * x4))","((degree_of_malignancy - 5) + ((degree_of_malignancy * node_caps) * node_caps))"
21,499,75,80.874317,0.222222,9,"((x5 - 5) + ((x5 * x4) * x4))","((degree_of_malignancy - 5) + ((degree_of_malignancy * node_caps) * node_caps))"
21,499,76,80.874317,0.222222,9,"((x5 - 5) + ((x5 * x4) * x4))","((degree_of_malignancy - 5) + ((degree_of_malignancy * node_caps) * node_caps))"
21,499,77,80.874317,0.222222,9,"((x5 - 5) + ((x5 * x4) * x4))","((degree_of_malignancy - 5) + ((degree_of_malignancy * node_caps) * node_caps))"
21,499,78,80.874317,0.222222,9,"((x5 - 5) + ((x5 * x4) * x4))","((degree_of_malignancy - 5) + ((degree_of_malignancy * node_caps) * node_caps))"
21,499,79,80.874317,0.222222,9,"((x5 - 5) + ((x5 * x4) * x4))","((degree_of_malignancy - 5) + ((degree_of_malignancy * node_caps) * node_caps))"
21,499,80,80.874317,0.222222,9,"((x5 - 5) + ((x5 * x4) * x4))","((degree_of_malignancy - 5) + ((degree_of_malignancy * node_caps) * node_caps))"
21,499,81,80.874317,0.222222,9,"((x5 - 5) + ((x5 * x4) * x4))","((degree_of_malignancy - 5) + ((degree_of_malignancy * node_caps) * node_caps))"
21,499,82,80.874317,0.222222,9,"((x5 - 5) + ((x5 * x4) * x4))","((degree_of_malignancy - 5) + ((degree_of_malignancy * node_caps) * node_caps))"
21,499,83,80.874317,0.222222,9,"((x5 - 5) + ((x5 * x4) * x4))","((degree_of_malignancy - 5) + ((degree_of_malignancy * node_caps) * node_caps))"
21,499,84,80.874317,0.222222,9,"((x5 - 5) + ((x5 * x4) * x4))","((degree_of_malignancy - 5) + ((degree_of_malignancy * node_caps) * node_caps))"
21,499,85,80.874317,0.222222,9,"((x5 - 5) + ((x5 * x4) * x4))","((degree_of_malignancy - 5) + ((degree_of_malignancy * node_caps) * node_caps))"
21,499,86,80.874317,0.222222,9,"((x5 - 5) + ((x5 * x4) * x4))","((degree_of_malignancy - 5) + ((degree_of_malignancy * node_caps) * node_caps))"
21,499,87,80.874317,0.222222,9,"((x5 - 5) + ((x5 * x4) * x4))","((degree_of_malignancy - 5) + ((degree_of_malignancy * node_caps) * node_caps))"
21,499,88,80.874317,0.222222,9,"((x5 - 5) + ((x5 * x4) * x4))","((degree_of_malignancy - 5) + ((degree_of_malignancy * node_caps) * node_caps))"
21,499,89,80.874317,0.222222,9,"((x5 - 5) + ((x5 * x4) * x4))","((degree_of_malignancy - 5) + ((degree_of_malignancy * node_caps) * node_caps))"
21,499,90,80.874317,0.222222,9,"((x5 - 5) + ((x5 * x4) * x4))","((degree_of_malignancy - 5) + ((degree_of_malignancy * node_caps) * node_caps))"
21,499,91,80.874317,0.222222,9,"((x5 - 5) + ((x5 * x4) * x4))","((degree_of_malignancy - 5) + ((degree_of_malignancy * node_caps) * node_caps))"
21,499,92,80.874317,0.222222,9,"((x5 - 5) + ((x5 * x4) * x4))","((degree_of_malignancy - 5) + ((degree_of_malignancy * node_caps) * node_caps))"
21,499,93,80.874317,0.222222,9,"((x5 - 5) + ((x5 * x4) * x4))","((degree_of_malignancy - 5) + ((degree_of_malignancy * node_caps) * node_caps))"
21,499,94,80.874317,0.222222,9,"((x5 - 5) + ((x5 * x4) * x4))","((degree_of_malignancy - 5) + ((degree_of_malignancy * node_caps) * node_caps))"
21,499,95,80.874317,0.222222,9,"((x5 - 5) + ((x5 * x4) * x4))","((degree_of_malignancy - 5) + ((degree_of_malignancy * node_caps) * node_caps))"
21,499,96,80.874317,0.222222,9,"((x5 - 5) + ((x5 * x4) * x4))","((degree_of_malignancy - 5) + ((degree_of_malignancy * node_caps) * node_caps))"
21,499,97,80.874317,0.222222,9,"((x5 - 5) + ((x5 * x4) * x4))","((degree_of_malignancy - 5) + ((degree_of_malignancy * node_caps) * node_caps))"
21,499,98,80.874317,0.222222,9,"((x5 - 5) + ((x5 * x4) * x4))","((degree_of_malignancy - 5) + ((degree_of_malignancy * node_caps) * node_caps))"
21,499,99,80.874317,0.222222,9,"((x5 - 5) + ((x5 * x4) * x4))","((degree_of_malignancy - 5) + ((degree_of_malignancy * node_caps) * node_caps))"
21,499,100,80.874317,0.222222,9,"((x5 - 5) + ((x5 * x4) * x4))","((degree_of_malignancy - 5) + ((degree_of_malignancy * node_caps) * node_caps))"
22,500,1,79.781421,0.097561,7,"((x3 - 2) - (5 * x7))","((inv_nodes - 2) - (5 * breast_quad))"
22,500,2,79.234973,0.296296,7,"((x8 - 2) + (0 + x3))","((irradiat - 2) + (0 + inv_nodes))"
22,500,3,79.781421,0.097561,7,"((x3 - 4) + (x8 - x6))","((inv_nodes - 4) + (irradiat - breast))"
22,500,4,79.781421,0.393443,9,"(((x2 * x8) - 2) + (0 + x3))","(((tumor_size * irradiat) - 2) + (0 + inv_nodes))"
22,500,5,80.327869,0.400000,7,"((x3 - 4) + (5 / x8))","((inv_nodes - 4) + (5 / irradiat))"
22,500,6,80.327869,0.419355,11,"(((x2 * x8) - 2) + ((x5 - 2) + x3))","(((tumor_size * irradiat) - 2) + ((degree_of_malignancy - 2) + inv_nodes))"
22,500,7,81.967213,0.326531,13,"((x3 - 4) + (((x5 - 2) / x8) * (7 * x8)))","((inv_nodes - 4) + (((degree_of_malignancy - 2) / irradiat) * (7 * irradiat)))"
22,500,8,82.513661,0.360000,13,"((x3 - 4) + (((x5 - 2) / x8) * (7 / x8)))","((inv_nodes - 4) + (((degree_of_malignancy - 2) / irradiat) * (7 / irradiat)))"
22,500,9,82.513661,0.360000,15,"((x3 - 4) + (((x5 - 2) / x8) * ((x2 * x8) / x8)))","((inv_nodes - 4) + (((degree_of_malignancy - 2) / irradiat) * ((tumor_size * irradiat) / irradiat)))"
22,500,10,82.513661,0.360000,13,"((x3 - 4) + (((x5 - 2) / x8) * (5 / x8)))","((inv_nodes - 4) + (((degree_of_malignancy - 2) / irradiat) * (5 / irradiat)))"
22,500,11,83.060109,0.392157,21,"((((x5 - 2) + x3) - 4) + (((x5 - 2) / x8) * ((x2 * x8) * (x5 - 2))))","((((degree_of_malignancy - 2) + inv_nodes) - 4) + (((degree_of_malignancy - 2) / irradiat) * ((tumor_size * irradiat) * (degree_of_malignancy - 2))))"
22,500,12,82.513661,0.360000,13,"((x3 - 4) + (((x5 - 2) / x8) * (5 / x8)))","((inv_nodes - 4) + (((degree_of_malignancy - 2) / irradiat) * (5 / irradiat)))"
22,500,13,82.513661,0.360000,13,"((x3 - 4) + (((x5 - 2) / x8) * (x2 / x8)))","((inv_nodes - 4) + (((degree_of_malignancy - 2) / irradiat) * (tumor_size / irradiat)))"
22,500,14,82.513661,0.360000,13,"((x3 - 4) + (((x5 - 2) / x8) * (4 / x8)))","((inv_nodes - 4) + (((degree_of_malignancy - 2) / irradiat) * (4 / irradiat)))"
22,500,15,82.513661,0.360000,13,"((x3 - 4) + (((x5 - 2) / x8) * (4 / x8)))","((inv_nodes - 4) + (((degree_of_malignancy - 2) / irradiat) * (4 / irradiat)))"
22,500,16,83.606557,0.423077,17,"((x3 - 4) + (((x5 - 2) / x8) * ((x2 / x8) / (x5 - 2))))","((inv_nodes - 4) + (((degree_of_malignancy - 2) / irradiat) * ((tumor_size / irradiat) / (degree_of_malignancy - 2))))"
22,500,17,83.606557,0.423077,17,"((x3 - 4) + (((x5 - 2) / x8) * ((x2 / x8) / (x5 - 2))))","((inv_nodes - 4) + (((degree_of_malignancy - 2) / irradiat) * ((tumor_size / irradiat) / (degree_of_malignancy - 2))))"
22,500,18,83.606557,0.423077,17,"((x3 - 4) + (((x5 - 2) / x8) * ((x2 / x8) / (x5 - 2))))","((inv_nodes - 4) + (((degree_of_malignancy - 2) / irradiat) * ((tumor_size / irradiat) / (degree_of_malignancy - 2))))"
22,500,19,83.606557,0.423077,17,"((x3 - 4) + (((x5 - 2) / x8) * ((x2 / x8) / (x5 - 2))))","((inv_nodes - 4) + (((degree_of_malignancy - 2) / irradiat) * ((tumor_size / irradiat) / (degree_of_malignancy - 2))))"
22,500,20,83.606557,0.423077,17,"((x3 - 4) + (((x5 - 2) / x8) * ((x2 / x8) / (x5 - 2))))","((inv_nodes - 4) + (((degree_of_malignancy - 2) / irradiat) * ((tumor_size / irradiat) / (degree_of_malignancy - 2))))"
22,500,21,83.606557,0.423077,15,"((x3 - 4) + (((x5 - x3) / x8) * (x5 / (x5 - 2))))","((inv_nodes - 4) + (((degree_of_malignancy - inv_nodes) / irradiat) * (degree_of_malignancy / (degree_of_malignancy - 2))))"
22,500,22,83.606557,0.423077,15,"((x3 - 4) + (((x5 - x3) / x8) * (x5 / (x5 - 2))))","((inv_nodes - 4) + (((degree_of_malignancy - inv_nodes) / irradiat) * (degree_of_malignancy / (degree_of_malignancy - 2))))"
22,500,23,83.606557,0.423077,15,"((x3 - 4) + (((x5 - x3) / x8) * (x5 / (x5 - 2))))","((inv_nodes - 4) + (((degree_of_malignancy - inv_nodes) / irradiat) * (degree_of_malignancy / (degree_of_malignancy - 2))))"
22,500,24,83.606557,0.423077,15,"((x3 - 4) + (((2 - x3) / x8) * (x5 / (x5 - 2))))","((inv_nodes - 4) + (((2 - inv_nodes) / irradiat) * (degree_of_malignancy / (degree_of_malignancy - 2))))"
22,500,25,83.606557,0.423077,15,"((x3 - 4) + (((2 - x3) / x8) * (x5 / (x5 - 2))))","((inv_nodes - 4) + (((2 - inv_nodes) / irradiat) * (degree_of_malignancy / (degree_of_malignancy - 2))))"
22,500,26,83.606557,0.423077,15,"((x3 - 4) + (((x5 - x3) / x8) * (x5 / (x5 - 2))))","((inv_nodes - 4) + (((degree_of_malignancy - inv_nodes) / irradiat) * (degree_of_malignancy / (degree_of_malignancy - 2))))"
22,500,27,83.606557,0.423077,15,"((x3 - 4) + (((2 - x3) / x8) * (x5 / (x5 - 2))))","((inv_nodes - 4) + (((2 - inv_nodes) / irradiat) * (degree_of_malignancy / (degree_of_malignancy - 2))))"
22,500,28,83.606557,0.423077,15,"((x3 - 4) + (((x5 - x3) / x8) * (x5 / (x5 - 2))))","((inv_nodes - 4) + (((degree_of_malignancy - inv_nodes) / irradiat) * (degree_of_malignancy / (degree_of_malignancy - 2))))"
22,500,29,83.606557,0.423077,15,"((x3 - 4) + (((x5 - x3) / x8) * (x5 / (x5 - 2))))","((inv_nodes - 4) + (((degree_of_malignancy - inv_nodes) / irradiat) * (degree_of_malignancy / (degree_of_malignancy - 2))))"
22,500,30,83.606557,0.423077,15,"((x3 - 4) + (((x5 - x3) / x8) * (x5 / (x5 - 2))))","((inv_nodes - 4) + (((degree_of_malignancy - inv_nodes) / irradiat) * (degree_of_malignancy / (degree_of_malignancy - 2))))"
22,500,31,83.606557,0.423077,15,"((x3 - 4) + (((x5 - x3) / x8) * (x5 / (x5 - 2))))","((inv_nodes - 4) + (((degree_of_malignancy - inv_nodes) / irradiat) * (degree_of_malignancy / (degree_of_malignancy - 2))))"
22,500,32,83.606557,0.423077,15,"((x3 - 4) + (((x5 - x3) / x8) * (x5 / (x5 - 2))))","((inv_nodes - 4) + (((degree_of_malignancy - inv_nodes) / irradiat) * (degree_of_malignancy / (degree_of_malignancy - 2))))"
22,500,33,83.606557,0.423077,15,"((x3 - 4) + (((x5 - x3) / x8) * (x5 / (x5 - 2))))","((inv_nodes - 4) + (((degree_of_malignancy - inv_nodes) / irradiat) * (degree_of_malignancy / (degree_of_malignancy - 2))))"
22,500,34,83.606557,0.423077,15,"((x3 - 4) + (((x5 - x3) / x8) * (x5 / (x5 - 2))))","((inv_nodes - 4) + (((degree_of_malignancy - inv_nodes) / irradiat) * (degree_of_malignancy / (degree_of_malignancy - 2))))"
22,500,35,83.606557,0.423077,15,"((x3 - 4) + (((x5 - x3) / x8) * (x5 / (x5 - 2))))","((inv_nodes - 4) + (((degree_of_malignancy - inv_nodes) / irradiat) * (degree_of_malignancy / (degree_of_malignancy - 2))))"
22,500,36,83.606557,0.423077,15,"((x3 - 4) + (((x5 - x3) / x8) * (x5 / (x5 - 2))))","((inv_nodes - 4) + (((degree_of_malignancy - inv_nodes) / irradiat) * (degree_of_malignancy / (degree_of_malignancy - 2))))"
22,500,37,83.606557,0.423077,15,"((x3 - 4) + (((x5 - x3) / x8) * (x5 / (x5 - 2))))","((inv_nodes - 4) + (((degree_of_malignancy - inv_nodes) / irradiat) * (degree_of_malignancy / (degree_of_malignancy - 2))))"
22,500,38,83.606557,0.423077,15,"((x3 - 4) + (((x5 - x3) / x8) * (x5 / (x5 - 2))))","((inv_nodes - 4) + (((degree_of_malignancy - inv_nodes) / irradiat) * (degree_of_malignancy / (degree_of_malignancy - 2))))"
22,500,39,83.606557,0.423077,15,"((x3 - 4) + (((2 - x3) / x8) * (x5 / (x5 - 2))))","((inv_nodes - 4) + (((2 - inv_nodes) / irradiat) * (degree_of_malignancy / (degree_of_malignancy - 2))))"
22,500,40,83.606557,0.423077,15,"((x3 - 4) + (((x5 - x3) / x8) * (x5 / (x5 - 2))))","((inv_nodes - 4) + (((degree_of_malignancy - inv_nodes) / irradiat) * (degree_of_malignancy / (degree_of_malignancy - 2))))"
22,500,41,83.606557,0.423077,15,"((x3 - 4) + (((x5 - x3) / x8) * (x5 / (x5 - 2))))","((inv_nodes - 4) + (((degree_of_malignancy - inv_nodes) / irradiat) * (degree_of_malignancy / (degree_of_malignancy - 2))))"
22,500,42,83.606557,0.423077,15,"((x3 - 4) + (((x5 - x3) / x8) * (x5 / (x5 - 2))))","((inv_nodes - 4) + (((degree_of_malignancy - inv_nodes) / irradiat) * (degree_of_malignancy / (degree_of_malignancy - 2))))"
22,500,43,83.606557,0.423077,15,"((x3 - 4) + (((2 - x3) / x8) * (x5 / (x5 - 2))))","((inv_nodes - 4) + (((2 - inv_nodes) / irradiat) * (degree_of_malignancy / (degree_of_malignancy - 2))))"
22,500,44,83.606557,0.423077,15,"((x3 - 4) + (((2 - x3) / x8) * (x5 / (x5 - 2))))","((inv_nodes - 4) + (((2 - inv_nodes) / irradiat) * (degree_of_malignancy / (degree_of_malignancy - 2))))"
22,500,45,83.606557,0.423077,15,"((x3 - 4) + (((2 - x3) / x8) * (x5 / (x5 - 2))))","((inv_nodes - 4) + (((2 - inv_nodes) / irradiat) * (degree_of_malignancy / (degree_of_malignancy - 2))))"
22,500,46,83.606557,0.423077,15,"((x3 - 4) + (((x5 - x3) / x8) * (x5 / (x5 - 2))))","((inv_nodes - 4) + (((degree_of_malignancy - inv_nodes) / irradiat) * (degree_of_malignancy / (degree_of_malignancy - 2))))"
22,500,47,83.606557,0.423077,15,"((x3 - 4) + (((2 - x3) / x8) * (x5 / (x5 - 2))))","((inv_nodes - 4) + (((2 - inv_nodes) / irradiat) * (degree_of_malignancy / (degree_of_malignancy - 2))))"
22,500,48,83.606557,0.423077,15,"((x3 - 4) + (((x5 - x3) / x8) * (x5 / (x5 - 2))))","((inv_nodes - 4) + (((degree_of_malignancy - inv_nodes) / irradiat) * (degree_of_malignancy / (degree_of_malignancy - 2))))"
22,500,49,83.606557,0.423077,15,"((x3 - 4) + (((x5 - x3) / x8) * (x5 / (x5 - 2))))","((inv_nodes - 4) + (((degree_of_malignancy - inv_nodes) / irradiat) * (degree_of_malignancy / (degree_of_malignancy - 2))))"
22,500,50,83.606557,0.423077,15,"((x3 - 4) + (((2 - x3) / x8) * (x5 / (x5 - 2))))","((inv_nodes - 4) + (((2 - inv_nodes) / irradiat) * (degree_of_malignancy / (degree_of_malignancy - 2))))"
22,500,51,83.606557,0.423077,15,"((x3 - 4) + (((2 - x3) / x8) * (x5 / (x5 - 2))))","((inv_nodes - 4) + (((2 - inv_nodes) / irradiat) * (degree_of_malignancy / (degree_of_malignancy - 2))))"
22,500,52,83.606557,0.423077,15,"((x3 - 4) + (((x5 - x3) / x8) * (x5 / (x5 - 2))))","((inv_nodes - 4) + (((degree_of_malignancy - inv_nodes) / irradiat) * (degree_of_malignancy / (degree_of_malignancy - 2))))"
22,500,53,83.606557,0.423077,15,"((x3 - 4) + (((x5 - x3) / x8) * (x5 / (x5 - 2))))","((inv_nodes - 4) + (((degree_of_malignancy - inv_nodes) / irradiat) * (degree_of_malignancy / (degree_of_malignancy - 2))))"
22,500,54,83.606557,0.423077,15,"((x3 - 4) + (((x5 - x3) / x8) * (x5 / (x5 - 2))))","((inv_nodes - 4) + (((degree_of_malignancy - inv_nodes) / irradiat) * (degree_of_malignancy / (degree_of_malignancy - 2))))"
22,500,55,83.606557,0.423077,15,"((x3 - 4) + (((x5 - x3) / x8) * (x5 / (x5 - 2))))","((inv_nodes - 4) + (((degree_of_malignancy - inv_nodes) / irradiat) * (degree_of_malignancy / (degree_of_malignancy - 2))))"
22,500,56,83.606557,0.423077,15,"((x3 - 4) + (((2 - x3) / x8) * (x5 / (x5 - 2))))","((inv_nodes - 4) + (((2 - inv_nodes) / irradiat) * (degree_of_malignancy / (degree_of_malignancy - 2))))"
22,500,57,83.606557,0.423077,15,"((x3 - 4) + (((x5 - x3) / x8) * (x5 / (x5 - 2))))","((inv_nodes - 4) + (((degree_of_malignancy - inv_nodes) / irradiat) * (degree_of_malignancy / (degree_of_malignancy - 2))))"
22,500,58,83.606557,0.423077,15,"((x3 - 4) + (((x5 - x3) / x8) * (x5 / (x5 - 2))))","((inv_nodes - 4) + (((degree_of_malignancy - inv_nodes) / irradiat) * (degree_of_malignancy / (degree_of_malignancy - 2))))"
22,500,59,83.606557,0.423077,15,"((x3 - 4) + (((x5 - x3) / x8) * (x5 / (x5 - 2))))","((inv_nodes - 4) + (((degree_of_malignancy - inv_nodes) / irradiat) * (degree_of_malignancy / (degree_of_malignancy - 2))))"
22,500,60,83.606557,0.423077,15,"((x3 - 4) + (((2 - x3) / x8) * (x5 / (x5 - 2))))","((inv_nodes - 4) + (((2 - inv_nodes) / irradiat) * (degree_of_malignancy / (degree_of_malignancy - 2))))"
22,500,61,83.606557,0.423077,15,"((x3 - 4) + (((2 - x3) / x8) * (x5 / (x5 - 2))))","((inv_nodes - 4) + (((2 - inv_nodes) / irradiat) * (degree_of_malignancy / (degree_of_malignancy - 2))))"
22,500,62,83.606557,0.423077,15,"((x3 - 4) + (((2 - x3) / x8) * (x5 / (x5 - 2))))","((inv_nodes - 4) + (((2 - inv_nodes) / irradiat) * (degree_of_malignancy / (degree_of_malignancy - 2))))"
22,500,63,83.606557,0.423077,15,"((x3 - 4) + (((2 - x3) / x8) * (x5 / (x5 - 2))))","((inv_nodes - 4) + (((2 - inv_nodes) / irradiat) * (degree_of_malignancy / (degree_of_malignancy - 2))))"
22,500,64,83.606557,0.423077,15,"((x3 - 4) + (((2 - x3) / x8) * (x5 / (x5 - 2))))","((inv_nodes - 4) + (((2 - inv_nodes) / irradiat) * (degree_of_malignancy / (degree_of_malignancy - 2))))"
22,500,65,83.606557,0.423077,15,"((x3 - 4) + (((x5 - x3) / x8) * (x5 / (x5 - 2))))","((inv_nodes - 4) + (((degree_of_malignancy - inv_nodes) / irradiat) * (degree_of_malignancy / (degree_of_malignancy - 2))))"
22,500,66,83.606557,0.423077,15,"((x3 - 4) + (((x5 - x3) / x8) * (x5 / (x5 - 2))))","((inv_nodes - 4) + (((degree_of_malignancy - inv_nodes) / irradiat) * (degree_of_malignancy / (degree_of_malignancy - 2))))"
22,500,67,83.606557,0.423077,15,"((x3 - 4) + (((2 - x3) / x8) * (x5 / (x5 - 2))))","((inv_nodes - 4) + (((2 - inv_nodes) / irradiat) * (degree_of_malignancy / (degree_of_malignancy - 2))))"
22,500,68,83.606557,0.423077,15,"((x3 - 4) + (((x5 - x3) / x8) * (x5 / (x5 - 2))))","((inv_nodes - 4) + (((degree_of_malignancy - inv_nodes) / irradiat) * (degree_of_malignancy / (degree_of_malignancy - 2))))"
22,500,69,83.606557,0.423077,15,"((x3 - 4) + (((x5 - x3) / x8) * (x5 / (x5 - 2))))","((inv_nodes - 4) + (((degree_of_malignancy - inv_nodes) / irradiat) * (degree_of_malignancy / (degree_of_malignancy - 2))))"
22,500,70,83.606557,0.423077,15,"((x3 - 4) + (((x5 - x3) / x8) * (x5 / (x5 - 2))))","((inv_nodes - 4) + (((degree_of_malignancy - inv_nodes) / irradiat) * (degree_of_malignancy / (degree_of_malignancy - 2))))"
22,500,71,83.606557,0.423077,15,"((x3 - 4) + (((x5 - x3) / x8) * (x5 / (x5 - 2))))","((inv_nodes - 4) + (((degree_of_malignancy - inv_nodes) / irradiat) * (degree_of_malignancy / (degree_of_malignancy - 2))))"
22,500,72,83.606557,0.423077,15,"((x3 - 4) + (((x5 - x3) / x8) * (x5 / (x5 - 2))))","((inv_nodes - 4) + (((degree_of_malignancy - inv_nodes) / irradiat) * (degree_of_malignancy / (degree_of_malignancy - 2))))"
22,500,73,83.606557,0.423077,15,"((x3 - 4) + (((x5 - x3) / x8) * (x5 / (x5 - 2))))","((inv_nodes - 4) + (((degree_of_malignancy - inv_nodes) / irradiat) * (degree_of_malignancy / (degree_of_malignancy - 2))))"
22,500,74,83.606557,0.423077,15,"((x3 - 4) + (((x5 - x3) / x8) * (x5 / (x5 - 2))))","((inv_nodes - 4) + (((degree_of_malignancy - inv_nodes) / irradiat) * (degree_of_malignancy / (degree_of_malignancy - 2))))"
22,500,75,83.606557,0.423077,15,"((x3 - 4) + (((x5 - x3) / x8) * (x5 / (x5 - 2))))","((inv_nodes - 4) + (((degree_of_malignancy - inv_nodes) / irradiat) * (degree_of_malignancy / (degree_of_malignancy - 2))))"
22,500,76,83.606557,0.423077,15,"((x3 - 4) + (((x5 - x3) / x8) * (x5 / (x5 - 2))))","((inv_nodes - 4) + (((degree_of_malignancy - inv_nodes) / irradiat) * (degree_of_malignancy / (degree_of_malignancy - 2))))"
22,500,77,83.606557,0.423077,15,"((x3 - 4) + (((x5 - x3) / x8) * (x5 / (x5 - 2))))","((inv_nodes - 4) + (((degree_of_malignancy - inv_nodes) / irradiat) * (degree_of_malignancy / (degree_of_malignancy - 2))))"
22,500,78,83.606557,0.423077,15,"((x3 - 4) + (((x5 - x3) / x8) * (x5 / (x5 - 2))))","((inv_nodes - 4) + (((degree_of_malignancy - inv_nodes) / irradiat) * (degree_of_malignancy / (degree_of_malignancy - 2))))"
22,500,79,83.606557,0.423077,15,"((x3 - 4) + (((2 - x3) / x8) * (x5 / (x5 - 2))))","((inv_nodes - 4) + (((2 - inv_nodes) / irradiat) * (degree_of_malignancy / (degree_of_malignancy - 2))))"
22,500,80,83.606557,0.423077,15,"((x3 - 4) + (((x5 - x3) / x8) * (x5 / (x5 - 2))))","((inv_nodes - 4) + (((degree_of_malignancy - inv_nodes) / irradiat) * (degree_of_malignancy / (degree_of_malignancy - 2))))"
22,500,81,83.606557,0.423077,15,"((x3 - 4) + (((x5 - x3) / x8) * (x5 / (x5 - 2))))","((inv_nodes - 4) + (((degree_of_malignancy - inv_nodes) / irradiat) * (degree_of_malignancy / (degree_of_malignancy - 2))))"
22,500,82,83.606557,0.423077,15,"((x3 - 4) + (((2 - x3) / x8) * (x5 / (x5 - 2))))","((inv_nodes - 4) + (((2 - inv_nodes) / irradiat) * (degree_of_malignancy / (degree_of_malignancy - 2))))"
22,500,83,83.606557,0.423077,15,"((x3 - 4) + (((x5 - x3) / x8) * (x5 / (x5 - 2))))","((inv_nodes - 4) + (((degree_of_malignancy - inv_nodes) / irradiat) * (degree_of_malignancy / (degree_of_malignancy - 2))))"
22,500,84,83.606557,0.423077,15,"((x3 - 4) + (((x5 - x3) / x8) * (x5 / (x5 - 2))))","((inv_nodes - 4) + (((degree_of_malignancy - inv_nodes) / irradiat) * (degree_of_malignancy / (degree_of_malignancy - 2))))"
22,500,85,83.606557,0.423077,15,"((x3 - 4) + (((x5 - x3) / x8) * (x5 / (x5 - 2))))","((inv_nodes - 4) + (((degree_of_malignancy - inv_nodes) / irradiat) * (degree_of_malignancy / (degree_of_malignancy - 2))))"
22,500,86,83.606557,0.423077,15,"((x3 - 4) + (((2 - x3) / x8) * (x5 / (x5 - 2))))","((inv_nodes - 4) + (((2 - inv_nodes) / irradiat) * (degree_of_malignancy / (degree_of_malignancy - 2))))"
22,500,87,83.606557,0.423077,15,"((x3 - 4) + (((x5 - x3) / x8) * (x5 / (x5 - 2))))","((inv_nodes - 4) + (((degree_of_malignancy - inv_nodes) / irradiat) * (degree_of_malignancy / (degree_of_malignancy - 2))))"
22,500,88,83.606557,0.423077,15,"((x3 - 4) + (((x5 - x3) / x8) * (x5 / (x5 - 2))))","((inv_nodes - 4) + (((degree_of_malignancy - inv_nodes) / irradiat) * (degree_of_malignancy / (degree_of_malignancy - 2))))"
22,500,89,83.606557,0.423077,15,"((x3 - 4) + (((x5 - x3) / x8) * (x5 / (x5 - 2))))","((inv_nodes - 4) + (((degree_of_malignancy - inv_nodes) / irradiat) * (degree_of_malignancy / (degree_of_malignancy - 2))))"
22,500,90,83.606557,0.423077,15,"((x3 - 4) + (((x5 - x3) / x8) * (x5 / (x5 - 2))))","((inv_nodes - 4) + (((degree_of_malignancy - inv_nodes) / irradiat) * (degree_of_malignancy / (degree_of_malignancy - 2))))"
22,500,91,83.606557,0.423077,15,"((x3 - 4) + (((2 - x3) / x8) * (x5 / (x5 - 2))))","((inv_nodes - 4) + (((2 - inv_nodes) / irradiat) * (degree_of_malignancy / (degree_of_malignancy - 2))))"
22,500,92,83.606557,0.423077,15,"((x3 - 4) + (((x5 - x3) / x8) * (x5 / (x5 - 2))))","((inv_nodes - 4) + (((degree_of_malignancy - inv_nodes) / irradiat) * (degree_of_malignancy / (degree_of_malignancy - 2))))"
22,500,93,83.606557,0.423077,15,"((x3 - 4) + (((x5 - x3) / x8) * (x5 / (x5 - 2))))","((inv_nodes - 4) + (((degree_of_malignancy - inv_nodes) / irradiat) * (degree_of_malignancy / (degree_of_malignancy - 2))))"
22,500,94,83.606557,0.423077,15,"((x3 - 4) + (((x5 - x3) / x8) * (x5 / (x5 - 2))))","((inv_nodes - 4) + (((degree_of_malignancy - inv_nodes) / irradiat) * (degree_of_malignancy / (degree_of_malignancy - 2))))"
22,500,95,83.606557,0.423077,15,"((x3 - 4) + (((x5 - x3) / x8) * (x5 / (x5 - 2))))","((inv_nodes - 4) + (((degree_of_malignancy - inv_nodes) / irradiat) * (degree_of_malignancy / (degree_of_malignancy - 2))))"
22,500,96,83.606557,0.423077,15,"((x3 - 4) + (((2 - x3) / x8) * (x5 / (x5 - 2))))","((inv_nodes - 4) + (((2 - inv_nodes) / irradiat) * (degree_of_malignancy / (degree_of_malignancy - 2))))"
22,500,97,83.606557,0.423077,15,"((x3 - 4) + (((x5 - x3) / x8) * (x5 / (x5 - 2))))","((inv_nodes - 4) + (((degree_of_malignancy - inv_nodes) / irradiat) * (degree_of_malignancy / (degree_of_malignancy - 2))))"
22,500,98,83.606557,0.423077,15,"((x3 - 4) + (((x5 - x3) / x8) * (x5 / (x5 - 2))))","((inv_nodes - 4) + (((degree_of_malignancy - inv_nodes) / irradiat) * (degree_of_malignancy / (degree_of_malignancy - 2))))"
22,500,99,83.606557,0.423077,15,"((x3 - 4) + (((2 - x3) / x8) * (x5 / (x5 - 2))))","((inv_nodes - 4) + (((2 - inv_nodes) / irradiat) * (degree_of_malignancy / (degree_of_malignancy - 2))))"
22,500,100,83.606557,0.423077,15,"((x3 - 4) + (((2 - x3) / x8) * (x5 / (x5 - 2))))","((inv_nodes - 4) + (((2 - inv_nodes) / irradiat) * (degree_of_malignancy / (degree_of_malignancy - 2))))"
23,501,1,79.234973,0.050000,3,"(x3 - 5)","(inv_nodes - 5)"
23,501,2,79.781421,0.274510,7,"((10 / x3) - (5 + x7))","((10 / inv_nodes) - (5 + breast_quad))"
23,501,3,79.781421,0.274510,7,"((10 / x3) - (5 + x7))","((10 / inv_nodes) - (5 + breast_quad))"
23,501,4,80.874317,0.285714,5,"(x3 - (5 / x7))","(inv_nodes - (5 / breast_quad))"
23,501,5,80.874317,0.285714,5,"(x3 - (5 / x7))","(inv_nodes - (5 / breast_quad))"
23,501,6,80.874317,0.339623,9,"(((10 / x3) - 8) / (x7 / x4))","(((10 / inv_nodes) - 8) / (breast_quad / node_caps))"
23,501,7,80.874317,0.339623,9,"(((10 / x3) - 8) / (x7 / x4))","(((10 / inv_nodes) - 8) / (breast_quad / node_caps))"
23,501,8,80.874317,0.339623,9,"(((10 / x3) - 8) / (x7 / x4))","(((10 / inv_nodes) - 8) / (breast_quad / node_caps))"
23,501,9,80.874317,0.339623,9,"(((8 / x3) - 8) / (x7 / x4))","(((8 / inv_nodes) - 8) / (breast_quad / node_caps))"
23,501,10,80.874317,0.339623,9,"(((8 / x3) - 8) * (x7 / x4))","(((8 / inv_nodes) - 8) * (breast_quad / node_caps))"
23,501,11,80.874317,0.339623,9,"(((10 / x3) - 10) / (x7 / x3))","(((10 / inv_nodes) - 10) / (breast_quad / inv_nodes))"
23,501,12,80.874317,0.339623,9,"(((10 / x3) - 10) / (x7 / x4))","(((10 / inv_nodes) - 10) / (breast_quad / node_caps))"
23,501,13,80.874317,0.339623,9,"(((8 / x3) - 8) / (x7 / x4))","(((8 / inv_nodes) - 8) / (breast_quad / node_caps))"
23,501,14,80.874317,0.339623,9,"(((10 / x3) - 8) / (x7 / x4))","(((10 / inv_nodes) - 8) / (breast_quad / node_caps))"
23,501,15,80.874317,0.339623,9,"(((8 / x3) - 8) / (x7 / x4))","(((8 / inv_nodes) - 8) / (breast_quad / node_caps))"
23,501,16,80.874317,0.339623,9,"(((10 / x3) - 10) / (x7 / x4))","(((10 / inv_nodes) - 10) / (breast_quad / node_caps))"
23,501,17,80.874317,0.339623,9,"(((8 / x3) - 8) / (x7 / x4))","(((8 / inv_nodes) - 8) / (breast_quad / node_caps))"
23,501,18,80.874317,0.339623,9,"(((10 / x3) - 8) / (x7 / x4))","(((10 / inv_nodes) - 8) / (breast_quad / node_caps))"
23,501,19,80.874317,0.339623,9,"(((8 / x3) - 8) / (x7 / x4))","(((8 / inv_nodes) - 8) / (breast_quad / node_caps))"
23,501,20,80.874317,0.339623,9,"(((10 / x3) - 8) / (x7 / x3))","(((10 / inv_nodes) - 8) / (breast_quad / inv_nodes))"
23,501,21,80.874317,0.339623,9,"(((10 / x3) - 10) / (x7 / x3))","(((10 / inv_nodes) - 10) / (breast_quad / inv_nodes))"
23,501,22,80.874317,0.339623,9,"(((10 / x3) - 10) * (x7 / x3))","(((10 / inv_nodes) - 10) * (breast_quad / inv_nodes))"
23,501,23,80.874317,0.339623,9,"(((10 / x3) - 10) * (x7 / x3))","(((10 / inv_nodes) - 10) * (breast_quad / inv_nodes))"
23,501,24,80.874317,0.339623,9,"(((8 / x3) - 8) / (x7 / x3))","(((8 / inv_nodes) - 8) / (breast_quad / inv_nodes))"
23,501,25,80.874317,0.339623,9,"(((8 / x3) - 8) * (x7 / x3))","(((8 / inv_nodes) - 8) * (breast_quad / inv_nodes))"
23,501,26,80.874317,0.339623,9,"(((10 / x3) - 8) * (x7 / x3))","(((10 / inv_nodes) - 8) * (breast_quad / inv_nodes))"
23,501,27,80.874317,0.339623,9,"(((8 / x3) - 8) * (x7 / x3))","(((8 / inv_nodes) - 8) * (breast_quad / inv_nodes))"
23,501,28,80.874317,0.339623,9,"(((8 / x3) - 8) * (x7 / x3))","(((8 / inv_nodes) - 8) * (breast_quad / inv_nodes))"
23,501,29,80.874317,0.339623,9,"(((10 / x3) - 8) * (x7 / x3))","(((10 / inv_nodes) - 8) * (breast_quad / inv_nodes))"
23,501,30,80.874317,0.339623,9,"(((10 / x3) - 8) * (x7 / x3))","(((10 / inv_nodes) - 8) * (breast_quad / inv_nodes))"
23,501,31,80.874317,0.339623,9,"(((10 / x3) - 10) * (x7 / x3))","(((10 / inv_nodes) - 10) * (breast_quad / inv_nodes))"
23,501,32,80.874317,0.339623,9,"(((10 / x3) - 8) * (x7 / x3))","(((10 / inv_nodes) - 8) * (breast_quad / inv_nodes))"
23,501,33,80.874317,0.339623,9,"(((8 / x3) - 8) / (x7 / x3))","(((8 / inv_nodes) - 8) / (breast_quad / inv_nodes))"
23,501,34,80.874317,0.339623,9,"(((10 / x3) - 10) * (x7 / x3))","(((10 / inv_nodes) - 10) * (breast_quad / inv_nodes))"
23,501,35,80.874317,0.339623,9,"(((8 / x3) - 8) / (x7 / x3))","(((8 / inv_nodes) - 8) / (breast_quad / inv_nodes))"
23,501,36,80.874317,0.339623,9,"(((10 / x3) - 10) * (x7 / x3))","(((10 / inv_nodes) - 10) * (breast_quad / inv_nodes))"
23,501,37,80.874317,0.339623,9,"(((10 / x3) - 10) / (x7 / x3))","(((10 / inv_nodes) - 10) / (breast_quad / inv_nodes))"
23,501,38,80.874317,0.339623,9,"(((10 / x3) - 10) * (x7 / x3))","(((10 / inv_nodes) - 10) * (breast_quad / inv_nodes))"
23,501,39,80.874317,0.339623,9,"(((10 / x3) - 10) / (x7 / x3))","(((10 / inv_nodes) - 10) / (breast_quad / inv_nodes))"
23,501,40,80.874317,0.339623,9,"(((10 / x3) - 10) * (x7 / x3))","(((10 / inv_nodes) - 10) * (breast_quad / inv_nodes))"
23,501,41,80.874317,0.339623,9,"(((10 / x3) - 10) * (x7 / x3))","(((10 / inv_nodes) - 10) * (breast_quad / inv_nodes))"
23,501,42,80.874317,0.339623,9,"(((10 / x3) - 10) * (x7 / x3))","(((10 / inv_nodes) - 10) * (breast_quad / inv_nodes))"
23,501,43,80.874317,0.339623,9,"(((10 / x3) - 10) / (x7 / x3))","(((10 / inv_nodes) - 10) / (breast_quad / inv_nodes))"
23,501,44,80.874317,0.339623,9,"(((10 / x3) - 10) / (x7 / x3))","(((10 / inv_nodes) - 10) / (breast_quad / inv_nodes))"
23,501,45,80.874317,0.339623,9,"(((10 / x3) - 10) / (x7 / x3))","(((10 / inv_nodes) - 10) / (breast_quad / inv_nodes))"
23,501,46,80.874317,0.339623,9,"(((10 / x3) - 10) / (x7 / x3))","(((10 / inv_nodes) - 10) / (breast_quad / inv_nodes))"
23,501,47,80.874317,0.339623,9,"(((10 / x3) - 10) / (x7 / x3))","(((10 / inv_nodes) - 10) / (breast_quad / inv_nodes))"
23,501,48,80.874317,0.339623,9,"(((10 / x3) - 10) / (x7 / x3))","(((10 / inv_nodes) - 10) / (breast_quad / inv_nodes))"
23,501,49,80.874317,0.339623,9,"(((10 / x3) - 10) / (x7 / x3))","(((10 / inv_nodes) - 10) / (breast_quad / inv_nodes))"
23,501,50,80.874317,0.339623,9,"(((10 / x3) - 10) / (x7 / x3))","(((10 / inv_nodes) - 10) / (breast_quad / inv_nodes))"
23,501,51,80.874317,0.339623,9,"(((10 / x3) - 10) * (x7 / x3))","(((10 / inv_nodes) - 10) * (breast_quad / inv_nodes))"
23,501,52,80.874317,0.339623,9,"(((10 / x3) - 10) * (x7 / x3))","(((10 / inv_nodes) - 10) * (breast_quad / inv_nodes))"
23,501,53,80.874317,0.339623,9,"(((10 / x3) - 10) * (x7 / x3))","(((10 / inv_nodes) - 10) * (breast_quad / inv_nodes))"
23,501,54,80.874317,0.339623,9,"(((10 / x3) - 10) / (x7 / x3))","(((10 / inv_nodes) - 10) / (breast_quad / inv_nodes))"
23,501,55,80.874317,0.339623,9,"(((10 / x3) - 10) * (x7 / x3))","(((10 / inv_nodes) - 10) * (breast_quad / inv_nodes))"
23,501,56,80.874317,0.339623,9,"(((10 / x3) - 10) / (x7 / x3))","(((10 / inv_nodes) - 10) / (breast_quad / inv_nodes))"
23,501,57,80.874317,0.339623,9,"(((10 / x3) - 10) * (x7 / x3))","(((10 / inv_nodes) - 10) * (breast_quad / inv_nodes))"
23,501,58,80.874317,0.339623,9,"(((10 / x3) - 10) * (x7 / x3))","(((10 / inv_nodes) - 10) * (breast_quad / inv_nodes))"
23,501,59,80.874317,0.339623,9,"(((10 / x3) - 10) / (x7 / x3))","(((10 / inv_nodes) - 10) / (breast_quad / inv_nodes))"
23,501,60,80.874317,0.339623,9,"(((10 / x3) - 10) / (x7 / x3))","(((10 / inv_nodes) - 10) / (breast_quad / inv_nodes))"
23,501,61,80.874317,0.339623,9,"(((10 / x3) - 10) / (x7 / x3))","(((10 / inv_nodes) - 10) / (breast_quad / inv_nodes))"
23,501,62,80.874317,0.339623,9,"(((10 / x3) - 10) * (x7 / x3))","(((10 / inv_nodes) - 10) * (breast_quad / inv_nodes))"
23,501,63,80.874317,0.339623,9,"(((10 / x3) - 10) / (x7 / x3))","(((10 / inv_nodes) - 10) / (breast_quad / inv_nodes))"
23,501,64,80.874317,0.339623,9,"(((10 / x3) - 10) / (x7 / x3))","(((10 / inv_nodes) - 10) / (breast_quad / inv_nodes))"
23,501,65,80.874317,0.339623,9,"(((10 / x3) - 10) / (x7 / x3))","(((10 / inv_nodes) - 10) / (breast_quad / inv_nodes))"
23,501,66,80.874317,0.339623,9,"(((10 / x3) - 10) * (x7 / x3))","(((10 / inv_nodes) - 10) * (breast_quad / inv_nodes))"
23,501,67,80.874317,0.339623,9,"(((10 / x3) - 10) / (x7 / x3))","(((10 / inv_nodes) - 10) / (breast_quad / inv_nodes))"
23,501,68,80.874317,0.339623,9,"(((10 / x3) - 10) * (x7 / x3))","(((10 / inv_nodes) - 10) * (breast_quad / inv_nodes))"
23,501,69,80.874317,0.339623,9,"(((10 / x3) - 10) * (x7 / x3))","(((10 / inv_nodes) - 10) * (breast_quad / inv_nodes))"
23,501,70,80.874317,0.339623,9,"(((10 / x3) - 10) * (x7 / x3))","(((10 / inv_nodes) - 10) * (breast_quad / inv_nodes))"
23,501,71,80.874317,0.339623,9,"(((10 / x3) - 10) / (x7 / x3))","(((10 / inv_nodes) - 10) / (breast_quad / inv_nodes))"
23,501,72,80.874317,0.339623,9,"(((10 / x3) - 10) / (x7 / x3))","(((10 / inv_nodes) - 10) / (breast_quad / inv_nodes))"
23,501,73,80.874317,0.339623,9,"(((10 / x3) - 10) / (x7 / x3))","(((10 / inv_nodes) - 10) / (breast_quad / inv_nodes))"
23,501,74,80.874317,0.339623,9,"(((10 / x3) - 10) / (x7 / x3))","(((10 / inv_nodes) - 10) / (breast_quad / inv_nodes))"
23,501,75,80.874317,0.339623,9,"(((10 / x3) - 10) / (x7 / x3))","(((10 / inv_nodes) - 10) / (breast_quad / inv_nodes))"
23,501,76,80.874317,0.339623,9,"(((10 / x3) - 10) * (x7 / x3))","(((10 / inv_nodes) - 10) * (breast_quad / inv_nodes))"
23,501,77,80.874317,0.339623,9,"(((10 / x3) - 10) * (x7 / x3))","(((10 / inv_nodes) - 10) * (breast_quad / inv_nodes))"
23,501,78,80.874317,0.339623,9,"(((10 / x3) - 10) * (x7 / x3))","(((10 / inv_nodes) - 10) * (breast_quad / inv_nodes))"
23,501,79,80.874317,0.339623,9,"(((10 / x3) - 10) * (x7 / x3))","(((10 / inv_nodes) - 10) * (breast_quad / inv_nodes))"
23,501,80,80.874317,0.339623,9,"(((10 / x3) - 10) * (x7 / x3))","(((10 / inv_nodes) - 10) * (breast_quad / inv_nodes))"
23,501,81,80.874317,0.339623,9,"(((10 / x3) - 10) * (x7 / x3))","(((10 / inv_nodes) - 10) * (breast_quad / inv_nodes))"
23,501,82,80.874317,0.339623,9,"(((10 / x3) - 10) * (x7 / x3))","(((10 / inv_nodes) - 10) * (breast_quad / inv_nodes))"
23,501,83,80.874317,0.339623,9,"(((10 / x3) - 10) * (x7 / x3))","(((10 / inv_nodes) - 10) * (breast_quad / inv_nodes))"
23,501,84,80.874317,0.339623,9,"(((10 / x3) - 10) * (x7 / x3))","(((10 / inv_nodes) - 10) * (breast_quad / inv_nodes))"
23,501,85,80.874317,0.339623,9,"(((10 / x3) - 10) / (x7 / x3))","(((10 / inv_nodes) - 10) / (breast_quad / inv_nodes))"
23,501,86,80.874317,0.339623,9,"(((10 / x3) - 10) * (x7 / x3))","(((10 / inv_nodes) - 10) * (breast_quad / inv_nodes))"
23,501,87,80.874317,0.339623,9,"(((10 / x3) - 10) * (x7 / x3))","(((10 / inv_nodes) - 10) * (breast_quad / inv_nodes))"
23,501,88,80.874317,0.339623,9,"(((10 / x3) - 10) * (x7 / x3))","(((10 / inv_nodes) - 10) * (breast_quad / inv_nodes))"
23,501,89,80.874317,0.339623,9,"(((10 / x3) - 10) * (x7 / x3))","(((10 / inv_nodes) - 10) * (breast_quad / inv_nodes))"
23,501,90,80.874317,0.339623,9,"(((10 / x3) - 10) / (x7 / x3))","(((10 / inv_nodes) - 10) / (breast_quad / inv_nodes))"
23,501,91,80.874317,0.339623,9,"(((10 / x3) - 10) / (x7 / x3))","(((10 / inv_nodes) - 10) / (breast_quad / inv_nodes))"
23,501,92,80.874317,0.339623,9,"(((10 / x3) - 10) * (x7 / x3))","(((10 / inv_nodes) - 10) * (breast_quad / inv_nodes))"
23,501,93,80.874317,0.339623,9,"(((10 / x3) - 10) * (x7 / x3))","(((10 / inv_nodes) - 10) * (breast_quad / inv_nodes))"
23,501,94,80.874317,0.339623,9,"(((10 / x3) - 10) * (x7 / x3))","(((10 / inv_nodes) - 10) * (breast_quad / inv_nodes))"
23,501,95,80.874317,0.339623,9,"(((10 / x3) - 10) / (x7 / x3))","(((10 / inv_nodes) - 10) / (breast_quad / inv_nodes))"
23,501,96,80.874317,0.339623,9,"(((10 / x3) - 10) / (x7 / x3))","(((10 / inv_nodes) - 10) / (breast_quad / inv_nodes))"
23,501,97,80.874317,0.339623,9,"(((10 / x3) - 10) * (x7 / x3))","(((10 / inv_nodes) - 10) * (breast_quad / inv_nodes))"
23,501,98,80.874317,0.339623,9,"(((10 / x3) - 10) * (x7 / x3))","(((10 / inv_nodes) - 10) * (breast_quad / inv_nodes))"
23,501,99,80.874317,0.339623,9,"(((10 / x3) - 10) * (x7 / x3))","(((10 / inv_nodes) - 10) * (breast_quad / inv_nodes))"
23,501,100,80.874317,0.339623,9,"(((10 / x3) - 10) * (x7 / x3))","(((10 / inv_nodes) - 10) * (breast_quad / inv_nodes))"
24,502,1,79.234973,0.240000,7,"((x8 * x7) - (1 / x0))","((irradiat * breast_quad) - (1 / age))"
24,502,2,79.234973,0.240000,7,"((x8 * x7) - (1 / x4))","((irradiat * breast_quad) - (1 / node_caps))"
24,502,3,79.781421,0.350877,7,"((x8 * x7) - (x1 / x4))","((irradiat * breast_quad) - (menopause / node_caps))"
24,502,4,80.874317,0.222222,7,"((x8 * x7) - (3 / x4))","((irradiat * breast_quad) - (3 / node_caps))"
24,502,5,81.420765,0.260870,11,"((((x8 * x0) - (1 / x0)) - 1) - 1)","((((irradiat * age) - (1 / age)) - 1) - 1)"
24,502,6,81.967213,0.352941,7,"((x8 * x1) - (x7 / x4))","((irradiat * menopause) - (breast_quad / node_caps))"
24,502,7,81.967213,0.352941,7,"((x8 * x1) - (x7 / x4))","((irradiat * menopause) - (breast_quad / node_caps))"
24,502,8,81.967213,0.352941,7,"((x8 * x1) - (x7 / x4))","((irradiat * menopause) - (breast_quad / node_caps))"
24,502,9,81.967213,0.352941,7,"((x8 * x1) - (x7 / x4))","((irradiat * menopause) - (breast_quad / node_caps))"
24,502,10,82.513661,0.384615,11,"((((x8 * x0) - x7) * x7) - (x7 / x4))","((((irradiat * age) - breast_quad) * breast_quad) - (breast_quad / node_caps))"
24,502,11,82.513661,0.384615,11,"((((x8 * x0) - x7) * x7) - (x7 / x4))","((((irradiat * age) - breast_quad) * breast_quad) - (breast_quad / node_caps))"
24,502,12,82.513661,0.384615,11,"((((x8 * x0) - x7) * x7) - (x7 / x4))","((((irradiat * age) - breast_quad) * breast_quad) - (breast_quad / node_caps))"
24,502,13,82.513661,0.407407,13,"((((x8 * x0) - (x4 * x7)) * x7) - (x7 / x4))","((((irradiat * age) - (node_caps * breast_quad)) * breast_quad) - (breast_quad / node_caps))"
24,502,14,82.513661,0.407407,13,"((((x8 * x0) - (x4 * x7)) * x7) - (x7 / x4))","((((irradiat * age) - (node_caps * breast_quad)) * breast_quad) - (breast_quad / node_caps))"
24,502,15,82.513661,0.407407,13,"((((x8 * x0) - (x7 * x4)) * x7) - (x7 / x4))","((((irradiat * age) - (breast_quad * node_caps)) * breast_quad) - (breast_quad / node_caps))"
24,502,16,82.513661,0.407407,13,"((((x8 * x0) - (x4 * x7)) * x7) - (x7 / x4))","((((irradiat * age) - (node_caps * breast_quad)) * breast_quad) - (breast_quad / node_caps))"
24,502,17,82.513661,0.407407,13,"((((x8 * x0) - (x4 * x7)) * x7) - (x7 / x4))","((((irradiat * age) - (node_caps * breast_quad)) * breast_quad) - (breast_quad / node_caps))"
24,502,18,82.513661,0.407407,13,"((((x8 * x0) - (x4 * x7)) * x7) - (x7 / x4))","((((irradiat * age) - (node_caps * breast_quad)) * breast_quad) - (breast_quad / node_caps))"
24,502,19,82.513661,0.407407,13,"((((x8 * x0) - (x4 * x7)) * x7) - (x7 / x4))","((((irradiat * age) - (node_caps * breast_quad)) * breast_quad) - (breast_quad / node_caps))"
24,502,20,82.513661,0.407407,13,"((((x8 * x0) - (x4 * x7)) * x7) - (x7 / x4))","((((irradiat * age) - (node_caps * breast_quad)) * breast_quad) - (breast_quad / node_caps))"
24,502,21,82.513661,0.407407,13,"((((x8 * x0) - (x4 * x7)) * x7) - (x7 / x4))","((((irradiat * age) - (node_caps * breast_quad)) * breast_quad) - (breast_quad / node_caps))"
24,502,22,82.513661,0.407407,13,"((((x8 * x0) - (x4 * x7)) * x7) - (x7 / x4))","((((irradiat * age) - (node_caps * breast_quad)) * breast_quad) - (breast_quad / node_caps))"
24,502,23,82.513661,0.407407,13,"((((x8 * x0) - (x4 * x7)) * x7) - (x7 / x4))","((((irradiat * age) - (node_caps * breast_quad)) * breast_quad) - (breast_quad / node_caps))"
24,502,24,82.513661,0.407407,13,"((((x8 * x0) - (x4 * x7)) * x7) - (x7 / x4))","((((irradiat * age) - (node_caps * breast_quad)) * breast_quad) - (breast_quad / node_caps))"
24,502,25,82.513661,0.407407,13,"((((x8 * x0) - (x4 * x7)) * x7) - (x7 / x4))","((((irradiat * age) - (node_caps * breast_quad)) * breast_quad) - (breast_quad / node_caps))"
24,502,26,82.513661,0.407407,13,"((((x8 * x0) - (x4 * x7)) * x7) - (x7 / x4))","((((irradiat * age) - (node_caps * breast_quad)) * breast_quad) - (breast_quad / node_caps))"
24,502,27,82.513661,0.407407,13,"((((x8 * x0) - (x4 * x7)) * x7) - (x7 / x4))","((((irradiat * age) - (node_caps * breast_quad)) * breast_quad) - (breast_quad / node_caps))"
24,502,28,82.513661,0.407407,13,"((((x8 * x0) - (x4 * x7)) * x7) - (x7 / x4))","((((irradiat * age) - (node_caps * breast_quad)) * breast_quad) - (breast_quad / node_caps))"
24,502,29,82.513661,0.407407,13,"((((x8 * x0) - (x4 * x7)) * x7) - (x7 / x4))","((((irradiat * age) - (node_caps * breast_quad)) * breast_quad) - (breast_quad / node_caps))"
24,502,30,82.513661,0.407407,13,"((((x8 * x0) - (x4 * x7)) * x7) - (x7 / x4))","((((irradiat * age) - (node_caps * breast_quad)) * breast_quad) - (breast_quad / node_caps))"
24,502,31,82.513661,0.407407,13,"((((x8 * x0) - (x4 * x7)) * x7) - (x7 / x4))","((((irradiat * age) - (node_caps * breast_quad)) * breast_quad) - (breast_quad / node_caps))"
24,502,32,82.513661,0.407407,13,"((((x8 * x0) - (x4 * x7)) * x7) - (x7 / x4))","((((irradiat * age) - (node_caps * breast_quad)) * breast_quad) - (breast_quad / node_caps))"
24,502,33,82.513661,0.407407,13,"((((x8 * x0) - (x4 * x7)) * x7) - (x7 / x4))","((((irradiat * age) - (node_caps * breast_quad)) * breast_quad) - (breast_quad / node_caps))"
24,502,34,82.513661,0.407407,13,"((((x8 * x0) - (x4 * x7)) * x7) - (x7 / x4))","((((irradiat * age) - (node_caps * breast_quad)) * breast_quad) - (breast_quad / node_caps))"
24,502,35,82.513661,0.407407,13,"((((x8 * x0) - (x4 * x7)) * x7) - (x7 / x4))","((((irradiat * age) - (node_caps * breast_quad)) * breast_quad) - (breast_quad / node_caps))"
24,502,36,82.513661,0.407407,13,"((((x8 * x0) - (x4 * x7)) * x7) - (x7 / x4))","((((irradiat * age) - (node_caps * breast_quad)) * breast_quad) - (breast_quad / node_caps))"
24,502,37,82.513661,0.407407,13,"((((x8 * x0) - (x4 * x7)) * x7) - (x7 / x4))","((((irradiat * age) - (node_caps * breast_quad)) * breast_quad) - (breast_quad / node_caps))"
24,502,38,82.513661,0.407407,13,"((((x8 * x0) - (x4 * x7)) * x7) - (x7 / x4))","((((irradiat * age) - (node_caps * breast_quad)) * breast_quad) - (breast_quad / node_caps))"
24,502,39,82.513661,0.407407,13,"((((x8 * x0) - (x4 * x7)) * x7) - (x7 / x4))","((((irradiat * age) - (node_caps * breast_quad)) * breast_quad) - (breast_quad / node_caps))"
24,502,40,82.513661,0.407407,13,"((((x8 * x0) - (x4 * x7)) * x7) - (x7 / x4))","((((irradiat * age) - (node_caps * breast_quad)) * breast_quad) - (breast_quad / node_caps))"
24,502,41,82.513661,0.407407,13,"((((x8 * x0) - (x4 * x7)) * x7) - (x7 / x4))","((((irradiat * age) - (node_caps * breast_quad)) * breast_quad) - (breast_quad / node_caps))"
24,502,42,82.513661,0.407407,13,"((((x8 * x0) - (x4 * x7)) * x7) - (x7 / x4))","((((irradiat * age) - (node_caps * breast_quad)) * breast_quad) - (breast_quad / node_caps))"
24,502,43,82.513661,0.407407,13,"((((x8 * x0) - (x4 * x7)) * x7) - (x7 / x4))","((((irradiat * age) - (node_caps * breast_quad)) * breast_quad) - (breast_quad / node_caps))"
24,502,44,82.513661,0.407407,13,"((((x8 * x0) - (x4 * x7)) * x7) - (x7 / x4))","((((irradiat * age) - (node_caps * breast_quad)) * breast_quad) - (breast_quad / node_caps))"
24,502,45,82.513661,0.407407,13,"((((x8 * x0) - (x4 * x7)) * x7) - (x7 / x4))","((((irradiat * age) - (node_caps * breast_quad)) * breast_quad) - (breast_quad / node_caps))"
24,502,46,82.513661,0.407407,13,"((((x8 * x0) - (x4 * x7)) * x7) - (x7 / x4))","((((irradiat * age) - (node_caps * breast_quad)) * breast_quad) - (breast_quad / node_caps))"
24,502,47,82.513661,0.407407,13,"((((x8 * x0) - (x4 * x7)) * x7) - (x7 / x4))","((((irradiat * age) - (node_caps * breast_quad)) * breast_quad) - (breast_quad / node_caps))"
24,502,48,82.513661,0.407407,13,"((((x8 * x0) - (x4 * x7)) * x7) - (x7 / x4))","((((irradiat * age) - (node_caps * breast_quad)) * breast_quad) - (breast_quad / node_caps))"
24,502,49,82.513661,0.407407,13,"((((x8 * x0) - (x4 * x7)) * x7) - (x7 / x4))","((((irradiat * age) - (node_caps * breast_quad)) * breast_quad) - (breast_quad / node_caps))"
24,502,50,82.513661,0.407407,13,"((((x8 * x0) - (x4 * x7)) * x7) - (x7 / x4))","((((irradiat * age) - (node_caps * breast_quad)) * breast_quad) - (breast_quad / node_caps))"
24,502,51,82.513661,0.407407,13,"((((x8 * x0) - (x4 * x7)) * x7) - (x7 / x4))","((((irradiat * age) - (node_caps * breast_quad)) * breast_quad) - (breast_quad / node_caps))"
24,502,52,82.513661,0.407407,13,"((((x8 * x0) - (x4 * x7)) * x7) - (x7 / x4))","((((irradiat * age) - (node_caps * breast_quad)) * breast_quad) - (breast_quad / node_caps))"
24,502,53,82.513661,0.407407,13,"((((x8 * x0) - (x4 * x7)) * x7) - (x7 / x4))","((((irradiat * age) - (node_caps * breast_quad)) * breast_quad) - (breast_quad / node_caps))"
24,502,54,82.513661,0.407407,13,"((((x8 * x0) - (x4 * x7)) * x7) - (x7 / x4))","((((irradiat * age) - (node_caps * breast_quad)) * breast_quad) - (breast_quad / node_caps))"
24,502,55,82.513661,0.407407,9,"((x8 * x7) - ((x7 * x7) / x4))","((irradiat * breast_quad) - ((breast_quad * breast_quad) / node_caps))"
24,502,56,82.513661,0.407407,9,"((x8 * x7) - ((x7 * x7) / x4))","((irradiat * breast_quad) - ((breast_quad * breast_quad) / node_caps))"
24,502,57,82.513661,0.407407,9,"((x8 * x7) - ((x7 * x7) / x4))","((irradiat * breast_quad) - ((breast_quad * breast_quad) / node_caps))"
24,502,58,82.513661,0.407407,9,"((x8 * x7) - ((x7 * x7) / x4))","((irradiat * breast_quad) - ((breast_quad * breast_quad) / node_caps))"
24,502,59,82.513661,0.407407,9,"((x8 * x7) - ((x7 * x7) / x4))","((irradiat * breast_quad) - ((breast_quad * breast_quad) / node_caps))"
24,502,60,82.513661,0.407407,9,"((x8 * x7) - ((x7 * x7) / x4))","((irradiat * breast_quad) - ((breast_quad * breast_quad) / node_caps))"
24,502,61,82.513661,0.407407,9,"((x8 * x7) - ((x7 * x7) / x4))","((irradiat * breast_quad) - ((breast_quad * breast_quad) / node_caps))"
24,502,62,82.513661,0.407407,9,"((x8 * x7) - ((x7 * x7) / x4))","((irradiat * breast_quad) - ((breast_quad * breast_quad) / node_caps))"
24,502,63,82.513661,0.407407,9,"((x8 * x7) - ((x7 * x7) / x4))","((irradiat * breast_quad) - ((breast_quad * breast_quad) / node_caps))"
24,502,64,82.513661,0.407407,9,"((x8 * x7) - ((x7 * x7) / x4))","((irradiat * breast_quad) - ((breast_quad * breast_quad) / node_caps))"
24,502,65,82.513661,0.407407,9,"((x8 * x7) - ((x7 * x7) / x4))","((irradiat * breast_quad) - ((breast_quad * breast_quad) / node_caps))"
24,502,66,82.513661,0.407407,9,"((x8 * x7) - ((x7 * x7) / x4))","((irradiat * breast_quad) - ((breast_quad * breast_quad) / node_caps))"
24,502,67,82.513661,0.407407,9,"((x8 * x7) - ((x7 * x7) / x4))","((irradiat * breast_quad) - ((breast_quad * breast_quad) / node_caps))"
24,502,68,82.513661,0.407407,9,"((x8 * x7) - ((x7 * x7) / x4))","((irradiat * breast_quad) - ((breast_quad * breast_quad) / node_caps))"
24,502,69,82.513661,0.407407,9,"((x8 * x7) - ((x7 * x7) / x4))","((irradiat * breast_quad) - ((breast_quad * breast_quad) / node_caps))"
24,502,70,82.513661,0.407407,9,"((x8 * x7) - ((x7 * x7) / x4))","((irradiat * breast_quad) - ((breast_quad * breast_quad) / node_caps))"
24,502,71,82.513661,0.407407,9,"((x8 * x7) - ((x7 * x7) / x4))","((irradiat * breast_quad) - ((breast_quad * breast_quad) / node_caps))"
24,502,72,82.513661,0.407407,9,"((x8 * x7) - ((x7 * x7) / x4))","((irradiat * breast_quad) - ((breast_quad * breast_quad) / node_caps))"
24,502,73,82.513661,0.407407,9,"((x8 * x7) - ((x7 * x7) / x4))","((irradiat * breast_quad) - ((breast_quad * breast_quad) / node_caps))"
24,502,74,82.513661,0.407407,9,"((x8 * x7) - ((x7 * x7) / x4))","((irradiat * breast_quad) - ((breast_quad * breast_quad) / node_caps))"
24,502,75,82.513661,0.407407,9,"((x8 * x7) - ((x7 * x7) / x4))","((irradiat * breast_quad) - ((breast_quad * breast_quad) / node_caps))"
24,502,76,82.513661,0.407407,9,"((x8 * x7) - ((x7 * x7) / x4))","((irradiat * breast_quad) - ((breast_quad * breast_quad) / node_caps))"
24,502,77,82.513661,0.407407,9,"((x8 * x7) - ((x7 * x7) / x4))","((irradiat * breast_quad) - ((breast_quad * breast_quad) / node_caps))"
24,502,78,82.513661,0.407407,9,"((x8 * x7) - ((x7 * x7) / x4))","((irradiat * breast_quad) - ((breast_quad * breast_quad) / node_caps))"
24,502,79,82.513661,0.407407,9,"((x8 * x7) - ((x7 * x7) / x4))","((irradiat * breast_quad) - ((breast_quad * breast_quad) / node_caps))"
24,502,80,82.513661,0.407407,9,"((x8 * x7) - ((x7 * x7) / x4))","((irradiat * breast_quad) - ((breast_quad * breast_quad) / node_caps))"
24,502,81,82.513661,0.407407,9,"((x8 * x7) - ((x7 * x7) / x4))","((irradiat * breast_quad) - ((breast_quad * breast_quad) / node_caps))"
24,502,82,82.513661,0.407407,9,"((x8 * x7) - ((x7 * x7) / x4))","((irradiat * breast_quad) - ((breast_quad * breast_quad) / node_caps))"
24,502,83,82.513661,0.407407,9,"((x8 * x7) - ((x7 * x7) / x4))","((irradiat * breast_quad) - ((breast_quad * breast_quad) / node_caps))"
24,502,84,82.513661,0.407407,9,"((x8 * x7) - ((x7 * x7) / x4))","((irradiat * breast_quad) - ((breast_quad * breast_quad) / node_caps))"
24,502,85,82.513661,0.407407,9,"((x8 * x7) - ((x7 * x7) / x4))","((irradiat * breast_quad) - ((breast_quad * breast_quad) / node_caps))"
24,502,86,82.513661,0.407407,9,"((x8 * x7) - ((x7 * x7) / x4))","((irradiat * breast_quad) - ((breast_quad * breast_quad) / node_caps))"
24,502,87,82.513661,0.407407,9,"((x8 * x7) - ((x7 * x7) / x4))","((irradiat * breast_quad) - ((breast_quad * breast_quad) / node_caps))"
24,502,88,82.513661,0.407407,9,"((x8 * x7) - ((x7 * x7) / x4))","((irradiat * breast_quad) - ((breast_quad * breast_quad) / node_caps))"
24,502,89,82.513661,0.407407,9,"((x8 * x7) - ((x7 * x7) / x4))","((irradiat * breast_quad) - ((breast_quad * breast_quad) / node_caps))"
24,502,90,82.513661,0.407407,9,"((x8 * x7) - ((x7 * x7) / x4))","((irradiat * breast_quad) - ((breast_quad * breast_quad) / node_caps))"
24,502,91,82.513661,0.407407,9,"((x8 * x7) - ((x7 * x7) / x4))","((irradiat * breast_quad) - ((breast_quad * breast_quad) / node_caps))"
24,502,92,82.513661,0.407407,9,"((x8 * x7) - ((x7 * x7) / x4))","((irradiat * breast_quad) - ((breast_quad * breast_quad) / node_caps))"
24,502,93,82.513661,0.407407,9,"((x8 * x7) - ((x7 * x7) / x4))","((irradiat * breast_quad) - ((breast_quad * breast_quad) / node_caps))"
24,502,94,82.513661,0.407407,9,"((x8 * x7) - ((x7 * x7) / x4))","((irradiat * breast_quad) - ((breast_quad * breast_quad) / node_caps))"
24,502,95,82.513661,0.407407,9,"((x8 * x7) - ((x7 * x7) / x4))","((irradiat * breast_quad) - ((breast_quad * breast_quad) / node_caps))"
24,502,96,82.513661,0.407407,9,"((x8 * x7) - ((x7 * x7) / x4))","((irradiat * breast_quad) - ((breast_quad * breast_quad) / node_caps))"
24,502,97,82.513661,0.407407,9,"((x8 * x7) - ((x7 * x7) / x4))","((irradiat * breast_quad) - ((breast_quad * breast_quad) / node_caps))"
24,502,98,82.513661,0.407407,9,"((x8 * x7) - ((x7 * x7) / x4))","((irradiat * breast_quad) - ((breast_quad * breast_quad) / node_caps))"
24,502,99,82.513661,0.407407,9,"((x8 * x7) - ((x7 * x7) / x4))","((irradiat * breast_quad) - ((breast_quad * breast_quad) / node_caps))"
24,502,100,82.513661,0.407407,9,"((x8 * x7) - ((x7 * x7) / x4))","((irradiat * breast_quad) - ((breast_quad * breast_quad) / node_caps))"
25,503,1,78.688525,0.000000,3,"(x6 - 4)","(breast - 4)"
25,503,2,79.234973,0.344828,3,"(x8 - 1)","(irradiat - 1)"
25,503,3,79.234973,0.344828,3,"(x8 - 1)","(irradiat - 1)"
25,503,4,79.234973,0.344828,3,"(x8 - 1)","(irradiat - 1)"
25,503,5,79.781421,0.372881,9,"(((x8 * 7) - 4) + (x8 + x3))","(((irradiat * 7) - 4) + (irradiat + inv_nodes))"
25,503,6,79.781421,0.372881,9,"(((x8 * 7) - 4) + (x8 + x3))","(((irradiat * 7) - 4) + (irradiat + inv_nodes))"
25,503,7,80.327869,0.400000,9,"(((x8 * 7) - 4) + (1 + x3))","(((irradiat * 7) - 4) + (1 + inv_nodes))"
25,503,8,80.327869,0.400000,9,"(((x8 * 7) + (x3 - 4)) + 1)","(((irradiat * 7) + (inv_nodes - 4)) + 1)"
25,503,9,80.327869,0.400000,9,"(((x8 * 7) + (x3 - 4)) + 1)","(((irradiat * 7) + (inv_nodes - 4)) + 1)"
25,503,10,80.327869,0.400000,9,"(((x8 * 7) - 4) + (1 + x3))","(((irradiat * 7) - 4) + (1 + inv_nodes))"
25,503,11,80.327869,0.400000,9,"(((x8 * 7) + (x3 - 4)) + 1)","(((irradiat * 7) + (inv_nodes - 4)) + 1)"
25,503,12,80.327869,0.400000,9,"(((x8 * 7) + (x3 - 4)) + 1)","(((irradiat * 7) + (inv_nodes - 4)) + 1)"
25,503,13,80.327869,0.400000,9,"(((x8 * 7) + (x3 - 4)) + 1)","(((irradiat * 7) + (inv_nodes - 4)) + 1)"
25,503,14,80.327869,0.400000,9,"(((x8 * 4) - 4) + (1 + x3))","(((irradiat * 4) - 4) + (1 + inv_nodes))"
25,503,15,80.327869,0.400000,9,"(((x8 * 7) + (1 - 4)) + x3)","(((irradiat * 7) + (1 - 4)) + inv_nodes)"
25,503,16,80.327869,0.400000,9,"(((x8 * 4) + (x3 - 4)) + 1)","(((irradiat * 4) + (inv_nodes - 4)) + 1)"
25,503,17,80.327869,0.400000,9,"(((x8 * 7) + (x3 - 4)) + 1)","(((irradiat * 7) + (inv_nodes - 4)) + 1)"
25,503,18,80.327869,0.400000,9,"(((x8 * 7) + (x3 - 4)) + 1)","(((irradiat * 7) + (inv_nodes - 4)) + 1)"
25,503,19,80.327869,0.400000,9,"(((x8 * 7) + (x3 - 4)) + 1)","(((irradiat * 7) + (inv_nodes - 4)) + 1)"
25,503,20,80.327869,0.400000,9,"(((x8 * 7) + (x3 - 4)) + 1)","(((irradiat * 7) + (inv_nodes - 4)) + 1)"
25,503,21,80.327869,0.400000,9,"(((x8 * 7) + (x3 - 4)) + 1)","(((irradiat * 7) + (inv_nodes - 4)) + 1)"
25,503,22,80.327869,0.400000,9,"(((x8 * 7) + (x3 - 4)) + 1)","(((irradiat * 7) + (inv_nodes - 4)) + 1)"
25,503,23,80.327869,0.400000,9,"(((x8 * 4) + (x3 - 4)) + 1)","(((irradiat * 4) + (inv_nodes - 4)) + 1)"
25,503,24,80.327869,0.400000,9,"(((x8 * 4) + (x3 - 4)) + 1)","(((irradiat * 4) + (inv_nodes - 4)) + 1)"
25,503,25,80.327869,0.400000,9,"(((x8 * 4) + (x3 - 4)) + 1)","(((irradiat * 4) + (inv_nodes - 4)) + 1)"
25,503,26,80.327869,0.400000,9,"(((x8 * 4) + (x3 - 4)) + 1)","(((irradiat * 4) + (inv_nodes - 4)) + 1)"
25,503,27,80.327869,0.400000,9,"(((x8 * 4) + (x3 - 4)) + 1)","(((irradiat * 4) + (inv_nodes - 4)) + 1)"
25,503,28,80.327869,0.400000,9,"(((x8 * 7) + (x3 - 4)) + 1)","(((irradiat * 7) + (inv_nodes - 4)) + 1)"
25,503,29,80.327869,0.400000,9,"(((x8 * 4) + (x3 - 4)) + 1)","(((irradiat * 4) + (inv_nodes - 4)) + 1)"
25,503,30,80.327869,0.400000,9,"(((x8 * 7) + (x3 - 4)) + 1)","(((irradiat * 7) + (inv_nodes - 4)) + 1)"
25,503,31,80.327869,0.400000,9,"(((x8 * 4) + (x3 - 4)) + 1)","(((irradiat * 4) + (inv_nodes - 4)) + 1)"
25,503,32,80.327869,0.400000,9,"(((x8 * 4) + (x3 - 4)) + 1)","(((irradiat * 4) + (inv_nodes - 4)) + 1)"
25,503,33,80.327869,0.400000,9,"(((x8 * 4) + (x3 - 4)) + 1)","(((irradiat * 4) + (inv_nodes - 4)) + 1)"
25,503,34,80.327869,0.400000,9,"(((x8 * 4) + (x3 - 4)) + 1)","(((irradiat * 4) + (inv_nodes - 4)) + 1)"
25,503,35,80.327869,0.400000,9,"(((x8 * 4) + (x3 - 4)) + 1)","(((irradiat * 4) + (inv_nodes - 4)) + 1)"
25,503,36,80.327869,0.400000,9,"(((x8 * 4) + (x3 - 4)) + 1)","(((irradiat * 4) + (inv_nodes - 4)) + 1)"
25,503,37,80.327869,0.400000,9,"(((x8 * 4) + (x3 - 4)) + 1)","(((irradiat * 4) + (inv_nodes - 4)) + 1)"
25,503,38,80.327869,0.400000,9,"(((x8 * 4) + (x3 - 4)) + 1)","(((irradiat * 4) + (inv_nodes - 4)) + 1)"
25,503,39,80.327869,0.400000,9,"((x3 + (1 - 4)) + (x8 * 4))","((inv_nodes + (1 - 4)) + (irradiat * 4))"
25,503,40,80.327869,0.400000,9,"(((x8 * 4) + (x3 - 4)) + 1)","(((irradiat * 4) + (inv_nodes - 4)) + 1)"
25,503,41,80.327869,0.400000,9,"(((x8 * 4) + (x3 - 4)) + 1)","(((irradiat * 4) + (inv_nodes - 4)) + 1)"
25,503,42,80.327869,0.400000,9,"(((x8 * 4) + (x3 - 4)) + 1)","(((irradiat * 4) + (inv_nodes - 4)) + 1)"
25,503,43,80.327869,0.400000,9,"(((x8 * 4) + (x3 - 4)) + 1)","(((irradiat * 4) + (inv_nodes - 4)) + 1)"
25,503,44,80.327869,0.400000,9,"(((x8 * 4) + (x3 - 4)) + 1)","(((irradiat * 4) + (inv_nodes - 4)) + 1)"
25,503,45,80.327869,0.400000,9,"(((x8 * 4) + (x3 - 4)) + 1)","(((irradiat * 4) + (inv_nodes - 4)) + 1)"
25,503,46,80.327869,0.400000,9,"(((x8 * 4) + (x3 - 4)) + 1)","(((irradiat * 4) + (inv_nodes - 4)) + 1)"
25,503,47,80.327869,0.400000,9,"(((x8 * 4) + (x3 - 4)) + 1)","(((irradiat * 4) + (inv_nodes - 4)) + 1)"
25,503,48,80.327869,0.400000,9,"(((x8 * 4) + (x3 - 4)) + 1)","(((irradiat * 4) + (inv_nodes - 4)) + 1)"
25,503,49,80.327869,0.400000,9,"(((x8 * 4) + (x3 - 4)) + 1)","(((irradiat * 4) + (inv_nodes - 4)) + 1)"
25,503,50,80.327869,0.400000,9,"(((x8 * 4) + (x3 - 4)) + 1)","(((irradiat * 4) + (inv_nodes - 4)) + 1)"
25,503,51,80.327869,0.400000,9,"(((x8 * 4) + (x3 - 4)) + 1)","(((irradiat * 4) + (inv_nodes - 4)) + 1)"
25,503,52,80.327869,0.400000,9,"(((x8 * 4) + (x3 - 4)) + 1)","(((irradiat * 4) + (inv_nodes - 4)) + 1)"
25,503,53,80.327869,0.400000,9,"(((x8 * 4) + (x3 - 4)) + 1)","(((irradiat * 4) + (inv_nodes - 4)) + 1)"
25,503,54,80.327869,0.400000,9,"(((x8 * 4) + (x3 - 4)) + 1)","(((irradiat * 4) + (inv_nodes - 4)) + 1)"
25,503,55,80.327869,0.400000,9,"(((x8 * 4) + (x3 - 4)) + 1)","(((irradiat * 4) + (inv_nodes - 4)) + 1)"
25,503,56,80.327869,0.400000,9,"(((x8 * 4) + (x3 - 4)) + 1)","(((irradiat * 4) + (inv_nodes - 4)) + 1)"
25,503,57,80.327869,0.400000,9,"(((x8 * 4) + (x3 - 4)) + 1)","(((irradiat * 4) + (inv_nodes - 4)) + 1)"
25,503,58,80.327869,0.400000,9,"(((x8 * 4) + (x3 - 4)) + 1)","(((irradiat * 4) + (inv_nodes - 4)) + 1)"
25,503,59,80.327869,0.400000,9,"(((x8 * 4) + (x3 - 4)) + 1)","(((irradiat * 4) + (inv_nodes - 4)) + 1)"
25,503,60,80.327869,0.400000,9,"(((x8 * 4) + (x3 - 4)) + 1)","(((irradiat * 4) + (inv_nodes - 4)) + 1)"
25,503,61,80.327869,0.400000,9,"(((x8 * 4) + (x3 - 4)) + 1)","(((irradiat * 4) + (inv_nodes - 4)) + 1)"
25,503,62,80.327869,0.400000,9,"(((x8 * 4) + (x3 - 4)) + 1)","(((irradiat * 4) + (inv_nodes - 4)) + 1)"
25,503,63,80.327869,0.400000,9,"(((x8 * 4) + (x3 - 4)) + 1)","(((irradiat * 4) + (inv_nodes - 4)) + 1)"
25,503,64,80.327869,0.400000,9,"(((x8 * 4) + (x3 - 4)) + 1)","(((irradiat * 4) + (inv_nodes - 4)) + 1)"
25,503,65,80.327869,0.400000,9,"(((x8 * 4) + (x3 - 4)) + 1)","(((irradiat * 4) + (inv_nodes - 4)) + 1)"
25,503,66,80.327869,0.400000,9,"(((x8 * 4) + (x3 - 4)) + 1)","(((irradiat * 4) + (inv_nodes - 4)) + 1)"
25,503,67,80.327869,0.400000,9,"(((x8 * 4) + (x3 - 4)) + 1)","(((irradiat * 4) + (inv_nodes - 4)) + 1)"
25,503,68,80.327869,0.400000,9,"(((x8 * 4) + (x3 - 4)) + 1)","(((irradiat * 4) + (inv_nodes - 4)) + 1)"
25,503,69,80.327869,0.400000,9,"(((x8 * 4) + (x3 - 4)) + 1)","(((irradiat * 4) + (inv_nodes - 4)) + 1)"
25,503,70,80.327869,0.400000,9,"(((x8 * 4) + (x3 - 4)) + 1)","(((irradiat * 4) + (inv_nodes - 4)) + 1)"
25,503,71,80.327869,0.400000,9,"(((x8 * 4) + (x3 - 4)) + 1)","(((irradiat * 4) + (inv_nodes - 4)) + 1)"
25,503,72,80.327869,0.400000,9,"(((x8 * 4) + (x3 - 4)) + 1)","(((irradiat * 4) + (inv_nodes - 4)) + 1)"
25,503,73,80.327869,0.400000,9,"(((x8 * 4) + (x3 - 4)) + 1)","(((irradiat * 4) + (inv_nodes - 4)) + 1)"
25,503,74,80.327869,0.400000,9,"(((x8 * 4) + (x3 - 4)) + 1)","(((irradiat * 4) + (inv_nodes - 4)) + 1)"
25,503,75,80.327869,0.400000,9,"(((x8 * 4) + (x3 - 4)) + 1)","(((irradiat * 4) + (inv_nodes - 4)) + 1)"
25,503,76,80.327869,0.400000,9,"(((x8 * 4) + (x3 - 4)) + 1)","(((irradiat * 4) + (inv_nodes - 4)) + 1)"
25,503,77,80.327869,0.400000,9,"(((x8 * 4) + (x3 - 4)) + 1)","(((irradiat * 4) + (inv_nodes - 4)) + 1)"
25,503,78,80.327869,0.400000,9,"(((x8 * 4) + (x3 - 4)) + 1)","(((irradiat * 4) + (inv_nodes - 4)) + 1)"
25,503,79,80.327869,0.400000,9,"(((x8 * 4) + (x3 - 4)) + 1)","(((irradiat * 4) + (inv_nodes - 4)) + 1)"
25,503,80,80.327869,0.400000,9,"(((x8 * 4) + (x3 - 4)) + 1)","(((irradiat * 4) + (inv_nodes - 4)) + 1)"
25,503,81,80.327869,0.400000,9,"(((x8 * 4) + (x3 - 4)) + 1)","(((irradiat * 4) + (inv_nodes - 4)) + 1)"
25,503,82,80.327869,0.400000,9,"(((x8 * 4) + (x3 - 4)) + 1)","(((irradiat * 4) + (inv_nodes - 4)) + 1)"
25,503,83,80.327869,0.400000,9,"(((x8 * 4) + (x3 - 4)) + 1)","(((irradiat * 4) + (inv_nodes - 4)) + 1)"
25,503,84,80.327869,0.400000,9,"(((x8 * 4) + (x3 - 4)) + 1)","(((irradiat * 4) + (inv_nodes - 4)) + 1)"
25,503,85,80.327869,0.400000,9,"(((x8 * 4) + (x3 - 4)) + 1)","(((irradiat * 4) + (inv_nodes - 4)) + 1)"
25,503,86,80.327869,0.400000,9,"(((x8 * 4) + (x3 - 4)) + 1)","(((irradiat * 4) + (inv_nodes - 4)) + 1)"
25,503,87,80.327869,0.400000,9,"(((x8 * 4) + (x3 - 4)) + 1)","(((irradiat * 4) + (inv_nodes - 4)) + 1)"
25,503,88,80.327869,0.400000,9,"(((x8 * 4) + (x3 - 4)) + 1)","(((irradiat * 4) + (inv_nodes - 4)) + 1)"
25,503,89,80.327869,0.400000,9,"(((x8 * 4) + (x3 - 4)) + 1)","(((irradiat * 4) + (inv_nodes - 4)) + 1)"
25,503,90,80.327869,0.400000,9,"(((x8 * 4) + (x3 - 4)) + 1)","(((irradiat * 4) + (inv_nodes - 4)) + 1)"
25,503,91,80.327869,0.400000,9,"(((x8 * 4) + (x3 - 4)) + 1)","(((irradiat * 4) + (inv_nodes - 4)) + 1)"
25,503,92,80.327869,0.400000,9,"(((x8 * 4) + (x3 - 4)) + 1)","(((irradiat * 4) + (inv_nodes - 4)) + 1)"
25,503,93,80.327869,0.400000,9,"(((x8 * 4) + (x3 - 4)) + 1)","(((irradiat * 4) + (inv_nodes - 4)) + 1)"
25,503,94,80.327869,0.400000,9,"(((x8 * 4) + (x3 - 4)) + 1)","(((irradiat * 4) + (inv_nodes - 4)) + 1)"
25,503,95,80.327869,0.400000,9,"(((x8 * 4) + (x3 - 4)) + 1)","(((irradiat * 4) + (inv_nodes - 4)) + 1)"
25,503,96,80.327869,0.400000,9,"(((x8 * 4) + (x3 - 4)) + 1)","(((irradiat * 4) + (inv_nodes - 4)) + 1)"
25,503,97,80.327869,0.400000,9,"(((x8 * 4) + (x3 - 4)) + 1)","(((irradiat * 4) + (inv_nodes - 4)) + 1)"
25,503,98,80.327869,0.400000,9,"(((x8 * 4) + (x3 - 4)) + 1)","(((irradiat * 4) + (inv_nodes - 4)) + 1)"
25,503,99,80.327869,0.400000,9,"(((x8 * 4) + (x3 - 4)) + 1)","(((irradiat * 4) + (inv_nodes - 4)) + 1)"
25,503,100,80.327869,0.400000,9,"(((x8 * 4) + (x3 - 4)) + 1)","(((irradiat * 4) + (inv_nodes - 4)) + 1)"
26,504,1,78.688525,0.000000,3,"(x0 - 9)","(age - 9)"
26,504,2,78.688525,0.048780,9,"(((x3 - x2) * 8) - (7 * x7))","(((inv_nodes - tumor_size) * 8) - (7 * breast_quad))"
26,504,3,79.234973,0.050000,3,"(x7 - 5)","(breast_quad - 5)"
26,504,4,79.234973,0.136364,3,"(x3 - 3)","(inv_nodes - 3)"
26,504,5,79.781421,0.097561,9,"(((x3 - x0) * 5) - (7 * x7))","(((inv_nodes - age) * 5) - (7 * breast_quad))"
26,504,6,79.781421,0.097561,9,"(((x3 - x0) * 5) - (7 * x7))","(((inv_nodes - age) * 5) - (7 * breast_quad))"
26,504,7,79.781421,0.097561,7,"((x3 - 3) - (7 * x7))","((inv_nodes - 3) - (7 * breast_quad))"
26,504,8,79.781421,0.177778,11,"(((x3 - 3) * 5) - ((x3 - 3) * x7))","(((inv_nodes - 3) * 5) - ((inv_nodes - 3) * breast_quad))"
26,504,9,79.781421,0.177778,11,"(((x3 - 3) * 5) - ((x3 - 3) * x7))","(((inv_nodes - 3) * 5) - ((inv_nodes - 3) * breast_quad))"
26,504,10,79.781421,0.177778,11,"(((x3 - 3) * 5) - ((x3 - 3) * x7))","(((inv_nodes - 3) * 5) - ((inv_nodes - 3) * breast_quad))"
26,504,11,79.781421,0.177778,11,"(((x3 - 3) * 5) - ((x3 - 3) * x7))","(((inv_nodes - 3) * 5) - ((inv_nodes - 3) * breast_quad))"
26,504,12,79.781421,0.177778,11,"(((x3 - 3) * 5) - ((x3 - 3) * x7))","(((inv_nodes - 3) * 5) - ((inv_nodes - 3) * breast_quad))"
26,504,13,80.327869,0.142857,13,"(((x3 - 3) * 5) - (((x3 * x3) - 3) * x7))","(((inv_nodes - 3) * 5) - (((inv_nodes * inv_nodes) - 3) * breast_quad))"
26,504,14,80.327869,0.142857,13,"(((x3 - 3) * 5) - (((x3 * x3) - 3) * x7))","(((inv_nodes - 3) * 5) - (((inv_nodes * inv_nodes) - 3) * breast_quad))"
26,504,15,80.327869,0.142857,13,"(((x3 - 3) * 5) - (((x3 * x3) - 3) * x7))","(((inv_nodes - 3) * 5) - (((inv_nodes * inv_nodes) - 3) * breast_quad))"
26,504,16,80.327869,0.142857,13,"(((x3 - 3) * 5) - (((x3 * x3) - 3) * x7))","(((inv_nodes - 3) * 5) - (((inv_nodes * inv_nodes) - 3) * breast_quad))"
26,504,17,80.327869,0.142857,13,"(((x3 - 3) * 5) - (((5 * x3) - 3) * x7))","(((inv_nodes - 3) * 5) - (((5 * inv_nodes) - 3) * breast_quad))"
26,504,18,80.327869,0.142857,13,"(((x3 - 3) * 5) - (((3 * x3) - 3) * x7))","(((inv_nodes - 3) * 5) - (((3 * inv_nodes) - 3) * breast_quad))"
26,504,19,80.327869,0.142857,13,"(((x3 - 3) * 5) - (((5 * x3) - 3) * x7))","(((inv_nodes - 3) * 5) - (((5 * inv_nodes) - 3) * breast_quad))"
26,504,20,80.327869,0.142857,13,"(((x3 - 3) * 5) - (((5 * x3) - 3) * x7))","(((inv_nodes - 3) * 5) - (((5 * inv_nodes) - 3) * breast_quad))"
26,504,21,80.327869,0.142857,13,"(((x3 - 3) * 5) - (((5 * x3) - 3) * x7))","(((inv_nodes - 3) * 5) - (((5 * inv_nodes) - 3) * breast_quad))"
26,504,22,80.327869,0.142857,13,"(((x3 - 3) * 5) - (((x3 * x3) - 3) * x7))","(((inv_nodes - 3) * 5) - (((inv_nodes * inv_nodes) - 3) * breast_quad))"
26,504,23,80.327869,0.142857,13,"(((x3 - 3) * 5) - (((3 * x3) - 3) * x7))","(((inv_nodes - 3) * 5) - (((3 * inv_nodes) - 3) * breast_quad))"
26,504,24,80.327869,0.142857,13,"(((x3 - 3) * 5) - (((x3 * x3) - 3) * x7))","(((inv_nodes - 3) * 5) - (((inv_nodes * inv_nodes) - 3) * breast_quad))"
26,504,25,80.327869,0.142857,13,"(((x3 - 3) * 5) - (((x3 * x3) - 3) * x7))","(((inv_nodes - 3) * 5) - (((inv_nodes * inv_nodes) - 3) * breast_quad))"
26,504,26,80.327869,0.142857,13,"(((x3 - 3) * 5) - (((x3 * x3) - 3) * x7))","(((inv_nodes - 3) * 5) - (((inv_nodes * inv_nodes) - 3) * breast_quad))"
26,504,27,80.327869,0.142857,13,"(((x3 - 3) * 5) - (((3 * x3) - 3) * x7))","(((inv_nodes - 3) * 5) - (((3 * inv_nodes) - 3) * breast_quad))"
26,504,28,80.327869,0.142857,13,"(((x3 - 3) * 5) - (((3 * x3) - 3) * x7))","(((inv_nodes - 3) * 5) - (((3 * inv_nodes) - 3) * breast_quad))"
26,504,29,80.327869,0.142857,13,"(((x3 - 3) * 5) - (((3 * x3) - 3) * x7))","(((inv_nodes - 3) * 5) - (((3 * inv_nodes) - 3) * breast_quad))"
26,504,30,80.327869,0.142857,13,"(((x3 - 3) * 5) - (((x3 * 3) - 3) * x7))","(((inv_nodes - 3) * 5) - (((inv_nodes * 3) - 3) * breast_quad))"
26,504,31,80.327869,0.142857,13,"(((x3 - 3) * 5) - (((x3 * 3) - 3) * x7))","(((inv_nodes - 3) * 5) - (((inv_nodes * 3) - 3) * breast_quad))"
26,504,32,80.327869,0.142857,13,"(((x3 - 3) * 5) - (((3 * x3) - 3) * x7))","(((inv_nodes - 3) * 5) - (((3 * inv_nodes) - 3) * breast_quad))"
26,504,33,80.327869,0.142857,13,"(((x3 - 3) * 5) - (((3 * x3) - 3) * x7))","(((inv_nodes - 3) * 5) - (((3 * inv_nodes) - 3) * breast_quad))"
26,504,34,80.327869,0.142857,13,"(((x3 - 3) * 5) - (((x3 + x3) - 3) * x7))","(((inv_nodes - 3) * 5) - (((inv_nodes + inv_nodes) - 3) * breast_quad))"
26,504,35,80.327869,0.142857,13,"(((x3 - 3) * 5) - (((3 * x3) - 3) * x7))","(((inv_nodes - 3) * 5) - (((3 * inv_nodes) - 3) * breast_quad))"
26,504,36,80.327869,0.142857,13,"(((x3 - 3) * 5) - (((5 * x3) - 3) * x7))","(((inv_nodes - 3) * 5) - (((5 * inv_nodes) - 3) * breast_quad))"
26,504,37,80.327869,0.142857,13,"(((x3 - 3) * 5) - (((x3 * 5) - 3) * x7))","(((inv_nodes - 3) * 5) - (((inv_nodes * 5) - 3) * breast_quad))"
26,504,38,80.327869,0.142857,13,"(((x3 - 3) * 5) - (((3 * x3) - 3) * x7))","(((inv_nodes - 3) * 5) - (((3 * inv_nodes) - 3) * breast_quad))"
26,504,39,80.327869,0.142857,13,"(((x3 - 3) * 5) - (((5 * x3) - 3) * x7))","(((inv_nodes - 3) * 5) - (((5 * inv_nodes) - 3) * breast_quad))"
26,504,40,80.327869,0.142857,13,"(((x3 - 3) * 5) - (((3 * x3) - 3) * x7))","(((inv_nodes - 3) * 5) - (((3 * inv_nodes) - 3) * breast_quad))"
26,504,41,80.327869,0.142857,13,"(((x3 - 3) * 5) - (((3 * x3) - 3) * x7))","(((inv_nodes - 3) * 5) - (((3 * inv_nodes) - 3) * breast_quad))"
26,504,42,80.327869,0.142857,13,"(((x3 - 3) * 5) - (((5 * x3) - 3) * x7))","(((inv_nodes - 3) * 5) - (((5 * inv_nodes) - 3) * breast_quad))"
26,504,43,80.327869,0.142857,13,"(((x3 - 3) * 5) - (((x3 * x3) - 3) * x7))","(((inv_nodes - 3) * 5) - (((inv_nodes * inv_nodes) - 3) * breast_quad))"
26,504,44,80.327869,0.142857,13,"(((x3 - 3) * 5) - (((x3 * x3) - 3) * x7))","(((inv_nodes - 3) * 5) - (((inv_nodes * inv_nodes) - 3) * breast_quad))"
26,504,45,80.327869,0.142857,13,"(((x3 - 3) * 5) - (((x3 * 5) - 3) * x7))","(((inv_nodes - 3) * 5) - (((inv_nodes * 5) - 3) * breast_quad))"
26,504,46,80.327869,0.142857,13,"(((x3 - 3) * 5) - (((x3 * 5) - 3) * x7))","(((inv_nodes - 3) * 5) - (((inv_nodes * 5) - 3) * breast_quad))"
26,504,47,80.327869,0.142857,13,"(((x3 - 3) * 5) - (((5 * x3) - 3) * x7))","(((inv_nodes - 3) * 5) - (((5 * inv_nodes) - 3) * breast_quad))"
26,504,48,80.327869,0.142857,13,"(((x3 - 3) * 5) - (((x3 * 5) - 3) * x7))","(((inv_nodes - 3) * 5) - (((inv_nodes * 5) - 3) * breast_quad))"
26,504,49,80.327869,0.142857,13,"(((x3 - 3) * 5) - (((x3 * 5) - 3) * x7))","(((inv_nodes - 3) * 5) - (((inv_nodes * 5) - 3) * breast_quad))"
26,504,50,80.327869,0.142857,13,"(((x3 - 3) * 5) - (((5 * x3) - 3) * x7))","(((inv_nodes - 3) * 5) - (((5 * inv_nodes) - 3) * breast_quad))"
26,504,51,80.327869,0.142857,13,"(((x3 - 3) * 5) - (((x3 * 5) - 3) * x7))","(((inv_nodes - 3) * 5) - (((inv_nodes * 5) - 3) * breast_quad))"
26,504,52,80.327869,0.142857,13,"(((x3 - 3) * 5) - (((x3 * 3) - 3) * x7))","(((inv_nodes - 3) * 5) - (((inv_nodes * 3) - 3) * breast_quad))"
26,504,53,80.327869,0.142857,13,"(((x3 - 3) * 5) - (((x3 * x3) - 3) * x7))","(((inv_nodes - 3) * 5) - (((inv_nodes * inv_nodes) - 3) * breast_quad))"
26,504,54,80.327869,0.142857,13,"(((x3 - 3) * 5) - (((x3 * x3) - 3) * x7))","(((inv_nodes - 3) * 5) - (((inv_nodes * inv_nodes) - 3) * breast_quad))"
26,504,55,80.327869,0.142857,13,"(((x3 - 3) * 5) - (((5 * x3) - 3) * x7))","(((inv_nodes - 3) * 5) - (((5 * inv_nodes) - 3) * breast_quad))"
26,504,56,80.327869,0.142857,13,"(((x3 - 3) * 5) - (((3 * x3) - 3) * x7))","(((inv_nodes - 3) * 5) - (((3 * inv_nodes) - 3) * breast_quad))"
26,504,57,80.327869,0.142857,13,"(((x3 - 3) * 5) - (((x3 * x3) - 3) * x7))","(((inv_nodes - 3) * 5) - (((inv_nodes * inv_nodes) - 3) * breast_quad))"
26,504,58,80.327869,0.142857,13,"(((x3 - 3) * 5) - (((x3 * x3) - 3) * x7))","(((inv_nodes - 3) * 5) - (((inv_nodes * inv_nodes) - 3) * breast_quad))"
26,504,59,80.327869,0.142857,13,"(((x3 - 3) * 5) - (((3 * x3) - 3) * x7))","(((inv_nodes - 3) * 5) - (((3 * inv_nodes) - 3) * breast_quad))"
26,504,60,80.327869,0.142857,13,"(((x3 - 3) * 5) - (((x3 * 3) - 3) * x7))","(((inv_nodes - 3) * 5) - (((inv_nodes * 3) - 3) * breast_quad))"
26,504,61,80.327869,0.142857,13,"(((x3 - 3) * 5) - (((x3 + x3) - 3) * x7))","(((inv_nodes - 3) * 5) - (((inv_nodes + inv_nodes) - 3) * breast_quad))"
26,504,62,80.327869,0.142857,13,"(((x3 - 3) * 5) - (((5 * x3) - 3) * x7))","(((inv_nodes - 3) * 5) - (((5 * inv_nodes) - 3) * breast_quad))"
26,504,63,80.327869,0.142857,13,"(((x3 - 3) * 5) - (((3 * x3) - 3) * x7))","(((inv_nodes - 3) * 5) - (((3 * inv_nodes) - 3) * breast_quad))"
26,504,64,80.327869,0.142857,13,"(((x3 - 3) * 5) - (((x3 * x3) - 3) * x7))","(((inv_nodes - 3) * 5) - (((inv_nodes * inv_nodes) - 3) * breast_quad))"
26,504,65,80.327869,0.142857,13,"(((x3 - 3) * 5) - (((x3 * x3) - 3) * x7))","(((inv_nodes - 3) * 5) - (((inv_nodes * inv_nodes) - 3) * breast_quad))"
26,504,66,80.327869,0.142857,13,"(((x3 - 3) * 5) - (((3 * x3) - 3) * x7))","(((inv_nodes - 3) * 5) - (((3 * inv_nodes) - 3) * breast_quad))"
26,504,67,80.327869,0.142857,13,"(((x3 - 3) * 5) - (((x3 * 5) - 3) * x7))","(((inv_nodes - 3) * 5) - (((inv_nodes * 5) - 3) * breast_quad))"
26,504,68,80.327869,0.142857,13,"(((x3 - 3) * 5) - (((3 * x3) - 3) * x7))","(((inv_nodes - 3) * 5) - (((3 * inv_nodes) - 3) * breast_quad))"
26,504,69,80.874317,0.255319,11,"(((3 * x3) - 3) - ((3 * x3) * x7))","(((3 * inv_nodes) - 3) - ((3 * inv_nodes) * breast_quad))"
26,504,70,80.874317,0.255319,11,"(((3 * x3) - 3) - ((3 * x3) * x7))","(((3 * inv_nodes) - 3) - ((3 * inv_nodes) * breast_quad))"
26,504,71,80.874317,0.255319,11,"(((3 * x3) - 3) - ((3 * 3) * x7))","(((3 * inv_nodes) - 3) - ((3 * 3) * breast_quad))"
26,504,72,80.874317,0.255319,11,"(((3 * x3) - 3) - ((x3 * 3) * x7))","(((3 * inv_nodes) - 3) - ((inv_nodes * 3) * breast_quad))"
26,504,73,80.874317,0.339623,15,"(((3 * (3 * x3)) - 3) - (((3 * x3) * x3) * x7))","(((3 * (3 * inv_nodes)) - 3) - (((3 * inv_nodes) * inv_nodes) * breast_quad))"
26,504,74,80.874317,0.339623,15,"(((3 * (3 * x3)) - 3) - (((3 * x3) * x3) * x7))","(((3 * (3 * inv_nodes)) - 3) - (((3 * inv_nodes) * inv_nodes) * breast_quad))"
26,504,75,80.874317,0.339623,15,"(((3 * (3 * x3)) - 3) - (((3 * x3) * x3) * x7))","(((3 * (3 * inv_nodes)) - 3) - (((3 * inv_nodes) * inv_nodes) * breast_quad))"
26,504,76,80.874317,0.255319,11,"(((3 * x3) - 3) - ((x3 * x3) * x7))","(((3 * inv_nodes) - 3) - ((inv_nodes * inv_nodes) * breast_quad))"
26,504,77,80.874317,0.255319,11,"(((3 * x3) - 3) - ((3 * x3) * x7))","(((3 * inv_nodes) - 3) - ((3 * inv_nodes) * breast_quad))"
26,504,78,80.874317,0.255319,11,"(((3 * x3) - 3) - ((x3 * 3) * x7))","(((3 * inv_nodes) - 3) - ((inv_nodes * 3) * breast_quad))"
26,504,79,80.874317,0.255319,11,"(((3 * x3) - 3) - ((3 * 3) * x7))","(((3 * inv_nodes) - 3) - ((3 * 3) * breast_quad))"
26,504,80,80.874317,0.255319,11,"(((3 * x3) - 3) - ((3 * x3) * x7))","(((3 * inv_nodes) - 3) - ((3 * inv_nodes) * breast_quad))"
26,504,81,80.874317,0.255319,11,"(((3 * x3) - 3) - ((3 * 3) * x7))","(((3 * inv_nodes) - 3) - ((3 * 3) * breast_quad))"
26,504,82,80.874317,0.255319,11,"(((3 * x3) - 3) - ((3 * 3) * x7))","(((3 * inv_nodes) - 3) - ((3 * 3) * breast_quad))"
26,504,83,80.874317,0.255319,11,"(((x3 * 3) - 3) - ((x3 * x3) * x7))","(((inv_nodes * 3) - 3) - ((inv_nodes * inv_nodes) * breast_quad))"
26,504,84,80.874317,0.255319,11,"(((3 * x3) - 3) - ((x3 * x3) * x7))","(((3 * inv_nodes) - 3) - ((inv_nodes * inv_nodes) * breast_quad))"
26,504,85,80.874317,0.255319,11,"(((3 * x3) - 3) - ((3 * x3) * x7))","(((3 * inv_nodes) - 3) - ((3 * inv_nodes) * breast_quad))"
26,504,86,80.874317,0.255319,11,"(((3 * x3) - 3) - ((x3 * 3) * x7))","(((3 * inv_nodes) - 3) - ((inv_nodes * 3) * breast_quad))"
26,504,87,80.874317,0.255319,11,"(((x3 * 3) - 3) - ((3 * 3) * x7))","(((inv_nodes * 3) - 3) - ((3 * 3) * breast_quad))"
26,504,88,80.874317,0.339623,15,"(((3 * (3 * x3)) - 3) - ((x3 * (3 * x3)) * x7))","(((3 * (3 * inv_nodes)) - 3) - ((inv_nodes * (3 * inv_nodes)) * breast_quad))"
26,504,89,80.874317,0.339623,15,"(((3 * (3 * x3)) - 3) - ((x3 * (3 * x3)) * x7))","(((3 * (3 * inv_nodes)) - 3) - ((inv_nodes * (3 * inv_nodes)) * breast_quad))"
26,504,90,80.874317,0.255319,11,"(((x3 * 3) - 3) - ((3 * x3) * x7))","(((inv_nodes * 3) - 3) - ((3 * inv_nodes) * breast_quad))"
26,504,91,80.874317,0.255319,11,"(((3 * x3) - 3) - ((3 * 3) * x7))","(((3 * inv_nodes) - 3) - ((3 * 3) * breast_quad))"
26,504,92,80.874317,0.255319,11,"(((3 * x3) - 3) - ((3 * x3) * x7))","(((3 * inv_nodes) - 3) - ((3 * inv_nodes) * breast_quad))"
26,504,93,80.874317,0.255319,11,"(((3 * x3) - 3) - ((x3 * 3) * x7))","(((3 * inv_nodes) - 3) - ((inv_nodes * 3) * breast_quad))"
26,504,94,80.874317,0.255319,11,"(((3 * x3) - 3) - ((3 * x3) * x7))","(((3 * inv_nodes) - 3) - ((3 * inv_nodes) * breast_quad))"
26,504,95,80.874317,0.255319,11,"(((3 * x3) - 3) - ((3 * 3) * x7))","(((3 * inv_nodes) - 3) - ((3 * 3) * breast_quad))"
26,504,96,80.874317,0.255319,11,"(((3 * x3) - 3) - ((x3 * 3) * x7))","(((3 * inv_nodes) - 3) - ((inv_nodes * 3) * breast_quad))"
26,504,97,80.874317,0.255319,11,"(((3 * x3) - 3) - ((3 * x3) * x7))","(((3 * inv_nodes) - 3) - ((3 * inv_nodes) * breast_quad))"
26,504,98,80.874317,0.255319,11,"(((3 * x3) - 3) - ((3 * 3) * x7))","(((3 * inv_nodes) - 3) - ((3 * 3) * breast_quad))"
26,504,99,80.874317,0.255319,11,"(((3 * x3) - 3) - ((x3 * 3) * x7))","(((3 * inv_nodes) - 3) - ((inv_nodes * 3) * breast_quad))"
26,504,100,80.874317,0.255319,11,"(((3 * x3) - 3) - ((3 * x3) * x7))","(((3 * inv_nodes) - 3) - ((3 * inv_nodes) * breast_quad))"
27,505,1,79.234973,0.050000,3,"(x7 - 5)","(breast_quad - 5)"
27,505,2,79.781421,0.097561,5,"(x3 - (3 + x7))","(inv_nodes - (3 + breast_quad))"
27,505,3,80.327869,0.217391,9,"((5 / (x4 - 1)) - (x7 * 5))","((5 / (node_caps - 1)) - (breast_quad * 5))"
27,505,4,80.874317,0.222222,9,"((x5 * (x3 / (x4 - 1))) - 3)","((degree_of_malignancy * (inv_nodes / (node_caps - 1))) - 3)"
27,505,5,81.420765,0.260870,11,"((5 / ((x5 * x3) - 3)) - (x7 * 5))","((5 / ((degree_of_malignancy * inv_nodes) - 3)) - (breast_quad * 5))"
27,505,6,81.420765,0.291667,11,"((5 / ((x5 * x3) - 1)) - (x7 * 5))","((5 / ((degree_of_malignancy * inv_nodes) - 1)) - (breast_quad * 5))"
27,505,7,81.967213,0.266667,11,"(((x5 * x3) - 3) - ((x7 * 1) * 5))","(((degree_of_malignancy * inv_nodes) - 3) - ((breast_quad * 1) * 5))"
27,505,8,81.967213,0.326531,11,"((5 / ((x5 * x3) - 1)) - (x7 * x5))","((5 / ((degree_of_malignancy * inv_nodes) - 1)) - (breast_quad * degree_of_malignancy))"
27,505,9,81.967213,0.326531,11,"((5 / ((x5 * x3) - 1)) - (x7 * x5))","((5 / ((degree_of_malignancy * inv_nodes) - 1)) - (breast_quad * degree_of_malignancy))"
27,505,10,81.967213,0.326531,11,"((5 / ((x5 * x3) - 1)) - (x7 * x5))","((5 / ((degree_of_malignancy * inv_nodes) - 1)) - (breast_quad * degree_of_malignancy))"
27,505,11,81.967213,0.326531,11,"((5 / ((x5 * x3) - 1)) - (x7 * x5))","((5 / ((degree_of_malignancy * inv_nodes) - 1)) - (breast_quad * degree_of_malignancy))"
27,505,12,81.967213,0.326531,11,"((5 / ((x5 * x3) - 1)) - (x7 * x5))","((5 / ((degree_of_malignancy * inv_nodes) - 1)) - (breast_quad * degree_of_malignancy))"
27,505,13,81.967213,0.326531,11,"((5 / ((x5 * x3) - 1)) - (x7 * x5))","((5 / ((degree_of_malignancy * inv_nodes) - 1)) - (breast_quad * degree_of_malignancy))"
27,505,14,81.967213,0.326531,11,"((5 / ((x5 * x3) - 1)) - (x7 * x5))","((5 / ((degree_of_malignancy * inv_nodes) - 1)) - (breast_quad * degree_of_malignancy))"
27,505,15,81.967213,0.326531,11,"((5 / ((x5 * x3) - 1)) - (x7 * x5))","((5 / ((degree_of_malignancy * inv_nodes) - 1)) - (breast_quad * degree_of_malignancy))"
27,505,16,81.967213,0.326531,11,"((5 / ((x5 * x3) - 1)) - (x7 * x5))","((5 / ((degree_of_malignancy * inv_nodes) - 1)) - (breast_quad * degree_of_malignancy))"
27,505,17,81.967213,0.352941,15,"(((x5 * x3) - 3) - ((x7 * x3) * ((x5 * x3) - 3)))","(((degree_of_malignancy * inv_nodes) - 3) - ((breast_quad * inv_nodes) * ((degree_of_malignancy * inv_nodes) - 3)))"
27,505,18,81.967213,0.352941,15,"(((x5 * x3) - 3) - ((x7 * x3) * ((x5 * x3) - 3)))","(((degree_of_malignancy * inv_nodes) - 3) - ((breast_quad * inv_nodes) * ((degree_of_malignancy * inv_nodes) - 3)))"
27,505,19,81.967213,0.352941,15,"(((x5 * x3) - 3) - ((x7 * x3) * ((x5 * x3) - 3)))","(((degree_of_malignancy * inv_nodes) - 3) - ((breast_quad * inv_nodes) * ((degree_of_malignancy * inv_nodes) - 3)))"
27,505,20,81.967213,0.352941,15,"(((x5 * x3) - 3) - ((x7 * x3) * ((x5 * x3) - 3)))","(((degree_of_malignancy * inv_nodes) - 3) - ((breast_quad * inv_nodes) * ((degree_of_malignancy * inv_nodes) - 3)))"
27,505,21,81.967213,0.352941,15,"(((x5 * x3) - 3) - ((x7 * x3) * ((x5 * x3) - 3)))","(((degree_of_malignancy * inv_nodes) - 3) - ((breast_quad * inv_nodes) * ((degree_of_malignancy * inv_nodes) - 3)))"
27,505,22,81.967213,0.352941,15,"(((x5 * x3) - 3) - ((x7 * x3) * ((x5 * x3) - 3)))","(((degree_of_malignancy * inv_nodes) - 3) - ((breast_quad * inv_nodes) * ((degree_of_malignancy * inv_nodes) - 3)))"
27,505,23,81.967213,0.352941,15,"(((x5 * x3) - 3) - ((x7 * x3) * ((x5 * x3) - 3)))","(((degree_of_malignancy * inv_nodes) - 3) - ((breast_quad * inv_nodes) * ((degree_of_malignancy * inv_nodes) - 3)))"
27,505,24,81.967213,0.352941,15,"(((x5 * x3) - 3) - ((x7 * x3) * ((x3 * x3) - 3)))","(((degree_of_malignancy * inv_nodes) - 3) - ((breast_quad * inv_nodes) * ((inv_nodes * inv_nodes) - 3)))"
27,505,25,81.967213,0.352941,15,"(((x5 * x3) - 3) - ((x7 * x3) * ((x5 * x3) - 3)))","(((degree_of_malignancy * inv_nodes) - 3) - ((breast_quad * inv_nodes) * ((degree_of_malignancy * inv_nodes) - 3)))"
27,505,26,81.967213,0.352941,15,"(((x5 * x3) - 3) - ((x7 * x3) * ((x5 * x3) - 3)))","(((degree_of_malignancy * inv_nodes) - 3) - ((breast_quad * inv_nodes) * ((degree_of_malignancy * inv_nodes) - 3)))"
27,505,27,81.967213,0.352941,15,"(((x5 * x3) - 3) - ((x7 * x3) * ((x5 * x3) - 3)))","(((degree_of_malignancy * inv_nodes) - 3) - ((breast_quad * inv_nodes) * ((degree_of_malignancy * inv_nodes) - 3)))"
27,505,28,81.967213,0.352941,15,"(((x5 * x3) - 3) - ((x7 * x3) * ((x5 * x3) - 3)))","(((degree_of_malignancy * inv_nodes) - 3) - ((breast_quad * inv_nodes) * ((degree_of_malignancy * inv_nodes) - 3)))"
27,505,29,81.967213,0.352941,15,"(((x5 * x3) - 3) - ((x7 * x3) * ((x5 * x3) - 3)))","(((degree_of_malignancy * inv_nodes) - 3) - ((breast_quad * inv_nodes) * ((degree_of_malignancy * inv_nodes) - 3)))"
27,505,30,81.967213,0.352941,15,"(((x5 * x3) - 3) - ((x7 * x3) * ((x5 * x3) - 3)))","(((degree_of_malignancy * inv_nodes) - 3) - ((breast_quad * inv_nodes) * ((degree_of_malignancy * inv_nodes) - 3)))"
27,505,31,81.967213,0.352941,15,"(((x5 * x3) - 3) - ((x7 * x3) * ((x3 * x3) - 3)))","(((degree_of_malignancy * inv_nodes) - 3) - ((breast_quad * inv_nodes) * ((inv_nodes * inv_nodes) - 3)))"
27,505,32,81.967213,0.352941,15,"(((x5 * x3) - 3) - ((x7 * x3) * ((x5 * x3) - 3)))","(((degree_of_malignancy * inv_nodes) - 3) - ((breast_quad * inv_nodes) * ((degree_of_malignancy * inv_nodes) - 3)))"
27,505,33,81.967213,0.352941,15,"(((x5 * x3) - 3) - ((x7 * x3) * ((x5 * x3) - 3)))","(((degree_of_malignancy * inv_nodes) - 3) - ((breast_quad * inv_nodes) * ((degree_of_malignancy * inv_nodes) - 3)))"
27,505,34,81.967213,0.352941,15,"(((x5 * x3) - 3) - ((x7 * x3) * ((x3 + x3) - 3)))","(((degree_of_malignancy * inv_nodes) - 3) - ((breast_quad * inv_nodes) * ((inv_nodes + inv_nodes) - 3)))"
27,505,35,81.967213,0.352941,15,"(((x5 * x3) - 3) - ((x7 * x3) * ((x5 * x3) - 3)))","(((degree_of_malignancy * inv_nodes) - 3) - ((breast_quad * inv_nodes) * ((degree_of_malignancy * inv_nodes) - 3)))"
27,505,36,81.967213,0.352941,15,"(((x5 * x3) - 3) - ((x7 * x3) * ((x3 * x3) - x5)))","(((degree_of_malignancy * inv_nodes) - 3) - ((breast_quad * inv_nodes) * ((inv_nodes * inv_nodes) - degree_of_malignancy)))"
27,505,37,81.967213,0.352941,15,"(((x5 * x3) - 3) - ((x7 * x3) * ((x3 + x3) - 3)))","(((degree_of_malignancy * inv_nodes) - 3) - ((breast_quad * inv_nodes) * ((inv_nodes + inv_nodes) - 3)))"
27,505,38,81.967213,0.352941,15,"(((x3 * x5) - 3) - ((x7 * x3) * ((x3 * x3) - 3)))","(((inv_nodes * degree_of_malignancy) - 3) - ((breast_quad * inv_nodes) * ((inv_nodes * inv_nodes) - 3)))"
27,505,39,81.967213,0.352941,15,"(((x3 * x5) - 3) - ((x7 * x3) * ((x5 * x3) - 3)))","(((inv_nodes * degree_of_malignancy) - 3) - ((breast_quad * inv_nodes) * ((degree_of_malignancy * inv_nodes) - 3)))"
27,505,40,81.967213,0.352941,15,"(((x5 * x3) - 3) - ((x7 * x3) * ((x3 * x3) - x5)))","(((degree_of_malignancy * inv_nodes) - 3) - ((breast_quad * inv_nodes) * ((inv_nodes * inv_nodes) - degree_of_malignancy)))"
27,505,41,81.967213,0.352941,15,"(((x3 * x5) - 3) - ((x7 * x3) * ((x5 * x3) - 3)))","(((inv_nodes * degree_of_malignancy) - 3) - ((breast_quad * inv_nodes) * ((degree_of_malignancy * inv_nodes) - 3)))"
27,505,42,81.967213,0.352941,15,"(((x5 * x3) - 3) - ((x7 * x3) * ((x3 * x3) - 3)))","(((degree_of_malignancy * inv_nodes) - 3) - ((breast_quad * inv_nodes) * ((inv_nodes * inv_nodes) - 3)))"
27,505,43,81.967213,0.352941,15,"(((x5 * x3) - 3) - ((x7 * x3) * ((x5 * x3) - 3)))","(((degree_of_malignancy * inv_nodes) - 3) - ((breast_quad * inv_nodes) * ((degree_of_malignancy * inv_nodes) - 3)))"
27,505,44,81.967213,0.352941,15,"(((x5 * x3) - 3) - ((x7 * x3) * ((x3 * x3) - x5)))","(((degree_of_malignancy * inv_nodes) - 3) - ((breast_quad * inv_nodes) * ((inv_nodes * inv_nodes) - degree_of_malignancy)))"
27,505,45,81.967213,0.352941,15,"(((x5 * x3) - 3) - ((x7 * x3) * ((x3 * x3) - 3)))","(((degree_of_malignancy * inv_nodes) - 3) - ((breast_quad * inv_nodes) * ((inv_nodes * inv_nodes) - 3)))"
27,505,46,81.967213,0.352941,15,"(((x5 * x3) - 3) - ((x7 * x3) * ((x3 * x5) - 3)))","(((degree_of_malignancy * inv_nodes) - 3) - ((breast_quad * inv_nodes) * ((inv_nodes * degree_of_malignancy) - 3)))"
27,505,47,81.967213,0.352941,15,"(((x3 * x5) - 3) - ((x7 * x3) * ((x3 * x3) - 3)))","(((inv_nodes * degree_of_malignancy) - 3) - ((breast_quad * inv_nodes) * ((inv_nodes * inv_nodes) - 3)))"
27,505,48,81.967213,0.352941,15,"(((x3 * x5) - 3) - ((x7 * x3) * ((x5 * x3) - 3)))","(((inv_nodes * degree_of_malignancy) - 3) - ((breast_quad * inv_nodes) * ((degree_of_malignancy * inv_nodes) - 3)))"
27,505,49,81.967213,0.352941,15,"(((x5 * x3) - 3) - ((x7 * x3) * ((x3 * x3) - x5)))","(((degree_of_malignancy * inv_nodes) - 3) - ((breast_quad * inv_nodes) * ((inv_nodes * inv_nodes) - degree_of_malignancy)))"
27,505,50,81.967213,0.352941,15,"(((x5 * x3) - 3) - ((x7 * x3) * ((x3 * x3) - 3)))","(((degree_of_malignancy * inv_nodes) - 3) - ((breast_quad * inv_nodes) * ((inv_nodes * inv_nodes) - 3)))"
27,505,51,81.967213,0.352941,15,"(((x5 * x3) - 3) - ((x7 * x3) * ((x3 * x5) - 3)))","(((degree_of_malignancy * inv_nodes) - 3) - ((breast_quad * inv_nodes) * ((inv_nodes * degree_of_malignancy) - 3)))"
27,505,52,81.967213,0.352941,15,"(((x5 * x3) - 3) - ((x7 * x3) * ((x3 * x3) - 3)))","(((degree_of_malignancy * inv_nodes) - 3) - ((breast_quad * inv_nodes) * ((inv_nodes * inv_nodes) - 3)))"
27,505,53,81.967213,0.352941,15,"(((x5 * x3) - 3) - ((x7 * x3) * ((x3 * x3) - x5)))","(((degree_of_malignancy * inv_nodes) - 3) - ((breast_quad * inv_nodes) * ((inv_nodes * inv_nodes) - degree_of_malignancy)))"
27,505,54,81.967213,0.352941,15,"(((x5 * x3) - 3) - ((x7 * x3) * ((x3 * x5) - 3)))","(((degree_of_malignancy * inv_nodes) - 3) - ((breast_quad * inv_nodes) * ((inv_nodes * degree_of_malignancy) - 3)))"
27,505,55,81.967213,0.352941,15,"(((x5 * x3) - 3) - ((x7 * x3) * ((x5 * x3) - 3)))","(((degree_of_malignancy * inv_nodes) - 3) - ((breast_quad * inv_nodes) * ((degree_of_malignancy * inv_nodes) - 3)))"
27,505,56,81.967213,0.352941,15,"(((x5 * x3) - 3) - ((x7 * x3) * ((x3 * x3) - 3)))","(((degree_of_malignancy * inv_nodes) - 3) - ((breast_quad * inv_nodes) * ((inv_nodes * inv_nodes) - 3)))"
27,505,57,81.967213,0.352941,15,"(((x5 * x3) - 3) - ((x7 * x3) * ((x5 * x3) - 3)))","(((degree_of_malignancy * inv_nodes) - 3) - ((breast_quad * inv_nodes) * ((degree_of_malignancy * inv_nodes) - 3)))"
27,505,58,81.967213,0.352941,15,"(((x5 * x3) - 3) - ((x7 * x3) * ((x5 * x3) - 3)))","(((degree_of_malignancy * inv_nodes) - 3) - ((breast_quad * inv_nodes) * ((degree_of_malignancy * inv_nodes) - 3)))"
27,505,59,81.967213,0.352941,15,"(((x5 * x3) - 3) - ((x7 * x3) * ((x3 * x3) - x5)))","(((degree_of_malignancy * inv_nodes) - 3) - ((breast_quad * inv_nodes) * ((inv_nodes * inv_nodes) - degree_of_malignancy)))"
27,505,60,81.967213,0.352941,15,"(((x5 * x3) - 3) - ((x7 * x3) * ((x5 * x3) - 3)))","(((degree_of_malignancy * inv_nodes) - 3) - ((breast_quad * inv_nodes) * ((degree_of_malignancy * inv_nodes) - 3)))"
27,505,61,81.967213,0.352941,15,"(((x5 * x3) - 3) - ((x7 * x3) * ((x5 * x3) - 3)))","(((degree_of_malignancy * inv_nodes) - 3) - ((breast_quad * inv_nodes) * ((degree_of_malignancy * inv_nodes) - 3)))"
27,505,62,81.967213,0.352941,15,"(((x5 * x3) - 3) - ((x7 * x3) * ((x3 * x5) - 3)))","(((degree_of_malignancy * inv_nodes) - 3) - ((breast_quad * inv_nodes) * ((inv_nodes * degree_of_malignancy) - 3)))"
27,505,63,81.967213,0.352941,15,"(((x5 * x3) - 3) - ((x7 * x3) * ((x3 + x3) - 3)))","(((degree_of_malignancy * inv_nodes) - 3) - ((breast_quad * inv_nodes) * ((inv_nodes + inv_nodes) - 3)))"
27,505,64,81.967213,0.352941,15,"(((x5 * x3) - 3) - ((x7 * x3) * ((x3 * x3) - 3)))","(((degree_of_malignancy * inv_nodes) - 3) - ((breast_quad * inv_nodes) * ((inv_nodes * inv_nodes) - 3)))"
27,505,65,81.967213,0.352941,15,"(((x5 * x3) - 3) - ((x7 * x3) * ((x5 * x3) - 3)))","(((degree_of_malignancy * inv_nodes) - 3) - ((breast_quad * inv_nodes) * ((degree_of_malignancy * inv_nodes) - 3)))"
27,505,66,81.967213,0.352941,15,"(((x5 * x3) - 3) - ((x7 * x3) * ((x3 * x3) - 3)))","(((degree_of_malignancy * inv_nodes) - 3) - ((breast_quad * inv_nodes) * ((inv_nodes * inv_nodes) - 3)))"
27,505,67,81.967213,0.352941,15,"(((x5 * x3) - 3) - ((x7 * x3) * ((x5 * x3) - 3)))","(((degree_of_malignancy * inv_nodes) - 3) - ((breast_quad * inv_nodes) * ((degree_of_malignancy * inv_nodes) - 3)))"
27,505,68,81.967213,0.352941,15,"(((x5 * x3) - 3) - ((x7 * x3) * ((x3 + x3) - 3)))","(((degree_of_malignancy * inv_nodes) - 3) - ((breast_quad * inv_nodes) * ((inv_nodes + inv_nodes) - 3)))"
27,505,69,81.967213,0.352941,15,"(((x5 * x3) - 3) - ((x7 * x3) * ((x3 * x3) - 3)))","(((degree_of_malignancy * inv_nodes) - 3) - ((breast_quad * inv_nodes) * ((inv_nodes * inv_nodes) - 3)))"
27,505,70,81.967213,0.352941,15,"(((x5 * x3) - 3) - ((x7 * x3) * ((x3 * x3) - 3)))","(((degree_of_malignancy * inv_nodes) - 3) - ((breast_quad * inv_nodes) * ((inv_nodes * inv_nodes) - 3)))"
27,505,71,81.967213,0.352941,15,"(((x5 * x3) - 3) - ((x7 * x3) * ((x5 * x3) - 3)))","(((degree_of_malignancy * inv_nodes) - 3) - ((breast_quad * inv_nodes) * ((degree_of_malignancy * inv_nodes) - 3)))"
27,505,72,81.967213,0.352941,15,"(((x5 * x3) - 3) - ((x7 * x3) * ((x3 * x3) - 3)))","(((degree_of_malignancy * inv_nodes) - 3) - ((breast_quad * inv_nodes) * ((inv_nodes * inv_nodes) - 3)))"
27,505,73,81.967213,0.352941,15,"(((x5 * x3) - 3) - ((x7 * x3) * ((x3 * x3) - x5)))","(((degree_of_malignancy * inv_nodes) - 3) - ((breast_quad * inv_nodes) * ((inv_nodes * inv_nodes) - degree_of_malignancy)))"
27,505,74,81.967213,0.352941,15,"(((x5 * x3) - 3) - ((x7 * x3) * ((x3 * x3) - 3)))","(((degree_of_malignancy * inv_nodes) - 3) - ((breast_quad * inv_nodes) * ((inv_nodes * inv_nodes) - 3)))"
27,505,75,81.967213,0.352941,15,"(((x5 * x3) - 3) - ((x7 * x3) * ((x3 * x3) - 3)))","(((degree_of_malignancy * inv_nodes) - 3) - ((breast_quad * inv_nodes) * ((inv_nodes * inv_nodes) - 3)))"
27,505,76,81.967213,0.352941,15,"(((x5 * x3) - 3) - ((x7 * x3) * ((x3 * x3) - 3)))","(((degree_of_malignancy * inv_nodes) - 3) - ((breast_quad * inv_nodes) * ((inv_nodes * inv_nodes) - 3)))"
27,505,77,81.967213,0.352941,15,"(((x5 * x3) - 3) - ((x7 * x3) * ((x5 * x3) - 3)))","(((degree_of_malignancy * inv_nodes) - 3) - ((breast_quad * inv_nodes) * ((degree_of_malignancy * inv_nodes) - 3)))"
27,505,78,81.967213,0.352941,15,"(((x5 * x3) - 3) - ((x7 * x3) * ((x3 * x3) - 3)))","(((degree_of_malignancy * inv_nodes) - 3) - ((breast_quad * inv_nodes) * ((inv_nodes * inv_nodes) - 3)))"
27,505,79,81.967213,0.352941,15,"(((x5 * x3) - 3) - ((x7 * x3) * ((x3 * x3) - 3)))","(((degree_of_malignancy * inv_nodes) - 3) - ((breast_quad * inv_nodes) * ((inv_nodes * inv_nodes) - 3)))"
27,505,80,81.967213,0.352941,15,"(((x5 * x3) - 3) - ((x7 * x3) * ((x3 * x3) - x5)))","(((degree_of_malignancy * inv_nodes) - 3) - ((breast_quad * inv_nodes) * ((inv_nodes * inv_nodes) - degree_of_malignancy)))"
27,505,81,81.967213,0.352941,15,"(((x5 * x3) - 3) - ((x7 * x3) * ((x3 * x3) - 3)))","(((degree_of_malignancy * inv_nodes) - 3) - ((breast_quad * inv_nodes) * ((inv_nodes * inv_nodes) - 3)))"
27,505,82,81.967213,0.352941,15,"(((x5 * x3) - 3) - ((x7 * x3) * ((x3 + x3) - 3)))","(((degree_of_malignancy * inv_nodes) - 3) - ((breast_quad * inv_nodes) * ((inv_nodes + inv_nodes) - 3)))"
27,505,83,81.967213,0.352941,15,"(((x5 * x3) - 3) - ((x7 * x3) * ((x3 * x5) - 3)))","(((degree_of_malignancy * inv_nodes) - 3) - ((breast_quad * inv_nodes) * ((inv_nodes * degree_of_malignancy) - 3)))"
27,505,84,81.967213,0.352941,15,"(((x5 * x3) - 3) - ((x7 * x3) * ((x3 * x5) - 3)))","(((degree_of_malignancy * inv_nodes) - 3) - ((breast_quad * inv_nodes) * ((inv_nodes * degree_of_malignancy) - 3)))"
27,505,85,81.967213,0.352941,15,"(((x5 * x3) - 3) - ((x7 * x3) * ((x3 * x5) - 3)))","(((degree_of_malignancy * inv_nodes) - 3) - ((breast_quad * inv_nodes) * ((inv_nodes * degree_of_malignancy) - 3)))"
27,505,86,81.967213,0.352941,15,"(((x5 * x3) - 3) - ((x7 * x3) * ((x3 * x3) - 3)))","(((degree_of_malignancy * inv_nodes) - 3) - ((breast_quad * inv_nodes) * ((inv_nodes * inv_nodes) - 3)))"
27,505,87,81.967213,0.352941,15,"(((x5 * x3) - 3) - ((x7 * x3) * ((x3 * x5) - 3)))","(((degree_of_malignancy * inv_nodes) - 3) - ((breast_quad * inv_nodes) * ((inv_nodes * degree_of_malignancy) - 3)))"
27,505,88,81.967213,0.352941,15,"(((x5 * x3) - 3) - ((x7 * x3) * ((x3 * x3) - x5)))","(((degree_of_malignancy * inv_nodes) - 3) - ((breast_quad * inv_nodes) * ((inv_nodes * inv_nodes) - degree_of_malignancy)))"
27,505,89,81.967213,0.352941,15,"(((x5 * x3) - 3) - ((x7 * x3) * ((x5 * x3) - 3)))","(((degree_of_malignancy * inv_nodes) - 3) - ((breast_quad * inv_nodes) * ((degree_of_malignancy * inv_nodes) - 3)))"
27,505,90,81.967213,0.352941,15,"(((x5 * x3) - 3) - ((x7 * x3) * ((x3 * x3) - x5)))","(((degree_of_malignancy * inv_nodes) - 3) - ((breast_quad * inv_nodes) * ((inv_nodes * inv_nodes) - degree_of_malignancy)))"
27,505,91,81.967213,0.352941,15,"(((x5 * x3) - 3) - ((x7 * x3) * ((x3 + x3) - 3)))","(((degree_of_malignancy * inv_nodes) - 3) - ((breast_quad * inv_nodes) * ((inv_nodes + inv_nodes) - 3)))"
27,505,92,81.967213,0.352941,15,"(((x5 * x3) - 3) - ((x7 * x3) * ((x3 * x3) - x5)))","(((degree_of_malignancy * inv_nodes) - 3) - ((breast_quad * inv_nodes) * ((inv_nodes * inv_nodes) - degree_of_malignancy)))"
27,505,93,81.967213,0.352941,15,"(((x5 * x3) - 3) - ((x7 * x3) * ((x5 * x3) - 3)))","(((degree_of_malignancy * inv_nodes) - 3) - ((breast_quad * inv_nodes) * ((degree_of_malignancy * inv_nodes) - 3)))"
27,505,94,81.967213,0.352941,15,"(((x5 * x3) - 3) - ((x7 * x3) * ((x3 * x3) - x5)))","(((degree_of_malignancy * inv_nodes) - 3) - ((breast_quad * inv_nodes) * ((inv_nodes * inv_nodes) - degree_of_malignancy)))"
27,505,95,81.967213,0.352941,15,"(((x5 * x3) - 3) - ((x7 * x3) * ((x3 + x3) - 3)))","(((degree_of_malignancy * inv_nodes) - 3) - ((breast_quad * inv_nodes) * ((inv_nodes + inv_nodes) - 3)))"
27,505,96,81.967213,0.352941,15,"(((x5 * x3) - 3) - ((x7 * x3) * ((x3 * x3) - x5)))","(((degree_of_malignancy * inv_nodes) - 3) - ((breast_quad * inv_nodes) * ((inv_nodes * inv_nodes) - degree_of_malignancy)))"
27,505,97,81.967213,0.352941,15,"(((x5 * x3) - 3) - ((x7 * x3) * ((x3 * x3) - 3)))","(((degree_of_malignancy * inv_nodes) - 3) - ((breast_quad * inv_nodes) * ((inv_nodes * inv_nodes) - 3)))"
27,505,98,81.967213,0.352941,15,"(((x5 * x3) - 3) - ((x7 * x3) * ((x5 * x3) - 3)))","(((degree_of_malignancy * inv_nodes) - 3) - ((breast_quad * inv_nodes) * ((degree_of_malignancy * inv_nodes) - 3)))"
27,505,99,81.967213,0.352941,15,"(((x5 * x3) - 3) - ((x7 * x3) * ((x5 * x3) - 3)))","(((degree_of_malignancy * inv_nodes) - 3) - ((breast_quad * inv_nodes) * ((degree_of_malignancy * inv_nodes) - 3)))"
27,505,100,81.967213,0.352941,15,"(((x5 * x3) - 3) - ((x7 * x3) * ((x5 * x3) - 3)))","(((degree_of_malignancy * inv_nodes) - 3) - ((breast_quad * inv_nodes) * ((degree_of_malignancy * inv_nodes) - 3)))"
28,506,1,78.688525,0.000000,3,"(x1 - 9)","(menopause - 9)"
28,506,2,79.234973,0.095238,3,"(x8 - x5)","(irradiat - degree_of_malignancy)"
28,506,3,79.234973,0.095238,3,"(x8 - x5)","(irradiat - degree_of_malignancy)"
28,506,4,79.234973,0.095238,3,"(x8 - x5)","(irradiat - degree_of_malignancy)"
28,506,5,79.234973,0.095238,3,"(x8 - x5)","(irradiat - degree_of_malignancy)"
28,506,6,79.234973,0.095238,3,"(x8 - x5)","(irradiat - degree_of_malignancy)"
28,506,7,79.234973,0.095238,3,"(x8 - x5)","(irradiat - degree_of_malignancy)"
28,506,8,79.234973,0.095238,3,"(x8 - x5)","(irradiat - degree_of_malignancy)"
28,506,9,79.234973,0.095238,3,"(x8 - x5)","(irradiat - degree_of_malignancy)"
28,506,10,79.234973,0.095238,3,"(x8 - x5)","(irradiat - degree_of_malignancy)"
28,506,11,79.234973,0.095238,3,"(x8 - x5)","(irradiat - degree_of_malignancy)"
28,506,12,79.234973,0.095238,3,"(x8 - x5)","(irradiat - degree_of_malignancy)"
28,506,13,79.234973,0.095238,3,"(x8 - x5)","(irradiat - degree_of_malignancy)"
28,506,14,79.234973,0.095238,3,"(x8 - x5)","(irradiat - degree_of_malignancy)"
28,506,15,79.234973,0.095238,3,"(x8 - x5)","(irradiat - degree_of_malignancy)"
28,506,16,79.234973,0.095238,3,"(x8 - x5)","(irradiat - degree_of_malignancy)"
28,506,17,79.234973,0.095238,3,"(x8 - x5)","(irradiat - degree_of_malignancy)"
28,506,18,79.234973,0.095238,3,"(x8 - x5)","(irradiat - degree_of_malignancy)"
28,506,19,79.234973,0.095238,3,"(x8 - x5)","(irradiat - degree_of_malignancy)"
28,506,20,79.234973,0.095238,3,"(x8 - x5)","(irradiat - degree_of_malignancy)"
28,506,21,79.234973,0.095238,3,"(x8 - x5)","(irradiat - degree_of_malignancy)"
28,506,22,79.234973,0.095238,3,"(x8 - x5)","(irradiat - degree_of_malignancy)"
28,506,23,79.234973,0.095238,3,"(x8 - x5)","(irradiat - degree_of_malignancy)"
28,506,24,79.234973,0.095238,3,"(x8 - x5)","(irradiat - degree_of_malignancy)"
28,506,25,79.234973,0.095238,3,"(x8 - x5)","(irradiat - degree_of_malignancy)"
28,506,26,79.234973,0.095238,3,"(x8 - x5)","(irradiat - degree_of_malignancy)"
28,506,27,79.234973,0.095238,3,"(x8 - x5)","(irradiat - degree_of_malignancy)"
28,506,28,79.234973,0.095238,3,"(x8 - x5)","(irradiat - degree_of_malignancy)"
28,506,29,79.234973,0.095238,3,"(x8 - x5)","(irradiat - degree_of_malignancy)"
28,506,30,79.234973,0.095238,3,"(x8 - x5)","(irradiat - degree_of_malignancy)"
28,506,31,79.234973,0.095238,3,"(x8 - x5)","(irradiat - degree_of_malignancy)"
28,506,32,79.234973,0.095238,3,"(x8 - x5)","(irradiat - degree_of_malignancy)"
28,506,33,79.234973,0.095238,3,"(x8 - x5)","(irradiat - degree_of_malignancy)"
28,506,34,79.234973,0.095238,3,"(x8 - x5)","(irradiat - degree_of_malignancy)"
28,506,35,79.234973,0.095238,3,"(x8 - x5)","(irradiat - degree_of_malignancy)"
28,506,36,79.234973,0.095238,3,"(x8 - x5)","(irradiat - degree_of_malignancy)"
28,506,37,79.234973,0.095238,3,"(x8 - x5)","(irradiat - degree_of_malignancy)"
28,506,38,79.234973,0.095238,3,"(x8 - x5)","(irradiat - degree_of_malignancy)"
28,506,39,79.234973,0.095238,3,"(x8 - x5)","(irradiat - degree_of_malignancy)"
28,506,40,79.234973,0.095238,3,"(x8 - x5)","(irradiat - degree_of_malignancy)"
28,506,41,79.234973,0.095238,3,"(x8 - x5)","(irradiat - degree_of_malignancy)"
28,506,42,79.234973,0.095238,3,"(x8 - x5)","(irradiat - degree_of_malignancy)"
28,506,43,79.234973,0.095238,3,"(x8 - x5)","(irradiat - degree_of_malignancy)"
28,506,44,79.234973,0.095238,3,"(x8 - x5)","(irradiat - degree_of_malignancy)"
28,506,45,79.234973,0.095238,3,"(x8 - x5)","(irradiat - degree_of_malignancy)"
28,506,46,79.234973,0.095238,3,"(x8 - x5)","(irradiat - degree_of_malignancy)"
28,506,47,79.234973,0.095238,3,"(x8 - x5)","(irradiat - degree_of_malignancy)"
28,506,48,79.234973,0.095238,3,"(x8 - x5)","(irradiat - degree_of_malignancy)"
28,506,49,79.234973,0.095238,3,"(x8 - x5)","(irradiat - degree_of_malignancy)"
28,506,50,79.234973,0.095238,3,"(x8 - x5)","(irradiat - degree_of_malignancy)"
28,506,51,79.234973,0.095238,3,"(x8 - x5)","(irradiat - degree_of_malignancy)"
28,506,52,79.234973,0.095238,3,"(x8 - x5)","(irradiat - degree_of_malignancy)"
28,506,53,79.234973,0.095238,3,"(x8 - x5)","(irradiat - degree_of_malignancy)"
28,506,54,79.234973,0.095238,3,"(x8 - x5)","(irradiat - degree_of_malignancy)"
28,506,55,79.234973,0.095238,3,"(x8 - x5)","(irradiat - degree_of_malignancy)"
28,506,56,79.234973,0.095238,3,"(x8 - x5)","(irradiat - degree_of_malignancy)"
28,506,57,79.234973,0.095238,3,"(x8 - x5)","(irradiat - degree_of_malignancy)"
28,506,58,79.234973,0.095238,3,"(x8 - x5)","(irradiat - degree_of_malignancy)"
28,506,59,79.234973,0.095238,3,"(x8 - x5)","(irradiat - degree_of_malignancy)"
28,506,60,79.234973,0.095238,3,"(x8 - x5)","(irradiat - degree_of_malignancy)"
28,506,61,79.234973,0.095238,3,"(x8 - x5)","(irradiat - degree_of_malignancy)"
28,506,62,79.234973,0.095238,3,"(x8 - x5)","(irradiat - degree_of_malignancy)"
28,506,63,79.234973,0.095238,3,"(x8 - x5)","(irradiat - degree_of_malignancy)"
28,506,64,79.234973,0.095238,3,"(x8 - x5)","(irradiat - degree_of_malignancy)"
28,506,65,79.234973,0.095238,3,"(x8 - x5)","(irradiat - degree_of_malignancy)"
28,506,66,79.234973,0.095238,3,"(x8 - x5)","(irradiat - degree_of_malignancy)"
28,506,67,79.234973,0.095238,3,"(x8 - x5)","(irradiat - degree_of_malignancy)"
28,506,68,79.234973,0.095238,3,"(x8 - x5)","(irradiat - degree_of_malignancy)"
28,506,69,79.234973,0.095238,3,"(x8 - x5)","(irradiat - degree_of_malignancy)"
28,506,70,79.234973,0.095238,3,"(x8 - x5)","(irradiat - degree_of_malignancy)"
28,506,71,79.234973,0.095238,3,"(x8 - x5)","(irradiat - degree_of_malignancy)"
28,506,72,79.234973,0.095238,3,"(x8 - x5)","(irradiat - degree_of_malignancy)"
28,506,73,79.234973,0.095238,3,"(x8 - x5)","(irradiat - degree_of_malignancy)"
28,506,74,79.234973,0.095238,3,"(x8 - x5)","(irradiat - degree_of_malignancy)"
28,506,75,79.234973,0.095238,3,"(x8 - x5)","(irradiat - degree_of_malignancy)"
28,506,76,79.234973,0.095238,3,"(x8 - x5)","(irradiat - degree_of_malignancy)"
28,506,77,79.234973,0.095238,3,"(x8 - x5)","(irradiat - degree_of_malignancy)"
28,506,78,79.234973,0.095238,3,"(x8 - x5)","(irradiat - degree_of_malignancy)"
28,506,79,79.234973,0.095238,3,"(x8 - x5)","(irradiat - degree_of_malignancy)"
28,506,80,79.234973,0.095238,3,"(x8 - x5)","(irradiat - degree_of_malignancy)"
28,506,81,79.234973,0.095238,3,"(x8 - x5)","(irradiat - degree_of_malignancy)"
28,506,82,79.234973,0.095238,3,"(x8 - x5)","(irradiat - degree_of_malignancy)"
28,506,83,79.234973,0.095238,3,"(x8 - x5)","(irradiat - degree_of_malignancy)"
28,506,84,79.234973,0.095238,3,"(x8 - x5)","(irradiat - degree_of_malignancy)"
28,506,85,79.234973,0.344828,5,"((x8 * x5) - x5)","((irradiat * degree_of_malignancy) - degree_of_malignancy)"
28,506,86,79.234973,0.344828,5,"((x8 * x5) - x5)","((irradiat * degree_of_malignancy) - degree_of_malignancy)"
28,506,87,79.234973,0.344828,5,"((x8 * x5) - x5)","((irradiat * degree_of_malignancy) - degree_of_malignancy)"
28,506,88,79.234973,0.344828,5,"((x8 * x5) - x5)","((irradiat * degree_of_malignancy) - degree_of_malignancy)"
28,506,89,79.234973,0.344828,5,"((x8 * x5) - x5)","((irradiat * degree_of_malignancy) - degree_of_malignancy)"
28,506,90,79.234973,0.344828,5,"((x8 * x5) - x5)","((irradiat * degree_of_malignancy) - degree_of_malignancy)"
28,506,91,79.234973,0.344828,5,"((x8 * x5) - x5)","((irradiat * degree_of_malignancy) - degree_of_malignancy)"
28,506,92,79.234973,0.344828,5,"((x8 * x5) - x5)","((irradiat * degree_of_malignancy) - degree_of_malignancy)"
28,506,93,79.234973,0.344828,5,"((x8 * x5) - x5)","((irradiat * degree_of_malignancy) - degree_of_malignancy)"
28,506,94,79.234973,0.344828,5,"((x8 * x5) - x5)","((irradiat * degree_of_malignancy) - degree_of_malignancy)"
28,506,95,79.234973,0.344828,5,"((x8 * x5) - x5)","((irradiat * degree_of_malignancy) - degree_of_malignancy)"
28,506,96,79.234973,0.344828,5,"((x8 * x5) - x5)","((irradiat * degree_of_malignancy) - degree_of_malignancy)"
28,506,97,79.234973,0.344828,5,"((x8 * x5) - x5)","((irradiat * degree_of_malignancy) - degree_of_malignancy)"
28,506,98,79.234973,0.344828,5,"((x8 * x5) - x5)","((irradiat * degree_of_malignancy) - degree_of_malignancy)"
28,506,99,79.234973,0.344828,5,"((x8 * x5) - x5)","((irradiat * degree_of_malignancy) - degree_of_malignancy)"
28,506,100,79.234973,0.344828,5,"((x8 * x5) - x5)","((irradiat * degree_of_malignancy) - degree_of_malignancy)"
29,507,1,78.688525,0.000000,3,"(x6 - 3)","(breast - 3)"
29,507,2,79.234973,0.344828,7,"((x8 + 8) - (6 + 3))","((irradiat + 8) - (6 + 3))"
29,507,3,79.234973,0.344828,5,"((x8 + 3) - 4)","((irradiat + 3) - 4)"
29,507,4,79.234973,0.344828,5,"((x8 + 3) - 4)","((irradiat + 3) - 4)"
29,507,5,79.234973,0.344828,5,"((x8 + 3) - 4)","((irradiat + 3) - 4)"
29,507,6,79.781421,0.097561,5,"(x3 - (x8 + 3))","(inv_nodes - (irradiat + 3))"
29,507,7,79.781421,0.097561,5,"(x3 - (x8 + 3))","(inv_nodes - (irradiat + 3))"
29,507,8,79.781421,0.097561,5,"(x3 - (x8 + 3))","(inv_nodes - (irradiat + 3))"
29,507,9,79.781421,0.097561,5,"(x3 - (x8 + 3))","(inv_nodes - (irradiat + 3))"
29,507,10,79.781421,0.097561,5,"(x3 - (x8 + 3))","(inv_nodes - (irradiat + 3))"
29,507,11,79.781421,0.097561,5,"(x3 - (x8 + 3))","(inv_nodes - (irradiat + 3))"
29,507,12,79.781421,0.097561,5,"(x3 - (x8 + 3))","(inv_nodes - (irradiat + 3))"
29,507,13,79.781421,0.097561,5,"(x3 - (x8 + 3))","(inv_nodes - (irradiat + 3))"
29,507,14,79.781421,0.097561,5,"(x3 - (x8 + 3))","(inv_nodes - (irradiat + 3))"
29,507,15,79.781421,0.097561,5,"(x3 - (x8 + 3))","(inv_nodes - (irradiat + 3))"
29,507,16,79.781421,0.097561,5,"(x3 - (x8 + 3))","(inv_nodes - (irradiat + 3))"
29,507,17,79.781421,0.097561,5,"(x3 - (x8 + 3))","(inv_nodes - (irradiat + 3))"
29,507,18,79.781421,0.097561,5,"(x3 - (x8 + 3))","(inv_nodes - (irradiat + 3))"
29,507,19,79.781421,0.097561,5,"(x3 - (x8 + 3))","(inv_nodes - (irradiat + 3))"
29,507,20,79.781421,0.097561,5,"(x3 - (x8 + 3))","(inv_nodes - (irradiat + 3))"
29,507,21,79.781421,0.097561,5,"(x3 - (x8 + 3))","(inv_nodes - (irradiat + 3))"
29,507,22,79.781421,0.097561,5,"(x3 - (x8 + 3))","(inv_nodes - (irradiat + 3))"
29,507,23,79.781421,0.097561,5,"(x3 - (x8 + 3))","(inv_nodes - (irradiat + 3))"
29,507,24,79.781421,0.097561,5,"(x3 - (x8 + 3))","(inv_nodes - (irradiat + 3))"
29,507,25,79.781421,0.097561,5,"(x3 - (x8 + 3))","(inv_nodes - (irradiat + 3))"
29,507,26,79.781421,0.097561,5,"(x3 - (x8 + 3))","(inv_nodes - (irradiat + 3))"
29,507,27,79.781421,0.097561,5,"(x3 - (x8 + 3))","(inv_nodes - (irradiat + 3))"
29,507,28,79.781421,0.097561,5,"(x3 - (x8 + 3))","(inv_nodes - (irradiat + 3))"
29,507,29,79.781421,0.097561,5,"(x3 - (x8 + 3))","(inv_nodes - (irradiat + 3))"
29,507,30,79.781421,0.097561,5,"(x3 - (x8 + 3))","(inv_nodes - (irradiat + 3))"
29,507,31,79.781421,0.097561,5,"(x3 - (x8 + 3))","(inv_nodes - (irradiat + 3))"
29,507,32,79.781421,0.097561,5,"(x3 - (x8 + 3))","(inv_nodes - (irradiat + 3))"
29,507,33,79.781421,0.097561,5,"(x3 - (x8 + 3))","(inv_nodes - (irradiat + 3))"
29,507,34,79.781421,0.097561,5,"(x3 - (x8 + 3))","(inv_nodes - (irradiat + 3))"
29,507,35,79.781421,0.097561,5,"(x3 - (x8 + 3))","(inv_nodes - (irradiat + 3))"
29,507,36,79.781421,0.097561,5,"(x3 - (x8 + 3))","(inv_nodes - (irradiat + 3))"
29,507,37,79.781421,0.097561,5,"(x3 - (x8 + 3))","(inv_nodes - (irradiat + 3))"
29,507,38,79.781421,0.097561,5,"(x3 - (x8 + 3))","(inv_nodes - (irradiat + 3))"
29,507,39,79.781421,0.097561,5,"(x3 - (x8 + 3))","(inv_nodes - (irradiat + 3))"
29,507,40,79.781421,0.097561,5,"(x3 - (x8 + 3))","(inv_nodes - (irradiat + 3))"
29,507,41,79.781421,0.097561,5,"(x3 - (x8 + 3))","(inv_nodes - (irradiat + 3))"
29,507,42,79.781421,0.097561,5,"(x3 - (x8 + 3))","(inv_nodes - (irradiat + 3))"
29,507,43,79.781421,0.097561,5,"(x3 - (x8 + 3))","(inv_nodes - (irradiat + 3))"
29,507,44,79.781421,0.097561,5,"(x3 - (x8 + 3))","(inv_nodes - (irradiat + 3))"
29,507,45,79.781421,0.097561,5,"(x3 - (x8 + 3))","(inv_nodes - (irradiat + 3))"
29,507,46,79.781421,0.097561,5,"(x3 - (x8 + 3))","(inv_nodes - (irradiat + 3))"
29,507,47,79.781421,0.097561,5,"(x3 - (x8 + 3))","(inv_nodes - (irradiat + 3))"
29,507,48,79.781421,0.097561,5,"(x3 - (x8 + 3))","(inv_nodes - (irradiat + 3))"
29,507,49,79.781421,0.097561,5,"(x3 - (x8 + 3))","(inv_nodes - (irradiat + 3))"
29,507,50,79.781421,0.097561,5,"(x3 - (x8 + 3))","(inv_nodes - (irradiat + 3))"
29,507,51,79.781421,0.097561,5,"(x3 - (x8 + 3))","(inv_nodes - (irradiat + 3))"
29,507,52,79.781421,0.097561,5,"(x3 - (x8 + 3))","(inv_nodes - (irradiat + 3))"
29,507,53,79.781421,0.097561,5,"(x3 - (x8 + 3))","(inv_nodes - (irradiat + 3))"
29,507,54,79.781421,0.097561,5,"(x3 - (x8 + 3))","(inv_nodes - (irradiat + 3))"
29,507,55,79.781421,0.097561,5,"(x3 - (x8 + 3))","(inv_nodes - (irradiat + 3))"
29,507,56,79.781421,0.097561,5,"(x3 - (x8 + 3))","(inv_nodes - (irradiat + 3))"
29,507,57,79.781421,0.097561,5,"(x3 - (x8 + 3))","(inv_nodes - (irradiat + 3))"
29,507,58,79.781421,0.097561,5,"(x3 - (x8 + 3))","(inv_nodes - (irradiat + 3))"
29,507,59,79.781421,0.097561,5,"(x3 - (x8 + 3))","(inv_nodes - (irradiat + 3))"
29,507,60,79.781421,0.097561,5,"(x3 - (x8 + 3))","(inv_nodes - (irradiat + 3))"
29,507,61,79.781421,0.097561,5,"(x3 - (x8 + 3))","(inv_nodes - (irradiat + 3))"
29,507,62,79.781421,0.097561,5,"(x3 - (x8 + 3))","(inv_nodes - (irradiat + 3))"
29,507,63,79.781421,0.097561,5,"(x3 - (x8 + 3))","(inv_nodes - (irradiat + 3))"
29,507,64,79.781421,0.097561,5,"(x3 - (x8 + 3))","(inv_nodes - (irradiat + 3))"
29,507,65,79.781421,0.097561,5,"(x3 - (x8 + 3))","(inv_nodes - (irradiat + 3))"
29,507,66,79.781421,0.097561,5,"(x3 - (x8 + 3))","(inv_nodes - (irradiat + 3))"
29,507,67,79.781421,0.097561,5,"(x3 - (x8 + 3))","(inv_nodes - (irradiat + 3))"
29,507,68,79.781421,0.097561,5,"(x3 - (x8 + 3))","(inv_nodes - (irradiat + 3))"
29,507,69,79.781421,0.097561,5,"(x3 - (x8 + 3))","(inv_nodes - (irradiat + 3))"
29,507,70,79.781421,0.097561,5,"(x3 - (x8 + 3))","(inv_nodes - (irradiat + 3))"
29,507,71,79.781421,0.097561,5,"(x3 - (x8 + 3))","(inv_nodes - (irradiat + 3))"
29,507,72,79.781421,0.097561,5,"(x3 - (x8 + 3))","(inv_nodes - (irradiat + 3))"
29,507,73,79.781421,0.097561,5,"(x3 - (x8 + 3))","(inv_nodes - (irradiat + 3))"
29,507,74,79.781421,0.097561,5,"(x3 - (x8 + 3))","(inv_nodes - (irradiat + 3))"
29,507,75,79.781421,0.097561,5,"(x3 - (x8 + 3))","(inv_nodes - (irradiat + 3))"
29,507,76,79.781421,0.097561,5,"(x3 - (x8 + 3))","(inv_nodes - (irradiat + 3))"
29,507,77,79.781421,0.097561,5,"(x3 - (x8 + 3))","(inv_nodes - (irradiat + 3))"
29,507,78,79.781421,0.097561,5,"(x3 - (x8 + 3))","(inv_nodes - (irradiat + 3))"
29,507,79,79.781421,0.097561,5,"(x3 - (x8 + 3))","(inv_nodes - (irradiat + 3))"
29,507,80,79.781421,0.097561,5,"(x3 - (x8 + 3))","(inv_nodes - (irradiat + 3))"
29,507,81,79.781421,0.097561,5,"(x3 - (x8 + 3))","(inv_nodes - (irradiat + 3))"
29,507,82,79.781421,0.097561,5,"(x3 - (x8 + 3))","(inv_nodes - (irradiat + 3))"
29,507,83,79.781421,0.097561,5,"(x3 - (x8 + 3))","(inv_nodes - (irradiat + 3))"
29,507,84,79.781421,0.097561,5,"(x3 - (x8 + 3))","(inv_nodes - (irradiat + 3))"
29,507,85,79.781421,0.097561,5,"(x3 - (x8 + 3))","(inv_nodes - (irradiat + 3))"
29,507,86,79.781421,0.097561,5,"(x3 - (x8 + 3))","(inv_nodes - (irradiat + 3))"
29,507,87,79.781421,0.097561,5,"(x3 - (x8 + 3))","(inv_nodes - (irradiat + 3))"
29,507,88,79.781421,0.097561,5,"(x3 - (x8 + 3))","(inv_nodes - (irradiat + 3))"
29,507,89,79.781421,0.097561,5,"(x3 - (x8 + 3))","(inv_nodes - (irradiat + 3))"
29,507,90,79.781421,0.097561,5,"(x3 - (x8 + 3))","(inv_nodes - (irradiat + 3))"
29,507,91,79.781421,0.097561,5,"(x3 - (x8 + 3))","(inv_nodes - (irradiat + 3))"
29,507,92,79.781421,0.097561,5,"(x3 - (x8 + 3))","(inv_nodes - (irradiat + 3))"
29,507,93,79.781421,0.097561,5,"(x3 - (x8 + 3))","(inv_nodes - (irradiat + 3))"
29,507,94,79.781421,0.097561,5,"(x3 - (x8 + 3))","(inv_nodes - (irradiat + 3))"
29,507,95,79.781421,0.097561,5,"(x3 - (x8 + 3))","(inv_nodes - (irradiat + 3))"
29,507,96,79.781421,0.097561,5,"(x3 - (x8 + 3))","(inv_nodes - (irradiat + 3))"
29,507,97,79.781421,0.097561,5,"(x3 - (x8 + 3))","(inv_nodes - (irradiat + 3))"
29,507,98,79.781421,0.097561,5,"(x3 - (x8 + 3))","(inv_nodes - (irradiat + 3))"
29,507,99,79.781421,0.097561,5,"(x3 - (x8 + 3))","(inv_nodes - (irradiat + 3))"
29,507,100,79.781421,0.097561,5,"(x3 - (x8 + 3))","(inv_nodes - (irradiat + 3))"
30,508,1,79.234973,0.050000,3,"(x4 - 2)","(node_caps - 2)"
30,508,2,79.234973,0.050000,3,"(x4 - 2)","(node_caps - 2)"
30,508,3,79.234973,0.050000,3,"(x4 - 2)","(node_caps - 2)"
30,508,4,79.234973,0.050000,3,"(x4 - 2)","(node_caps - 2)"
30,508,5,79.234973,0.050000,3,"(x4 - 2)","(node_caps - 2)"
30,508,6,79.234973,0.050000,3,"(x4 - 2)","(node_caps - 2)"
30,508,7,79.234973,0.050000,3,"(x4 - 2)","(node_caps - 2)"
30,508,8,79.234973,0.050000,3,"(x4 - 2)","(node_caps - 2)"
30,508,9,79.234973,0.050000,3,"(x4 - 2)","(node_caps - 2)"
30,508,10,79.234973,0.050000,3,"(x4 - 2)","(node_caps - 2)"
30,508,11,79.234973,0.050000,3,"(x4 - 2)","(node_caps - 2)"
30,508,12,79.234973,0.050000,3,"(x4 - 2)","(node_caps - 2)"
30,508,13,79.234973,0.050000,3,"(x4 - 2)","(node_caps - 2)"
30,508,14,79.234973,0.050000,3,"(x4 - 2)","(node_caps - 2)"
30,508,15,79.234973,0.050000,3,"(x4 - 2)","(node_caps - 2)"
30,508,16,79.234973,0.050000,3,"(x4 - 2)","(node_caps - 2)"
30,508,17,79.234973,0.050000,3,"(x4 - 2)","(node_caps - 2)"
30,508,18,79.234973,0.050000,3,"(x4 - 2)","(node_caps - 2)"
30,508,19,79.234973,0.050000,3,"(x4 - 2)","(node_caps - 2)"
30,508,20,79.234973,0.050000,3,"(x4 - 2)","(node_caps - 2)"
30,508,21,79.234973,0.050000,3,"(x4 - 2)","(node_caps - 2)"
30,508,22,79.234973,0.050000,3,"(x4 - 2)","(node_caps - 2)"
30,508,23,79.234973,0.050000,3,"(x4 - 2)","(node_caps - 2)"
30,508,24,79.234973,0.050000,3,"(x4 - 2)","(node_caps - 2)"
30,508,25,79.234973,0.050000,3,"(x4 - 2)","(node_caps - 2)"
30,508,26,79.234973,0.050000,3,"(x4 - 2)","(node_caps - 2)"
30,508,27,79.234973,0.050000,3,"(x4 - 2)","(node_caps - 2)"
30,508,28,79.234973,0.050000,3,"(x4 - 2)","(node_caps - 2)"
30,508,29,79.234973,0.050000,3,"(x4 - 2)","(node_caps - 2)"
30,508,30,79.234973,0.050000,3,"(x4 - 2)","(node_caps - 2)"
30,508,31,79.234973,0.050000,3,"(x4 - 2)","(node_caps - 2)"
30,508,32,79.234973,0.050000,3,"(x4 - 2)","(node_caps - 2)"
30,508,33,79.234973,0.050000,3,"(x4 - 2)","(node_caps - 2)"
30,508,34,79.234973,0.050000,3,"(x4 - 2)","(node_caps - 2)"
30,508,35,79.234973,0.050000,3,"(x4 - 2)","(node_caps - 2)"
30,508,36,79.234973,0.050000,3,"(x4 - 2)","(node_caps - 2)"
30,508,37,79.234973,0.050000,3,"(x4 - 2)","(node_caps - 2)"
30,508,38,79.234973,0.050000,3,"(x4 - 2)","(node_caps - 2)"
30,508,39,79.234973,0.050000,3,"(x4 - 2)","(node_caps - 2)"
30,508,40,79.234973,0.050000,3,"(x4 - 2)","(node_caps - 2)"
30,508,41,79.234973,0.050000,3,"(x4 - 2)","(node_caps - 2)"
30,508,42,79.234973,0.050000,3,"(x4 - 2)","(node_caps - 2)"
30,508,43,79.234973,0.050000,3,"(x4 - 2)","(node_caps - 2)"
30,508,44,79.234973,0.050000,3,"(x4 - 2)","(node_caps - 2)"
30,508,45,79.234973,0.050000,3,"(x4 - 2)","(node_caps - 2)"
30,508,46,79.234973,0.050000,3,"(x4 - 2)","(node_caps - 2)"
30,508,47,79.234973,0.050000,3,"(x4 - 2)","(node_caps - 2)"
30,508,48,79.234973,0.050000,3,"(x4 - 2)","(node_caps - 2)"
30,508,49,79.234973,0.050000,3,"(x4 - 2)","(node_caps - 2)"
30,508,50,79.234973,0.050000,3,"(x4 - 2)","(node_caps - 2)"
30,508,51,79.234973,0.050000,3,"(x4 - 2)","(node_caps - 2)"
30,508,52,79.234973,0.050000,3,"(x4 - 2)","(node_caps - 2)"
30,508,53,79.234973,0.050000,3,"(x4 - 2)","(node_caps - 2)"
30,508,54,79.234973,0.050000,3,"(x4 - 2)","(node_caps - 2)"
30,508,55,79.234973,0.050000,3,"(x4 - 2)","(node_caps - 2)"
30,508,56,79.234973,0.050000,3,"(x4 - 2)","(node_caps - 2)"
30,508,57,79.234973,0.050000,3,"(x4 - 2)","(node_caps - 2)"
30,508,58,79.234973,0.050000,3,"(x4 - 2)","(node_caps - 2)"
30,508,59,79.234973,0.050000,3,"(x4 - 2)","(node_caps - 2)"
30,508,60,79.234973,0.050000,3,"(x4 - 2)","(node_caps - 2)"
30,508,61,79.234973,0.050000,3,"(x4 - 2)","(node_caps - 2)"
30,508,62,79.234973,0.050000,3,"(x4 - 2)","(node_caps - 2)"
30,508,63,79.234973,0.050000,3,"(x4 - 2)","(node_caps - 2)"
30,508,64,79.234973,0.050000,3,"(x4 - 2)","(node_caps - 2)"
30,508,65,79.234973,0.050000,3,"(x4 - 2)","(node_caps - 2)"
30,508,66,79.234973,0.050000,3,"(x4 - 2)","(node_caps - 2)"
30,508,67,79.234973,0.050000,3,"(x4 - 2)","(node_caps - 2)"
30,508,68,79.234973,0.050000,3,"(x4 - 2)","(node_caps - 2)"
30,508,69,79.234973,0.050000,3,"(x4 - 2)","(node_caps - 2)"
30,508,70,79.234973,0.050000,3,"(x4 - 2)","(node_caps - 2)"
30,508,71,79.234973,0.050000,3,"(x4 - 2)","(node_caps - 2)"
30,508,72,79.234973,0.050000,3,"(x4 - 2)","(node_caps - 2)"
30,508,73,79.234973,0.050000,3,"(x4 - 2)","(node_caps - 2)"
30,508,74,79.234973,0.050000,3,"(x4 - 2)","(node_caps - 2)"
30,508,75,79.234973,0.050000,3,"(x4 - 2)","(node_caps - 2)"
30,508,76,79.234973,0.050000,3,"(x4 - 2)","(node_caps - 2)"
30,508,77,79.234973,0.050000,3,"(x4 - 2)","(node_caps - 2)"
30,508,78,79.234973,0.050000,3,"(x4 - 2)","(node_caps - 2)"
30,508,79,79.234973,0.050000,3,"(x4 - 2)","(node_caps - 2)"
30,508,80,79.234973,0.050000,3,"(x4 - 2)","(node_caps - 2)"
30,508,81,79.234973,0.050000,3,"(x4 - 2)","(node_caps - 2)"
30,508,82,79.234973,0.050000,3,"(x4 - 2)","(node_caps - 2)"
30,508,83,79.234973,0.050000,3,"(x4 - 2)","(node_caps - 2)"
30,508,84,79.234973,0.050000,3,"(x4 - 2)","(node_caps - 2)"
30,508,85,79.234973,0.050000,3,"(x4 - 2)","(node_caps - 2)"
30,508,86,79.234973,0.050000,3,"(x4 - 2)","(node_caps - 2)"
30,508,87,79.234973,0.050000,3,"(x4 - 2)","(node_caps - 2)"
30,508,88,79.234973,0.050000,3,"(x4 - 2)","(node_caps - 2)"
30,508,89,79.234973,0.050000,3,"(x4 - 2)","(node_caps - 2)"
30,508,90,79.234973,0.050000,3,"(x4 - 2)","(node_caps - 2)"
30,508,91,79.234973,0.050000,3,"(x4 - 2)","(node_caps - 2)"
30,508,92,79.234973,0.050000,3,"(x4 - 2)","(node_caps - 2)"
30,508,93,79.234973,0.050000,3,"(x4 - 2)","(node_caps - 2)"
30,508,94,79.234973,0.050000,3,"(x4 - 2)","(node_caps - 2)"
30,508,95,79.234973,0.050000,3,"(x4 - 2)","(node_caps - 2)"
30,508,96,79.234973,0.050000,3,"(x4 - 2)","(node_caps - 2)"
30,508,97,79.234973,0.050000,3,"(x4 - 2)","(node_caps - 2)"
30,508,98,79.234973,0.050000,3,"(x4 - 2)","(node_caps - 2)"
30,508,99,79.234973,0.050000,3,"(x4 - 2)","(node_caps - 2)"
30,508,100,79.234973,0.050000,3,"(x4 - 2)","(node_caps - 2)"
